treatment_id	n_terms_above_5
taxon_a728c78cf5db1f266b1eb159e31f23d427a42af7bf0df7e754ee4ff606209b39	915
taxon_fd90008958c9c9fc08f360727b9ec30c53ef56c12446f62671d7310e3b0c74db	647
taxon_1039d8297c4af56318343f59d550cddc7fffe6161fb391519b18f110cbfd42d5	503
taxon_18343c4f3c58690edb2fcf727f5a3cf06f2e44856c4f1ae6a50f90b4c1df329d	497
taxon_bdf1cb1dbca569a3987f73867d888f4b5eec87f6a64d813ef30769fd3b4022cd	455
taxon_de139ca51b69e40a07509a485806c827ecbba54e865e75d93afc6c8887356b54	455
taxon_429876fa15adba1cce47d43d02883e92cb6de209bac340224f52fa77dca36731	449
taxon_adbb59aeb05968d5c92100f9d5a0bc39ccf0f510960d833c57a7ec3755c8f560	449
taxon_8b3844f0cdcc7dc7e67fdb1360096204a08ac27df70237cabcba54afa3860439	443
taxon_5116d1f9068271aaa80ef8a7b58d2b3c817c24c49f47da091ffa4ec0e906b4fe	439
taxon_9b36f2886cee1b019c293e9e49a2ca9125aa57dfd8f491bd8bfe49b1ff5024ba	428
taxon_2b192d07cb1ca3d71c7bf76755e9401b3838179c0d109dc8e532ada08a3c944f	426
taxon_65aacf3717f3aee189e0e554a2bcd799760098daaab8762454f1fb5834753941	421
taxon_0db5c4140f061bbc67052efed1f890f9ec517fe20a08e23952149dcf5811a8f4	405
taxon_9dbc3344dd3cdcc8166ac7d91b84dce351ebea3aa9bb51886891471765bf3023	405
taxon_edc6828908aa04f7e9286e8d3a9b2d6e5e1c663e9dd199f298201606ad5bc801	403
taxon_cdf5dec93ed18c2665f48d4f50aca8c57c5a6f49820d61194eb8821ca9ec6273	401
taxon_25f858ca062272dddb2165fcc0b31f21e0ad694984b8611e6aac8bf914500544	398
taxon_86e8a2188e58d5ba409b3c6ef5fd207c506883ac9b3111516861ef2c61ae3412	394
taxon_9d8e3a11834b18c4cd06d0668d2de7c8bde959764f86967348311576492a0e63	390
taxon_6d017454e62b8ed5886a4b2dce784f1d959070eda3eac99bff91e093dbe5d0ea	365
taxon_5e1af82b5f8f0485b6670832ec12b7003ac8c869a209f9f8cdb50c6a7943f6ba	357
taxon_3b207b944d619ff3dd4cea8a5569256ed10516777a9ba3fb6d54e926f9fb6eea	340
taxon_58dbe417344903c552f6c13f77034a0a89a9cf5655e6b2124005947250e79f47	337
taxon_68c8b067e3313989fd851d7e0346d23cded133eaa0c4b84ed135ac70e2791273	329
taxon_c900e6993f1e8cfcbd51a0d124d604a3b215f74cff07362901ca4288585feaac	323
taxon_9e79ce2de07d097e4b577124a637ea8a6285d353d81ff8c69b8693442686e12b	317
taxon_db63ecea4d5a5b0329d257a6d6d6c56738500ed49dab40d0372d0956d15dd323	314
taxon_35d61d7990986d5d677a2b3e20c219aef346e3cdeb6ac077b69da2908c336561	313
taxon_3af15cf73dc9f9c51b94138fd6e2e0efe32771059c4204c071a188ab0e1ebf5d	306
taxon_73e3072f72adcc28edc05a21b260719d9942399570b71e8fd0e15e00a0b5aee2	304
taxon_cb8417a36a28b18bd4e57efc519e71211c96be0f495b2658dcf9a7d6620c8fcc	304
taxon_65c9772da7822bd5fce0d43ffed1c37672b08e91c0425d1f914b056ebe55cc87	303
taxon_a9ad0c71d39c3b600b8eccdb34e2ef61e95b180a5b688a9cd994ea215726f93e	303
taxon_07bc0b15824df35cb11c1dae3f62900af75e3e54cfa89e8969dc530b02d22a2b	293
taxon_0ce6314589211a84cbc3bc245af584471dec1e881de1a615649bb6c1d5330ee5	291
taxon_65695d0230e0a7b06c618733324f0e0dc0509d4067121ab2e970b50462a6c71c	290
taxon_81d5a2d6be04c7028eb559129331886cd0846b7ad447efc01392ac3a13fa030f	284
taxon_a816b1f97f3d918d5b0a35db8e01be4d0063c4ff3c7f167dc2b9f9ea243a5a67	282
taxon_b8e443f158480a54558e195a951ca7950d7fc3331ac9ddfc7dfa027cde6ca9e3	280
taxon_66bae43c4cfae21bfb0d3ed945887d45b478dd7bb72b99605f5f67b70d81d690	279
taxon_7950c5c02c0a903a1c7a35e1161656d38a85ebb116ef4441b49732cb206e4d9d	276
taxon_d5d076e7eb822772d013df3478191ceb7f316667c8100809899da91a3cfd43f1	276
taxon_34e76712d78f0ffefbcef88b62f48795415da5e32a4e7164af0f06dd2465a7d6	275
taxon_4d163cf6276cff49a0dd49128d92aca021a1524ac6004ece3997da619172fc47	268
taxon_5f2a8fdeef8fb7611ae93bb6a3e54850b14f4dc958d046f996f0dcbba95da34d	268
taxon_dc0921daf003d51c3d69c9f6ae97a8845003f200f2d5f33cff4e7a57609886de	268
taxon_b2263ab7d621f152755b86757b86a39943429751c3dcffdc5087288cdf6eae0f	263
taxon_827a73f3532a6a33b1c8fcb11463de736c899d2eab1ed3b476a64ef70f9ad451	262
taxon_1e665afafba2636985089272f084f160d8772ccdede6113cf0a8cce11889e4b2	260
taxon_44dd43d15af0bd9d47f84105c2935447d06d79990bb6520ee47cabb9101479b6	260
taxon_0ce8ec955e43673b798853742c887bd648fb400c8eaa92c6baa291768b2db1f4	258
taxon_9cf912e3139dc428177f757ed780467751086cdee7cd29d5ed2edb17ccb317a1	258
taxon_8080360af486c1da80185665d73d667b4c6ab96dd2b7545de7f402d78b3f4d16	257
taxon_56af6d71bd6612de6a7919623bb394f980b2e7c4a3f84632002833cec1fa4166	254
taxon_fa5da582e99f3496ce3220f66da947ad5b1eb56cef909d23c3a5be6834eb3748	252
taxon_440304c81a4e5b14081b6e0af3873eddc4bf5c8bc7bdbfed03c016c9d299b7f1	250
taxon_d5983314ed0f028ea27b0f23b5340b6ccd5a56ec143add5c1226a97e9b87ca56	248
taxon_2beff706353f1819c06ae0f39e088e6eb9a5b648f9ecba653d34eaf22e6a31b7	247
taxon_aa5a9f20cda3b48ed2739e73bd3f260c0f43cc18b480479c06289f722ff682e7	247
taxon_1b88ffb702db5389adb2a10526ae330e99eee62f4422e7c0de021330d38b3ee9	246
taxon_9a7a752042e28d1dc52887da14a106854a020985f839c17482bdb6b417620513	245
taxon_a916919c34dbeb0675317f3a7ef7df1feff169dfad3d0125ab342809f5febd76	245
taxon_6b9ca88706e6676fa54ea7ffcbf39a106ecab2d59aafcfc99590f62ba7538b81	244
taxon_897c94fe4cb005e88984ca06749ffb99eb4deb8575394d7bb53bb2090345b168	243
taxon_fce609ba7d0d81296a7faa534d5c6c531a45e5015d2ddef647d040f207520b74	242
taxon_889b5e9d6fda9617ecec2d6fea3914fe38d0f5cdd1eaa5164d061b6d8481535b	240
taxon_db652705500803e894e505b6df3ae55c36948ded012b72a16b742360525ed969	240
taxon_94920525821e9ad5d70a65e391a02be5141ae129f309c60ce5b5dc833d1309e0	239
taxon_bba4dee58046311a9f6922aa0fc497507ed0cb5fd1addc4c5293fc60f816b974	239
taxon_62ea7c6a35df520433cca636b507a13d57b3ecf18ba37842c09f77e77559da68	237
taxon_ef42b8651198516f3f6420b940d21eb4ee1b2afa662d96eaf7926162d713547a	234
taxon_7c0822b04a49226720c278788b6ecea51704619645f114281072f3e2f29d3a5d	233
taxon_8a0599d0bc2b1d6a064e802c21ccfb9bd004030e64cfe861a1139d6af1af3c36	232
taxon_799978fe3e921bd5fdda5a866392be46583cb1de10bbcc3f42f33ad2fa240a39	231
taxon_18979de948c0177dd35b1c84fc94b1a62cfc705406fc2d61d3b02e8de7e0a31f	229
taxon_99227cc9665b5a8babcf00f8f782a3a14d00629a55fee55a9b63511deaad4e89	229
taxon_0ad3785f4ecf27ec79bced2b388d3c74478fc4abb5e28969afe944a858adb642	228
taxon_5f55b656533da724f7adb756b43f34ccae816e799d805d8f5376b2a3a0eec1cf	228
taxon_95b35411288b0d9fef480482ecdf3735bcbd414474b995e015c4f983f78c99b3	227
taxon_214127f5ff72f9b0af650dc7451e9a31372dafcb58810a03d732f164c9a3c1b5	223
taxon_93615237260d42c3fa4adc6a004dd2d0d633e3c2bd7f025dc94bc4faca77212a	222
taxon_b46257941f815bcbe4cdeca51b80e20daf5f64186bee236a51c978ca77bf33d6	222
taxon_dca22b7dec5c21ebf57aef3a2d732c27d051a288552d5615868e7fa34f18e315	222
taxon_783979f7f39d1f5e0d372db3139f405ad64e06a620f97480ba3f08263a693834	221
taxon_2e4c47decee654b14786ae76c38a423a506154031ecd9b8c4c1d923d18844961	220
taxon_2e55c940eae7fc200a4678157cca0e1e8b2c93331c44f2c6b8ee42e672bed725	220
taxon_9cce90ea2b61700867a0455c75b64267af7dc85c12e530bf7a15571a66b5b0d1	220
taxon_ea20e63ea83862a5db664cd5a4d9bc71245594564b9d0fb0f2fbd781ea172f19	219
taxon_74e8e40bf8dcb742ad8036990fe957968a2f3abcd216648539febbbe5a8fd922	217
taxon_850bed2cb5a48721a0e2608b3df078cc3f89de4c9d22c3207ea1c7f375c7cdff	217
taxon_f2455371032ea392238e8fb5dedfed4fd67331977d915c9dc4026511c0e21984	217
taxon_bdeced5b91432c34d5e2dd3f6a05dec6c41bf8f6c7dde846d11437aaacb911fe	215
taxon_fd07aaebe79dbc308c67e4cd87606b397e73beae5b1e96578d17bc27d0bb1385	215
taxon_3fd702b02128bb1982a30ce43e7e8c47096304111823f27a9bf0f90487bc7744	214
taxon_3060167949ea2beff929aa2265792dc17bc95d5bbb7e1ac9a738d78c8f59d7eb	213
taxon_e8ef5db12ed7e2e3821bd334698a913fd197dd9eb16949d997367d4085b4aede	213
taxon_121d0dcdc3f0b5b13a34d71d01e1ccbf74c216fdeb673ebb55a4f6481a8f7c1c	212
taxon_6f355bf8654931ff86d271d0832d4be28f05505a8042ba28ad6d8b9e00d37969	212
taxon_cf48689f9be207fb58aaea8d196c3508d6fafc2f517e1ae7cd628340a610c552	212
taxon_e130a39eacb7ee91f678a25b1cdb153d1f610b114a3ff7b13c6e00826b372eb7	212
taxon_f4f9002f581fa69c962f7a61cb34f05d45cd6ab65868ebf7189292d4e9d6b935	211
taxon_c79271bf5fc2af32de6ace86f43cd2e9659db93be943d69b97db8175d2e12310	210
taxon_231c84892174006e6059629ca98d55ba69350e6eb29b22aa83df242818e12558	209
taxon_09f2fb7bbe48290536e9eafce3429bc59e2b82fa2f395f02f89a908c8f2a5819	207
taxon_3fe5c43f7fa3fd6ec4aafe3f5970ddd51b03f908e8f507ef35d9c4464425d71b	207
taxon_174fe58ca4b591911172ac9db05b67b9600d27143506115229bbc1238ddd97be	206
taxon_7996a23dbd0aeb2e9db6830983fa433c03c580710db005450924a728088efa1d	206
taxon_8577e12df7573367214452577988b90e662c72b0446d733b84589d6bdc647d21	206
taxon_5c48f8ac7c11b6b5c7a3c076be6d6fabae43d632e3cfa1bce3d4a3b29378a017	205
taxon_80accc3e8e2657ac7dc53bb993b63ba8d6dd7cb8634bb235952b440c922fec61	203
taxon_60009deff9eec0427454b667ba54797a2561808937a0c55ca282ce4c194c1c73	202
taxon_b0031d75c65c82fb12906df23a690f42aa43aaa92f27f47362930230a9d8a16a	202
taxon_0565e3ab9184651cf13bcbfd67af766281a2a3bcf18230110832fcfb3cdfa877	201
taxon_03d302058bace7c94eba506ea74bd04ae746eb629e233354f0ba68db7bfe23b2	200
taxon_741bddb5f1c237c48bd557eb52610a879ace2412767f3c4385d5b004dd2ad3b9	199
taxon_9c2b9b3175aa54265785d19f75372feacf067fe35b88841d8be7f2e471d458fb	199
taxon_40f080d7fe901f897b45fb1a8f3c9cf7506316d04a6c5c6349d745a0ccb4bea8	195
taxon_6f09471520e155cb6e1547f4abf8a163e08a198313acc4ef37ac3c8706aeb517	195
taxon_1a9641f2b59dd45fbcfdc0b866eb68ba0ea904c08f76df152c9f1daf84804fb4	194
taxon_d5a2f66598bd71942b63b683eccb98acc7ae7c51d2c938a90c39b1529c5316cf	193
taxon_ae748e53e03beabac836c3990e41b08b002d6c040e7e5220d6e760f555319caf	192
taxon_206b477ef727d15745876529ef742012f666d1b83b9433adcd6ac44e7aae74b2	191
taxon_5af1e65f7afe243dbdc855963331baa7c63dd88124d00e2ad702e18d71356ea7	191
taxon_5417b4750e197c4fcbaca84e7df585462231858fa32e2e43fbb86cc979f6d985	190
taxon_ad71c332224c72d3aeeed2e5f115772d10ac33d177fdbc9e1df5e870ad83fe89	190
taxon_ba44cebc28f81e88130eb7895aeb376e0a59927f4a6e0eadea904abfeff2ee49	189
taxon_dbab312da582748d8e6824e6481912358565040c55deb39e23711f2793970b4e	189
taxon_08fa6613634afd005a41ff491658eea06bb66f0737df407b4600b27609918f36	188
taxon_53c300967cc8b2b4112557e160882fc87f0810972699f3e3a4db09449302a77e	188
taxon_763363f9c9429acbf7668adc7634984d281f9575e66c0bd9e48e7803c8dcba3f	188
taxon_9b14251ad81ea8b323fda2c50e2e7bc846a4449f966bf8f4a252f2b591e7aafc	187
taxon_e1c0270f5bf87131a8c6f5c59614e55310ac58c8ccbda28c54c710afb483d5f1	187
taxon_ee32815fb1dbdb3049e627872b8d61a7c01ef8a8fd3aea982062a86848cb7965	187
taxon_fcdc196403bdd138f685f9147c62b221d138fbf9ae44e44cbd3eb9f59c3e42df	187
taxon_28d1843d1a3580d4c671a01993a32af5f24f0375a3370479c858458879bd7300	186
taxon_a62f17d67157f2f0093b6842e7daa1dd061caa954138e51054856b2eee21dff7	186
taxon_c5bd3d0b87431d603913fd3d8a68b8e4cded5513e4b37723accf7c1ba5b1a219	186
taxon_7c42758151a95357d41660c9cc7d05beb8a6259d0c02cabe622d8e63fcbb4763	185
taxon_e4dc526ea93c09a6058e013d4039fd8b4450bd85d55d624c975b3cec5d1aff4e	184
taxon_c39384c76e1ee07ba1308e6a54de74e754eab749bcba348c2735e54290848b10	183
taxon_71c676a7166068f3f897d02cc34fbadd82246fd930eea929a2250910dedbfce4	182
taxon_f6bcf6822c86bf6e453af5357bcf21bd3aa728dee8fabdd5c99835d693254db0	182
taxon_303bdb67569f0d4772ef94f0f47e7331e5d0e242314ce8dba866701cc0c3358d	180
taxon_65add3a2ce9f74caa272b3a19faffbfb3725133335e7f6a87e77b44362f6be4a	180
taxon_270cd764d3860c27ca41be96d11dabaa52faf45f4d224f7cb7142abe184bb1eb	179
taxon_8f218d2361a27e3135634b9e1b3465d241192094d8a92457db4e035fd26121c6	179
taxon_56d2c3d1a2dab1f431b37aee0debab9a746354b0f0bf4d829e2e43a557aa2149	178
taxon_f4d0f7b1cb336cece51f3917c9538f01bff00b63e55dfd7b0cb7cf61b536ea5d	178
taxon_33ad1adb7d6f7b35fdb0ce392cf1c96017ee820421263eddd33062f75cfb88be	177
taxon_b11c4c982ff357c212477f318fed36298a6be239eabdd9a103fe03c2aa20b233	177
taxon_f1872a3d55415f6c350cc08cfb7bfe76cfbeac0b32bafb71f58f1efc9638c7e5	177
taxon_e7236e2f219c73c59e7d0f5c8001c850f82ffe4c0e620652426c414078dcc71d	175
taxon_d10eadb9bd2b08cf7ed01579dc3313b41727322a8d7e06f3af99ae6648989b41	174
taxon_de43c6f72bfd5c340b34bf6b78becd2f51a5dfe867ed2d460107c231395628fc	174
taxon_f040093bcfc4d909de7f841119a7f2de1925231ef1bb7e9a4784c2bd75986c73	174
taxon_1c931cb10bb20276d00d4eb1ffc3f96081b18b771df592e30cf91605d1419d4b	173
taxon_76b21e2c4651cbb9066f28d04e22195b29f89679612917d7c8a35d41054a2f31	173
taxon_cd7592fb6455daa38b408a0fe2bbcb5b25795e8094f8522f51300f886730eb6a	173
taxon_efd29d1ec1826ef295e6e2a99128d5d8344fa26bf525f52dbd20e2f4e295bb03	173
taxon_3f8fc270bbf02a506cb31b02d3392ee00d490010d2a59a957ad6cc405681399e	172
taxon_8adf8149590b476f0f6f5cd849292d457715f73cb55705a010d2443d3227c1a0	172
taxon_6e88742786ab401ae8042b68737d5bf43509559682863349b58530af09823d10	171
taxon_c361f05302babe41f1b28768a0520ce509adffc2b18df80054f83db2caa37124	171
taxon_e4f13e359980263febda297b2d9c3ecbf73753a48f637ec41bcdbc2978e5db26	171
taxon_0bfbdac3e44f334ca8a23789cb191063727d5f01dd03cd11c9ea90dc7f972ff6	170
taxon_3550e45eba62a069d403b89148eba1ddf6fd271a6e2c3c76fff30f8f0fdc8e5b	169
taxon_5c432f2aa2c51812079da18ca5e619d4a8c46e4e733df3c04c5a1fba24a85669	169
taxon_6d63892a3511b6e34e985eccfa4fb1ad51ef1707940c46b8a4f748e4ba02df1c	168
taxon_d01b03b0bc599d6487ca61c276ad5d258de953d42a94a05c4600df21d5d4513a	168
taxon_e5e9faf98a36ed850c14bd1c5835f8ce2622aa9701bc0386bee9373c1ea5e31f	168
taxon_43c8027843bad2e7f10f0b0de11008b9548798ff3c8cbfada978d04ae193167e	166
taxon_c94a5f9b1d83cb2d1b747d2c8c51c0f091a14ecdd5dc4153ddc90007243fb083	166
taxon_165c1ef1ec7837d923f398818359d9bfad564842d4f750b72cb2bf3c2179d661	165
taxon_350c7967434d756f35d884f2ebf5ac08469ad6a0f84c65a851889323e2093a24	165
taxon_4d005af60ce25488c1d22e13ef4a397649ef249b3315b39e81273c4f1cfac5ee	165
taxon_a05330a2f2bbc0cad7276409b5ff649e48ddf1edf9a78e892738b6659066b547	165
taxon_c4d4016eadaa318b54a6ee3dee50ae631412d320d7d913e7b5b60715843c6ade	165
taxon_d5fa6fe57f9f48d6932aec3d2d2f37d448c5cb0f9111c8d77eed468c83984ffd	165
taxon_4b8f78679de5d9f83182180a83f98c96830df77747753cd6117ad69a342a6986	164
taxon_ca26b5e77f216c350866c0d9da727395b8d3e18dfc24f82169f7aefba5f2e2cc	164
taxon_bcee4f239217b9dd60d660cb0d73076c93b6002aa7b5b5df71d454dc6b7b635c	163
taxon_4a4371187e3881bd1b2826e95a2645e5e4965864173db1c2a72b2496d3d36590	162
taxon_633adfd36cee862f6b5e6a1dffc104265259c090e435afdded7c8ff4bf841134	162
taxon_2461127e71efa56a10b6877cfd6642123d5b1fb09b9caefa4b41179239ea799f	161
taxon_58c7a96c4c2f1a277cac9c6b37973d66647bb6994e7ebcf491eabb33400647ff	161
taxon_b01f1d74f18d7a5377d2ab6ccf698dfe99cb9ce18b71ec2f9d1d4e1d10127c03	161
taxon_0bafcd92f2f4037e76ba9b08a24f01475edbbac260e05b552a55545bac8dc704	160
taxon_bd116541ea619d0311c754ee4ee66ea65cf9ce9fb4e00075150c4b53a4c7f11c	160
taxon_c11f97d7b4bc09f1c0efc0e13f86c8a107b7964ae39fc8816617445dc8c21127	160
taxon_e63b05a393d5b50580d71c89fb6f5c8626e0336848f8eaf0f262779b1193f019	160
taxon_702053b8ccea6ab59cf38684a3dcfa348062b4e37349732db73d107997d5b62a	159
taxon_b8841a6bc74d5c174138aca74019910dd34af4a7431c806c52c2d9f45f590abc	159
taxon_c12bc9db10caa88e97abf378bd4faf15aac0ce7459fb40d4764ccf001be644c2	158
taxon_d8612049899e0c360f6ae1716ed4372b0fafad5e4d8fc7ce89f9bcd42059c4f7	158
taxon_dbfeb184a3e87fb33ac8d95b3b2d47f91011f102198eeaaeffad6897f721ae71	158
taxon_f2fa69f769735991ab96a6f9dcc62c3896d819b424f570f75cc38270e88d3f7e	158
taxon_458457cf377d313473b0680c72c64123a4dc2bd101f950aba7151cf8d05c45f2	157
taxon_4766afc989fcfdcb23ec6fb540e4cb205f55b294fab253bd5b16b6db63f341a5	157
taxon_49d56ad687c3e3f5033c95a526bbb05c25666b7fcc96f9e6aafb393fd04417d9	157
taxon_6a174f6d4eebe033fe970b9a7d9681e5fed9d50a759cee0f6b974550b96957cd	157
taxon_9efe300ccd00200ce89a292a6178a51458384c8db44cbc3720d5b33891c2355f	157
taxon_0def19acf2c86cc584f162e51117f0c5707eac692f16711bebe5f467f922b13d	156
taxon_5bedf3dc2040fb73b656dbdf2cd953fe7be025ec9d8a5703029025851bee7586	156
taxon_78cd908f2f1bd7a5deaca146c9d5b32f9733214f7d2703e287d3f9161094b774	156
taxon_bb5a57ff4e69cfc39388671d5116ecf580bce87a04daab53801f23b675b93ec1	156
taxon_10dbc28d27457ef69ad791ea129ebd5616b05c69687d8664bb63fff0e2184a83	155
taxon_2c5dd857e959fe22cb3893eb3e01ac76a9c4b0616c86341d62054fcf07b738be	155
taxon_f83f9b46445ebc2a01b2035530cd3a3ca0f95de64e57b8b54bec58a34be67f97	155
taxon_fd5eef3f2b23f3629993ab6cb7c3b9a48495c3eb15bf4f0788220454f0ba8f7b	155
taxon_542c3874f2af3e76e81d863d9e908e826c44843bedbedcbbf2930dd63eafa6f9	154
taxon_4832bf85dd895fb46e9f48990689fa7480e6bf17c7a91fce4cf95e7ffada673e	153
taxon_496c647e8fe77645a037cc9f1561374c6b7c653ec6410ec529320d51ed471af8	153
taxon_53f4a41fc01685d515b663160953d5b6a0a5211b48b7bffe6783ac824444b6ad	153
taxon_fbc203f1d0419ffa177a43ecde65bb2dec54bf310300c3a2832575af0f1a6ad8	153
taxon_25a16a37e0ad76c205bff71653ea1c8869e862162e2bb601f3a8908d1142dc8f	152
taxon_a5d50fe2da579bf0367186bab6e7a04396a3d49ac39e1eec6ef2e373820c5421	152
taxon_4615dab07322910375f00dd667d8a4db3e560934a3a1d4be913f09ebb19b302d	151
taxon_7accf24f6fc37d76c8db56a672f89f9abad8fbc712c8e8c4e2082ade3d4685d3	151
taxon_995a647866c9f806ff8a657855aed02ab9fcff60f8eb3dc6fd8eede3498e86bd	151
taxon_b850b8e788c9cd9e53b7553d8f6b43546a093d3f7b7f658b527b2a49ef243508	151
taxon_bf4b73eded8fc311b6724d8651d28ddea94d1ba0066432a26e3da7690569f029	151
taxon_0c35d3f854b6946523bc904fed46cdfc5415211b17537290ca2f75a9ffc15fba	150
taxon_46f419708a73454d8df4abccec92d94bc6c484a61b34b66ab9a86275f78c827a	150
taxon_64736cbb40a5ad2a639e2f7b1c5190528cf36663239249d506cb9910a68bb84e	150
taxon_7c7d0ed6154981c4742a89a5b5711220ba9d0c0e225a5a51b2d85b85885bd8fd	150
taxon_9074839c8f56a874185bc0ef81c64cd383e298ee47a320207adc4bc276ccecc6	150
taxon_eca31bb4842e94130e9435ead0440244cf550ed93ae8b2bc23b73298fe304364	150
taxon_fd464b72ee915769a323be7542c704a27299281848cc8c53ee5ec38e929e5844	150
taxon_7a670786dd2253bb82943edf215fc9bd280f720e01182d0e4c2a702a65b4b9b7	149
taxon_856777d5e23015a107a55ef13c7de9cfb1a6895a9bba82bd9c47b8a92e843ab8	149
taxon_bc23cc21b81caa29d5fe3289b0b9d5aec2644f24f7ba645b6e2a65106faf6adf	149
taxon_cb5804f927be416b3cb4a78b8b1ebeb7bf80aa1350dd43654c50486ea322cff2	149
taxon_e18c79388df8c5537349475c345dac80d9e98a1dce36e364a7cced0d8dc2d5d7	149
taxon_26aa779bb9814338e881493ee1c3dba5a0e0ea11b108d4f6c6dc6448f655b5df	148
taxon_566801efa841f0a04c5e09b15b5f579e152aa13d5d95a149796ce308829e5d4f	148
taxon_87bd656f3f9cbc6d464eda95bdeabb40aa22a3f364e285c42d1b9f22d9e36b8d	148
taxon_ca188d79e915778af824636390a75982c0a7fa6b7c00121807e09ff4eaa19abd	148
taxon_9546da18c26934e03aab1df813efc614fbc330789821173033f366a2b4fc753d	147
taxon_9a04454a381d5821f15f448353985b76977bd9bc476924b4d0859e167c7ff14a	147
taxon_ea8afa9e5e74a8eed9306df63892d36c3e4365b1cd1d6955439673207a588d41	147
taxon_fbfd74f3572829bbfd137c02a8d5123f81c9f745765eab12f50b311e279e8d65	147
taxon_0bb2b8885160b76935216e124101cc2915bb00506aa51a2537f0dd62cc9a9a3e	146
taxon_a873b46c72326c2404b974346462cb1561c48100b39830da3d519c9f4b88e220	146
taxon_ba33fe227ad068d2377eef49355fcf4b25dff52db6f0dd7ea1d3fe59345a4df5	146
taxon_e253d7a95f70f4cc985aa63109f8c39543ecf22551c2b7b52a2df783abb85a1c	146
taxon_5592646c0711d4440b3edb0966475f83294a5d848e17683ff718f46ee36b0076	145
taxon_630c5c0ed4463799606d513ab9ddbe83e60d141e7f081df780aeee7336c4b1fd	145
taxon_80a39577d4856a6b7f99e8acad6923949cb0447e09abfb8e2172862f84e61943	145
taxon_a6e139601be2cabf25c12e2c8fc24fb4d2f2f525cccd22118550d6f01baccadc	145
taxon_ec254de285017353be233deba5b5b61fc57283105d862e2105ebd2941b6f91b9	145
taxon_f33a224a9675d69f02423e009fa5704ad75e2d7ce9f3f4dcf9a824cff3c68650	145
taxon_5e9957a92bf9ed95129faea12644d42e12b879d1f14741a742dfdf9bffe16131	144
taxon_af6a675d56484b1e9d9c425725c5550b8effb1af5e319207b094504762b909ab	144
taxon_5b5be1c04f69f1218ce183031c3bc74c7e50173a56f17e0cb063a5c426281ae2	143
taxon_6247b16335f420d351fcc55337f7970bc44b4f5bbdc324f03cd92a0355cca7e9	143
taxon_a6990f14eba180d941f3bd0f1ead532a4caab5986542a366d26733c86ff10c6b	143
taxon_cc8fb0e4ea05a45c39ee2d8889bae6adda5d72076ca3cd9da3921bacaaa099ec	143
taxon_f8172d16ba3fbe86e2bc2591e8daee31f156e8a4b72f46b787f774f4c823a1be	143
taxon_105e6969e40cc0f9ec7b1efa78ae3a583511f21db15d28fa76ef98a1950cf978	142
taxon_3c32e0cb911b9e2f5f27069c97b6732bb97e84659c65f7e92ca56c2a5e43d52a	142
taxon_7acbd59bb8172fd904ea60eb3e65233515c6d161372907272ca8d230ee685b9c	142
taxon_b3ff05f2484c9635811911be9c34427345ee713c101fbe3d5d8b96f83f68d01f	142
taxon_43e001ef6554bc7e61f19ad56a3e9fb0d26300970076723bc31759892f663885	141
taxon_699dd2c3a6a945c817b30ff7e06de623ded0c4bce8727e509f190ddee3b6e6fe	141
taxon_84f54e814ad359c4a0e4ecb42d80c55fc8507b3b7f7c919f216ef34ce33c7567	141
taxon_bf2b1117a9c977cce368685dd087e511a5627c73f265b0f0df3ca5cf1c3ab70b	141
taxon_d23f592906e837e50224ef31d8e187c052a751c9a9d83a1584f460127fb5b483	141
taxon_d7d657cd98956694664b81ac445b217c6519d14e82b34ff13fdf5cd00b04094c	141
taxon_134bab25b2131b68655b77e22bed6f696a67f858d169d3deba48183126c09768	140
taxon_186f9883a2a67a88115a7d9d6f13ee001013fd1e2c4e61ab4a0133d94ffc791f	140
taxon_43e73fe24e7f822826a48de5ae005111f2b0d659f0218dd3cb947c2bbe47dba1	140
taxon_6381b8aa5b09256a94e773fd60a75b5f98467a0523999a0a3926cd290f006c4d	140
taxon_7f48c63b6e6238139b1dea4198fceff4632a18a68d76a2da476ad3846990af51	140
taxon_957a3b6dfedfe678cc9fa3a0741c4b2cc2e8f8db75676a7af449ec120cbf4c01	140
taxon_e3ace6de6b63ccd5dca93aab2b2e079ca92b0ec878d15f91c9d87088139f3506	140
taxon_5052c8092a80bb123603a503b21eb13ff71b83f57a2601265ea1f6714aace778	139
taxon_63e1acdf3f413e3e24490dd18c5d14fd0b86ef024f88014489711b5bc8b5e7df	139
taxon_b4028c8a7652242dfce6f6ca12152f5bec41871aa62b29810c29de09ec7ee9a9	139
taxon_d7ecab5e483381e5e39b3d74636cf6933e5cc275d674be3c4114988b9e144892	139
taxon_ee3f41098a10d4b1974beae14ef3dea2126136e0c7821f95a55ae77ca3b2b7e2	139
taxon_07520c492ef839a594b9585e8b1b51516cc84b001193a2be341b40676d6f0fa0	138
taxon_3269bb29792c0b7416ceed4165f00dbf65cb097521234d3430ca47773de862e0	138
taxon_9043a0aac5ef67b559ada9e67d92b921a3c2700b918d1002054b1871f9f921e2	138
taxon_b8b995a4a0c8bcf7714af3ddef70fd02715e29c0ab3e19ef49223e094b1c22aa	138
taxon_d0b395798121949640985acdc155ff749d02887e3fb1ab22deb9ebec306ba392	138
taxon_d8dfc548ecc20f367e59767fc97e05ff9e87007571906aa5ef49993a4f131f02	138
taxon_e8114b7ad7291f5d5ba81778cbc0e793d19af140be7e16f89f56eb3cd6825fb1	138
taxon_f8b9dedcb21ab251f05204a9cb70990ba8311ede59896e5313c2d128b136abcb	138
taxon_2e3e7dc302c600242cab9d3fae2fe4a167f39b76529f9dee6b673083a32feefe	137
taxon_3d2dc7f6687f49534c0c8398ce967ba76352225c21c02bf607bb9f371cdfec5d	137
taxon_bd92e3a3070f9c5c5c9c4d7cf4f06e59b79e3451a039b11b6103e93341e2e298	137
taxon_0668cb7d50889e938a2f51db0e6ca20a3ffde485af1e33963541e888a2cba2e0	135
taxon_288213781e225cea4b582e490830d704e230d2f6e0aa60f5f4685a1c3a86b22c	135
taxon_6e7c4cd963e1299e34321d745da465a3b3e09a408cf1daab67699235c455da83	135
taxon_4dc645e3da462866554182cb916b875efad0bf91dcddf8951c26c37d976eb40f	134
taxon_ac43632b45a065c8f1e53fc553588ab07380b5199b40fd582ac31a2b03ca1719	134
taxon_b6b6bec22274bdde33c010ca20219ba2fd01a319897bbc288edb6c77fb587582	134
taxon_e38b953378b2a3c5a08378c37f7e020bee2f74b5958538cc288189dd309c90c8	134
taxon_9918b0cd4274802619e68a63ee1a87706ec096468682a7325a9b9144e855cf2e	133
taxon_9af00d797e291809fa0578111802c8d247bd5a2707bf74216783dfe549989d76	133
taxon_9b95293f680cf3ea48c79f4f3877e94915edcc4bb3868202511c26386ca17df1	133
taxon_bcdbca56f991d2533a5547d73f9359529f9e30d92e4f41c507f17b3e81c6902c	133
taxon_d9f6daa40bf694904d4f4594fa54bb2dd3babbf7396e621a2eccee18a8853862	133
taxon_39348f36dd1beac2a250689b7004c49f4371a296f42c6f1206031960e42914b8	132
taxon_4bf30015192c01ec7db9287318d76fd6f637540a6dd4faafcfb344e437ea6d36	132
taxon_ecc65bb211f7a7156443a811c1b2c1d12478ee81a4d73bcab61032e139f255eb	132
taxon_05797c47e9bc279c23b738eb0b162d610a3a3708857751895fd7eea877d6bfa3	131
taxon_337f09cac77ef7e941fffecc3beb99a68be438e1c1b704becf1eab17cd6f0ad8	131
taxon_3455e9e377f0d6abc26a4fb3671577283b506f50a9f9250203242fc830665d11	131
taxon_84124a5cab76346fc0a98455af86db357920c5a40b65594e93eee6097cda6a44	131
taxon_ac35c7b271462db6d6e1c7a71d5f74d759d7f330a5022305c10a039bd34bda89	131
taxon_424a027def3343082230334b9a9d2ada12755a4e27dd835fb7147ffe524cdabd	130
taxon_ab6fd9b25f73bff9d7160620ef9fe001b1c213a13a08952bb533637b8147663f	130
taxon_cff59bc1ed991fea096eaf3e0a81f93d0a5c70338bdc53c704434d5ee61e0509	130
taxon_1208fdb3f6c31212891b2b8ff1f72428b22ec6a2f21a94aef101242e47952581	129
taxon_17919eb05953cb1a0ecb83d80389822c897c373adcab574fc30b479446d6b7de	129
taxon_2579999ac793d63d3945194e55c6d6747d8859f4734afced9601fb4e8c80c24e	129
taxon_7cfcfdeeace8bd42cd2a3c18d98aeee9b18e13fff711afb713b961d8bb49a36c	129
taxon_9423bc3e94eca5efbefb882357667b5aac549d93880762e7f538ba5773bf68bd	129
taxon_db760fe2fe44444aa4bf862f365b3fe8440f9a1c2eed78562dd4abc77f443797	129
taxon_b53226fb974aa24c74ed8c4097421ae47811d2762f3d66c27dcc2a804e5a0839	128
taxon_c8e432e2468221f43b5772177aeb7c248b11e0f13054d3b5cea954491eb16c0b	128
taxon_d31a61ab1188e487e451b2c4781899ceff33059966c7f945d9c8b97c157a1d09	128
taxon_e42fcf8be10b96ec2cd2e5490f7599209739a66e506aad440b11f7a4b01de5b4	128
taxon_3fdc6985117a62789ac033773e0386983d34f6720d0cf5fb9e2bcf23bdbd6cac	127
taxon_657822e31800134bde43cfb1d3059e01f1a971f3a358b0c61f4c813c817d3a72	127
taxon_89c4e4ccfb81a408cb04c531fbd63093273bfffe9a198facb9edab0764bfde9c	127
taxon_a5a0c555f24ed8dbc9dbb13e875e38f202dbc216a8cde8a1f96f60e4f4c06e0d	127
taxon_a5d8db04879fbd29cbbda2b5bdaf7eb9455c2beec965efffc1c32b6f54c8027d	127
taxon_c07dc0a899f411da23d945c28e4fd42905046217ae58c885eac5459b376deb37	127
taxon_c854f57e7648dee0d186c6f8d2f4b2b7a1db61b8c64c322b08defd9742a6f487	127
taxon_d51bf8c364c54fecb5e9e3f2735ce02c768abab9e0a7fae63c3af8008c0e9fb4	127
taxon_d61d01265d80bd4b6e8a712f30b2cf0ea2483c4c883c796da95d7ad651f12da0	127
taxon_e17cf3c4d10513dbbc2cb7562744d83c2b666c23ffda489f41f06e3740557286	127
taxon_508793932ca2092499b8ca13ea9dbd3fd89c7d0740a3a33f1700a3989ce7279d	126
taxon_5be5c279b59d4f9375eb857c0ca4dd170bef9f091d8e5c350092089ddb384302	126
taxon_89956c14bac591cea6bd9fa95b4d36df9f5412bed4fba94d837d02ff32251a63	126
taxon_9efd105b0c9359d52081b281ee7d313335411e6c904ea5ecac011ac80e5c5eef	126
taxon_cf16450b4c06898c0672758c9c4831fa786f22b77c8742b6237897e21cd4e0fe	126
taxon_04836f3dbc2c25b28c9ddcea841f3c05be7b8e484a47b6c17b18fe0d4caaf8a3	125
taxon_2261481b317a8376a6bf883b582f7bbff795dcdac04335b474ed891a388c69b3	125
taxon_af3a091c4dab9c60ae5864425f777881aa39c3f768268a1b970c6f8e9a28fa6f	125
taxon_b53ef4610d089f2db4773e842836006494a926d954395268935188036b7e092e	125
taxon_b7242b3b3e4894c5a56b5112d7cc9bbb3e76d0b6d0f707d802e05312f319c1a3	125
taxon_d66396d86c34bd4ae24ff9597f3c58185fc97be6613390b94f962eb89d857d0f	125
taxon_efec3085c2d7fca994cac89fb548fde13c0d93831b7e257454a05c048e6b3356	125
taxon_2a35180781bf66ca5be641c1b9f8e197098484ff2969bd38efe89abe10cd8be2	124
taxon_3ca9a8db12ea24523e123cdd22c61fa75e6c47a6bb09d4459a6f5127c455170e	124
taxon_8462497dedde57841ae74260a159c08ca35197303bccc2c623af69033e5128c4	124
taxon_90344a20f5ee2f011f50d64d83a37a26939061fa08626ccd03f458d734cf8386	124
taxon_bbf73ee720a833908aacdb36af04cdfff9279cfad97c10e4b63db5c367504e51	124
taxon_e23358647b21540087b87090fd30e003891b78a98ab134eee9f914ebb2af4210	124
taxon_e34fd4425fbc5d046d7996c3abc69a179c8eae0f91c344b31e5350e23cb2180b	124
taxon_ed934e53816699c467af6bea12b3d44dc1cf05320d6b5c75e891f73c17ac1960	124
taxon_083b6852af5458fb26050f7d8f4ecdc14a395f805ba6fd76d935834ed45f54df	123
taxon_15d356ed37cb393677aed38ec41e520f98384e059d114f6b0e81c29af3fa30eb	123
taxon_180f0bf7eb6a27b4682100dfa69ac37444309399cd3e7482822e44bf06d7d4ab	123
taxon_460e6f7864ab092af02f5b66c50af806023e4b11eeb9e037bdb63bf4cc0ae72b	123
taxon_bf0275ec6e07f65817daf0e3324f28ea82e136c391397fa19814d88fd82e9362	123
taxon_ee46612d8de2a820f5fd1e973a1bcce28345cd778f96feec0206b7391ecd35db	123
taxon_0c52968134f7ae4c8c292414323595da992636b10c057942075934993b2faf02	122
taxon_476ab2565c7c2b685f46ec40e34572c54df027d7c7d71ebbfa8cd87d03304487	122
taxon_5cc2242ec67c2b39ac5e132dd166cb4c4045030d0f571719ead665dc0ead9397	122
taxon_85cd08630e9698601f36b57fc8cd5bf909d8a7522253134a1aef1d8fd506b57a	122
taxon_ec95955ea60ca002c51d0bc216feca0838efcbc06f4cfa4ef9e14477c4bdfc3d	122
taxon_37ae634a365192744dd4072c629cfad772f3f53775104db826dde8b362f75033	121
taxon_85a0dc420d8d82c90ede5aaa6a65451abeccca4eb9263afd5b72da8a6de920d2	121
taxon_b22eb0a5298ee874ab88313f6169c821b69fcf691807317d23421bce1d19781a	121
taxon_b670e32065e5c263f490a5647fb6a137670a57d4be7a9ecac0a3d8833d7320d9	121
taxon_382979475d908e4623d577dfd45605e8a66f0b3df5e732683d55ce680cf158ff	120
taxon_382c1044b3916d10d8b70e559f6c0bdbbe0c65f30efda4e7df416c9411e52641	120
taxon_55647e6c8d8ba8f4b33f4a7d7b0aedf88df6f5ca51127f0eccce307a7d2667ff	120
taxon_74d7ff4147bf340de5aa53f908e3602ea85f8fe5c7596a36e9bb2ee16fff4f4c	120
taxon_86bbcdea8c954b49af72676e3bc8434cd44234883a4a1b01240e61bdc80d9701	120
taxon_998b64f06cd7555330736ffdc37d596a25d9de28cf654b952a273b5260740a66	120
taxon_bf27c84d958bf545909047b7e52f40bcfd354ad43e66f8a27507bdd52275c0c5	120
taxon_f4f8aa58fcddc34f354e06cf3770f00458767911f1a0d4b4d0a438f2d94318d1	120
taxon_136bb3aa73652cf9d40c506b9d997bf94f25df3729f66c5e582f9a2ab547b606	119
taxon_416576661722f5200387dbb10f7c9373d64511b653868720b3df011779e0a3a7	119
taxon_424d6ec884f954c721b7ba31a399057235e33e88903bfa4d713dcbb9a0714cc1	119
taxon_a6623f042c3564c0b21db718fee68b8eb8a756d1213961c78f2ccd0305bccf6f	119
taxon_ce087f8b3efb0ab36482a5c92dadad040a88981ab5d70a5292fd93d1414c30d9	119
taxon_d691d982c1d245fed12d76097633dd03f5a971d705fe364b3b31f5bc4e5278f0	119
taxon_383d3f2afdc43f4a0d2a7cc49f7f098155614057c94c467599dc5550a643a408	118
taxon_3926dde070ceec94ea78f17adf19f3b94ef5cece18304e21a15d1c764cf80831	118
taxon_87609741ac5808f87ef264a0152eaad10464c135f931eda3dbeadeb1b1f220ad	118
taxon_8a340ec17802afbd42940eb5dbaa681b8a2711f0d2b25e0fd77a2e845d2c0f36	118
taxon_b8217cadab9ef8a344efd503b2295b32d9d07d0e311c7db60e5fff8a1ec95f03	118
taxon_dee9a271327a30abb1eba37408207ab5ec1c5ea97ae8ec6f1e1615600c1d1294	118
taxon_1ad763b192c82febfd097bf973e92e5249bfced0be3479e2f15b0e5317bb72f8	117
taxon_1b4a010658a7e2cb5c8ba147cd79ccaba8163aaab36cd508719b9ca11ca50857	117
taxon_221298948ec23408ff5888e166cf42a49d8622efb9e45e7d74b926aca2ab18f1	117
taxon_41053e825350a9974d11b3b0c522a752c99e21a2b1a50bf7cbb0f30c13306eb4	117
taxon_6364b03a6458dcd40a493c77bd0aba8c600f2f3dbae4d03588729a0f50a601ab	117
taxon_81320c45476306fd1031e3a4f3894771cb4ac1a23a11240a109583ab6511c348	117
taxon_967a19916a71338a82208227748daa2d66a230a35285253afc173c8c8f1449c8	117
taxon_a1e5125e46cd9ee530a4d67c92462e104dd3ba1c5de67beaf1f1f92e93872e1b	117
taxon_c2cbda05863c5c055cc1588a75b0fa9cc7a31bf40e38a93de83347b92fd33240	117
taxon_ce25908c579ae913055315638528ba1bfd9d678a4b3a95423f2832730287fb72	117
taxon_f4bd1f9cca2d973a47d4418842d96436f0bb4914951ab0849e22043278293276	117
taxon_21feff57a6f91f1940fbad1720a4fffefaff920175bc83c927c87dd7d76408b7	116
taxon_93cfe94badfcea888d49d9820d4a84f5cad1049fcac49e310b723269033aab49	116
taxon_b8ab2cbda825e4221f50ad9ce52cac56efb35f6e8d14d70ab6fd694baf9e6ba0	116
taxon_e154f418285c5d69bc03ad734a2833745a0b7d9dab9be5ad537fb2a308f14525	116
taxon_fa0c958c9979951bd1b2cabe1120a7b08db1492f201dad5ce214fb9c31d1337a	116
taxon_47f220c79c6e0894a608e39e23f2b7340f0638bd2d1fe39eba583d3c54746bb0	115
taxon_61cc58a4c2ab9e84a64f880dbe6b5098722f0893a6eba4110907775e4e4e9526	115
taxon_63c545d46cc685660db989569e4cebf581f553edbfb48e9760d203f785933254	115
taxon_70d96c2ab08c69eee61806ba8285c1c17a0829396fe6903a4efdb3feb771da30	115
taxon_b47fd4a7d04a40fe38ce8283849127758b09dd8d0a6a517ebfa304cce6f196dd	115
taxon_c45aaded03a4fbb4555b671cd606e5d440a90b01e9071ab633b6f0e5e3446fc6	115
taxon_61a5885f33742d52aceeb932ca1805278d352f4c840c8036a4104645b269af31	114
taxon_cd6a7c352fdc112b9604c598bcfc7a7d776cae457e7a6b1fa875fb83d73f8540	114
taxon_e338d68a164cc32ede4699fc5f8015bc4cee392360116c260d85ca0713f50dfc	114
taxon_fe885e457641875836bf0bef668f855738b8a47e05e0719af79d45b55cf57508	114
taxon_3caeae4614238101d811ce5b32f57a590df9874c799ce565194ce85e1d2e73f5	113
taxon_aa0a12315aa1ef0dd6b78a609e5914c20ac960190c08770d8bf83cccad1ec790	113
taxon_c1f00cdd19b488ed2d592aed59b73bf2230070aa03c0effd10517b1344227b8e	113
taxon_0a9d759c78bdcef9841c5e9a1b6d9729a12a960ee85b006e90f7383993fa25b4	112
taxon_4f189b4cc5866f27025ab56d908db9a192930a60c22ac3f3e1c81937f2855c05	112
taxon_60d0fe79de7bf0486339514784c03c88ecf1614a6dbf4d18137b45877464c2d3	112
taxon_8e76cd0bdaf33d3254118fd7530a302935a1838b48106426dcb75737a8c81fbd	112
taxon_d3dfdcbba8b9b404fa39b3a40c3667452b7b7a297329e4535f029d72300e5447	112
taxon_dc662f79d038ccc8fff594712ceeb8df89b7a5447a8367b3f6241d4b7b772847	112
taxon_28002e1773d13ccf5252847f5048d4f8f21ac1ff35e193129d58b215d6fe4a35	111
taxon_55b0901f2a04479c2223fc93796b7554d358486cc886bf42bc98246f60986680	111
taxon_ad23225a88dac13102f4ef024c1e7279c739abf59360a1864ec4708666d13d41	111
taxon_afe49e5427793860ca77f6d7a4bd7d2d7a8bb3c64aa1c860d094009f87b669e8	111
taxon_b712650c0dad325cd0cf869abeef559eb48ab0b67519abc3a489d86ef67c6d3a	111
taxon_d62f2afd9537a1c33f7ec8d77371c7dc019d7151afd1c6e91565029d33b5be66	111
taxon_e98006c1fd070ba23a64cc42e00a687fde6bd7b3f241276462ab27d3a2a57622	111
taxon_1b63bec00c7fc39d3d84dcac08d8b9bb65dcffc8f06ecace108c5a85c625bea6	110
taxon_5960e43afadad962286893429ab8f8208ced23240bcc0b2a6be8df8dd555c751	110
taxon_879d923bf30a0785738af33708cb94b55aa5345b5948fbacb9f3823c4de6dc9a	110
taxon_d3b246f4b33fc6dbab2e81cedff9fcb0d32e4934404f76ab1bfe0cdb4a057ebf	110
taxon_f0cd2b0a20578595a8d226574e921f3083a13fc09a60cd555ea232a50d45ff8b	110
taxon_3ab0be908111edd89ece57bfb68814b79fa07ad8aaa719af24f4c08c9676ad8e	109
taxon_5280bf1136de63680203c6e11045d973d5c8f162354218799ed4a19e3de4cc6c	109
taxon_55270fde8d6df655e37bd18af33ebb195b09b50d4f6e97a221371c24183413ee	109
taxon_5f644c904b0269abdf905902397dd5b293966fe25a7809cc5ac232c922427b66	109
taxon_aff245aa08f281dd5bcaffe620df24079f89c73c7495d830cc50623f677144f1	109
taxon_b248fef9559e66ba36d4014cbcd50b416cce1d839cc67f5b562478ad07b8ba45	109
taxon_f19da2124b5842e33931ae25edc8266393fc5d05c3bb2fd4a0cb1419874713cc	109
taxon_46b42f35837a19b1efe1f4fea7e8d8d0abf7d6102485ab97acc543bce010fd2c	108
taxon_a4461c08f118f3eed28c7c9bf699767ba6fa019b113969d65d4af8775a8edc3d	108
taxon_c090b238ee186ea43b50e753502f7f11455537860875133499aab24bb49e4568	108
taxon_febfd44b0adf90b377dfc1979e6123eaba302eea7d2a17ed35d6cc2d45eddfa1	108
taxon_2bf5bc48f9a804b89d92a28ab3d0fb1b97ebaf614c3227f4b83ad775caebb25d	107
taxon_500ed094a3c3da0287b89ef9c7bfae4dd283d7e5c219b9d10f3f8af84d10fae2	107
taxon_859bbb79ebfad607633e99c8d348a55fb9bc38f82c8fc1886eb71269acdb85c4	107
taxon_fb8fde9afe1c4e849ea496e2aaf945d53e77c22519a2dd349df02b7f6c7daf11	107
taxon_5e9ce25e6ed588fba33ef897651c7938fb4fe96462763027b1bc6e3fc5b742e8	106
taxon_64f72e0c84e64fbb33ac82407b72485dddfc4150e999bad661d2ee01605d741b	106
taxon_946bdb310806de6c34a11ef6cca0230d493c96b815dd4b8af27aa53165596586	106
taxon_c30dcf34c55b991f46cb696d813af415157a2ef45a1624dfe8731cc2e21b5313	106
taxon_d0d76ac8015555a1d5c1553867f7249b5b28069827abb7351ec9dbaf993c4446	106
taxon_dfc85858cd25b3409788247cbcaf1a3e229af2a3ec0a380bf6aae3b900926a44	106
taxon_1a99099a4f57a6c4380e65936f94e2649ab62ec4ec5128618660c4d0423b79bd	105
taxon_46f6f05d38749754352f189f67fb118434ddfcbee0785d6d86345fa61bb270cf	105
taxon_4a49cb780cd28ae13ef431aa699218e4bb634005a791cdf4d985049d36c72f6d	105
taxon_61e9f3eea098759b239142a4b2a423d3f8f1f00ee1dfe12465dde6e9e68c3ca1	105
taxon_639efa4d9331ef8a993a72585ea419dfe7667bff78bb5bdf3fbd8121e4f670ac	105
taxon_723acbae4848ff58fbfa19c7e462d4dee92313aca2e6c4bdcc8c9f7f3d4a97ef	105
taxon_770d79578ff2f917bf09af75de570e0481ba6c20da07aeeb019a3ada79dd6cd1	105
taxon_8f2b711da0157d36c7b59ca3f0376f8892c5acaf474a278a0450726625a541c8	105
taxon_a237b8ad9df115a99e454dd6536afafbc859639a55a4e9dc064c29337162fef2	105
taxon_b3c00b591f6037bc67c34ba9e1643c64bb21ace5f240b6cfc41ba17a099fe6ea	105
taxon_f7b35064e7101a9973e769cc6afc7d40dc0de974dfb5000910363869990b7f82	105
taxon_397bcd8ff7157a6619817351dc992ce828fc273ac3c92def25b180073f88ec6f	104
taxon_49763980a73a22f09edf2916b12ff910ba71ea47337c153cb1b0a9080edad4c4	104
taxon_70b483375b73308d7840b3d97ed7b0f595bf529aff1a8eb83d791c1c3de395e0	104
taxon_70fe3b849772393389845a874730adee866bd4a17bd4603039cf007695a02843	104
taxon_dc490a86187803bd4ae1822ca4fad6294aeb1cae7b4e1bdf31dcf706116ed3c8	104
taxon_1970cf4ba51441c6b7b1d16aa832f28d8848424ff92a1ad64743915eb95d46a6	103
taxon_25398bba7e1708842157df079d9f9b6021a936f21a07f7c41536a24d4e640fb8	103
taxon_2db4a82ce4d230faf16bd9e811d1a608fa038292d748d329442dfe28e77a5329	103
taxon_42e146942886e30db013535a847afa30ec6835412b86c5c28f4a8bd2adb7fd8f	103
taxon_444ed1e0a0bb0ac39a01e23b003f363098ce6a6f88c4b92acc1a9e94cef809c2	103
taxon_462c18cd217e3cee8832584b7b79aafc047787f43354f16a6bdced8593aa709d	103
taxon_46e87b4d7ee8a510f606a401ef531805fda272f6f1e7e20b7376f88f8afb68a9	103
taxon_492afec390bacea4f8dc2b18f93f74c5b40428e866a5e310bfc0fe06e8e0634b	103
taxon_5609cf426625311bc5edf5879cbe3aa6765e0e529dd490dcc3dd597e3e7c975f	103
taxon_5d33532e02eaec6a59bc5830a34b684bd5cb2cb216fb0120f48279079138130a	103
taxon_a4e24d92b4f71af1d60fae8b51ac6db25fa58e5d8228e14ff8663d8bc5a00437	103
taxon_ad1708a0c37bac856b205b7d6e3a4199b87c207ca7186ec6e15aa5232182763f	103
taxon_dafc7ba64b972ad071023d5b07efc6243a0561066c1afcf6e4acdfb28b3cf4bb	103
taxon_dd6155ba84a68abf973a6c01616dcc5a9955c3c1a84dcf065f851cb9e8e3b568	103
taxon_fd32e9aa0ca76eb2a183dcaad3090bce835aa913e9dc1deb9fed0d86770673bb	103
taxon_2ff14efa47c1ad5779b5baca1ad1a80d89f02866224dc8f82f543549a28729a7	102
taxon_35e2bd087affdab97314cdba0fd1d8effaef723f7207ac8716fc8d2282d44f76	102
taxon_4e36408c23b2d53c5b80350f224341083b90bece4951ae70c3d99c7d4a586c4b	102
taxon_6206687ba8df010cc2160b4113edadc2e1861a3430049c27a1a716704d4a2aa0	102
taxon_7620ac6062f29d4ee37265c710a8fa5145a7f56123101b7267fd9e02b6343444	102
taxon_8e60d27588cde8ba6dd1d807cfa81a34aa9e7956ddfa1a0c619ee8f50fd97989	102
taxon_e64977efed52b188c4760e7cca50c7a79ec9a9f31373f59da123746291d2e556	102
taxon_ee5b58d5d8334eed45ab9e095f88c1ab297c016855717160daab7f6318c473f5	102
taxon_0b12386824c33ba97cf2c98463b4d4c1fff30293d9349b2795e2f870a9b49e5a	101
taxon_60210794638bdf38d301a57d162b3a52a9c793bdff59a31ac36011a523742274	101
taxon_71d8c1b5f56178467c46263b3130f48ee8157e4fbcad4f20a8df9e666a8b9b26	101
taxon_831287cb5c87eeaf975b3df0f32e7a14eae43328478442c4b33d1466c2581098	101
taxon_d6c54c2e1ae73ddb06d6477e74cbb4ef455149fc4121e48ee39b80df19dc9486	101
taxon_da35e83af0e92bb3cc6f712f1d686674881a205fc4cb2d01fc3ecff1cec90407	101
taxon_de8aa9d6ec08f0122211b57940fc86b783d3d5a80328e6e5c423e81b3818d31d	101
taxon_f0c16ea0a5af9a73ffbc2e23a43a6ddb61dd16d31e5515c8b63b23326f2f732e	101
taxon_f0d943999bfd1d27474f9023d64d57d4359c77b9af5d9cb35dad2ca9150d92a3	101
taxon_fa48c095eddee4017fa7cb8d1c2d96613d29647db5b92f47e9ee9f6536c27430	101
taxon_10de0f9e00a750ae4f3ac1c4fe41d84d9f8e85af98523be13e46cfa417e25897	100
taxon_2469d88d2b6b30b7c05db916ca9b5d62052109f175596616eaa9c79658391d88	100
taxon_3d2ad54735a8f13aeb9c195562bd0831e90702a5c5825c535ec316dc36ac9497	100
taxon_4ad8dc8528e61726bfd975cfea213262178668fbbf3baea28469271d481a9d7b	100
taxon_7e515b58c308b3a53e69e0163daf3e3e65ba37aa2b83076a0dd17a740306b44f	100
taxon_9afe6ef0e477e4fc7b83d97650bfe05eb9172fd4011f2bb9059273ba62168fb9	100
taxon_9c4ec27e98ad44a336aad0489cf1d63cf2623e92d152eb988691cc0e65a8ea5e	100
taxon_9daa39cc35b3dea5709fcbb1b0c9b9204304a5dfda7a6157e6c6ee3a2b3633ee	100
taxon_b294c6da66cf77787b4036a266359336c9cb2c584f61694e0e1eb52e2484c935	100
taxon_d6c2d8d0d8c9c51d194480fbc111ca866138592bd3fe0b950d90e99e63a1b531	100
taxon_ed59edd10d4877d71882377d13cdc6d57bd057c95d580cef8fc33900e6d28831	100
taxon_01f850364ba36f5919816bb0fdc36528c9d74abfcafd2966c2e69605289e09fe	99
taxon_152707c3349ef641d063558247658edf7ed0f1006c08cfed818043dc155d1831	99
taxon_4154fecb1442476ef93f3b45f4ed451c7782cf62cb865b94159c86709bfa7d0e	99
taxon_42e378564fcaa69128e6e9267a8479e388070d401b9e41d8e00453b6490789f5	99
taxon_496b7648a7c83887b73b33cf91bf7bfa999e079d635ca7c53534fa022014c79b	99
taxon_6bf807aba8deec6c1a4f38f6eddd008d785fe311c11486f99f805953bfcb5e22	99
taxon_819db54709fadff4ea512bb9dbb1bc8e2aa9b8f411d212bfd89966cfb505f9d9	99
taxon_a04e463b2c70cfe3e7d755e1357c7b88b94c777ec5dc9ab6792c6b6da4ede599	99
taxon_c38e7b98904f9fd508f10b7a19e9ca5db5b30c3b0d933d4145cf5ad5a95ae146	99
taxon_dd75fe79485bde20678dc0b5f19dacef8f917b8c8b7e470229b4ee00d5c51c54	99
taxon_e6c52cbb16cbf2d5be39a83f5853fe0d555fd4541b8d98f3e9b56152231b17b1	99
taxon_fe4db483ef297939aa2b45823428634f80fad7d88ffe80e096e73939c2848a5d	99
taxon_053e71a2ecff6faef40d92ec984b453a988f53f52ec15b2c98887e085bfc2990	98
taxon_0c533da1570d736334eea8be383d529155b358cff5618f15c57df0507636552a	98
taxon_2ba6fc21d4b95ab094fadd39e649908137e7c879d1ece72f8cc65cc8ac436187	98
taxon_3d84920b889f91e206c3fdd85114f78f1ff54753ddc2315175c44a519071dd8a	98
taxon_662d109fac8551cd4b8a9053e64153f84ca50664b6db0eb46c8dab63af7c9683	98
taxon_77b15bd30c4a599d37b66803c4cc8cfc6750854d75fa6e5af06d989cff8188cd	98
taxon_8746ad398e16d24a844835d41b2c96812487bc3b423e27daa636331660beec5e	98
taxon_8d9c4a79e6a1d93b30d1a63c71eff5a7de252a9b5faa57acf9a9047973d3473d	98
taxon_a41faa1bf55c008910eff01afef761db50ae3980ce23f0e64e07351328429168	98
taxon_a65bae44a3f6f37261533488f3f11456ed821a68f18f36248a50d62693546191	98
taxon_b492ceeed8b7ded07519302952a9c0e858a1e17776d1afdf501999b70211dd66	98
taxon_bd228eee40948c87656b2ad9d1a87f510ad325fe20ed7b46cad3e2d8838410e7	98
taxon_d4a69005e7a52ba77324f9ed9f5fb014dada82492afab683b8875c8e7c56b527	98
taxon_dab62aeaa56d43aa9f3ddb0c70ff3d0be98be9aa8df44fbc642e2c698bdd7424	98
taxon_e741c74709cd46308cb03951501c5b4c041ea739622c58171c1e8ae5da468655	98
taxon_f5b714c0fb76c2230a290d039d13a657fb57ac4c658c1985c16f2650f248dfc3	98
taxon_00b0a9e675352fd7e81213808cf217ef32ee2e3ae18a82a1c2b5b7915f449f5e	97
taxon_1c0092ef8d57ead4a785ad201c4206238107594a5168f63d4e653e16614063be	97
taxon_1d0d5a54a841632c9a4301f9dd21d094ac8007a594f491ad5c9a339a25af0ecb	97
taxon_20e3891cdd3954ca234efb7fdfdb1393d9990c4099b83b991db23ec186e34388	97
taxon_85e8da3b0194bbd87d6de1b94ca76654223a4c65dd325226de52d42c9777a9f7	97
taxon_9237a19a41f34e18d9ed36c2c247e0af17ce2302dc238b3bd7e61cf40dbc1a10	97
taxon_a82b135fed9dce00f39a6dc3deae9f68e12ce90ed9bd0724861ace42175221bf	97
taxon_e412672fb7681441effd424e76b79045197c2f4cde115b115f8296920fef2b78	97
taxon_06b338cb9db139bb4bf0f78ff654fc8ebebdda7aba7367d23f6cd09af9daab13	96
taxon_1a134525a68a26da88bd7c0e27c6297d08d1b9551b76fa1baab4ef90f2a14a46	96
taxon_1c22c5882b4f91e697e57699399285b0cca00dc24046077e9b92c5f09539e254	96
taxon_3f877f688d2d0b3538e9d0421d893a1de58413bc564834d81a9fafe410f3c649	96
taxon_5131a28a6e95b8b5808845ccdc0fe4fcfe74ec4ab076842d2e6722edbb9cead5	96
taxon_524fa839368f31a5582027480fe4160acf1934188956fef5b7ad2a851989c79f	96
taxon_53b8092f2b1a36fcbcd8d55386606276ca3fceca316ba99c5e2fb1bb056e3cc2	96
taxon_6fdda05d2d0e4b584664eadfdbc6e5b9100a84339db30d74a6201e79d1595f67	96
taxon_ab9b04b021755eca9d52eddec43078dbcdfb1e18a4d2d658fd3ce38f95f8f29d	96
taxon_ac6145af39c996446f9b8365d79da1c52701378d5d5eb89890d99c0de1abb02c	96
taxon_b9767ba7f9e4263221393f97d79d8eff512626e8add044406a91a215d98bbb13	96
taxon_c62cbaab681ed50c7ff669966e3d8345c46a8fcf28575619827c92181deef216	96
taxon_cd7c8e4a8e5457a1aa932f656f5cd4f14314151b88d58c6c502c9bf6ffef3855	96
taxon_067f7e847b14774063dc99207459df0aa96ae4c463d7a6a77e7c4bee4cc68b02	95
taxon_21ef849ac05ae99ad2eff2d5298069e87c2250479596194df526193af662b687	95
taxon_29739859d4a2e9823a5d69f549f1005b205f70bbc51ae101a0ca9f4071474363	95
taxon_29eb367ef39abca660180812ecbb5cb1ba1ad27ae01982944dc2c074ab7998a8	95
taxon_32ec7db2aeff093dce010e70dae76a22835278d654a4dfb42a95d8ed7f4f69fd	95
taxon_3c44c13ad2ecd14b254dd2638e682ecc8dfe22a175aac7a650a644818176fe9d	95
taxon_5228031208931077dc2b2de518ebc0a89046c0e1076b2251fffc651d1725abcd	95
taxon_5518908568e6de0881eba0e9ad6976588600368df2792d770ffa049b01e76dc6	95
taxon_576b46d823486996ffcf68cbdc180941a9b86b0eb27c010a9801a434a1ddbe7e	95
taxon_582cc9a85ace15cbc7cbc01268591be167154b3df0c7edbd975d8d0885eee817	95
taxon_5967553b6f7e0cab9313c92698fa5e189ee7f27c210806285c51937a809d885c	95
taxon_74f50ffa8892dfe6a94b13d25996ce728533be24836ea91e4824b0fa5f68ea18	95
taxon_863671a28a82141b57ac20ac97b1dad25937a40cb6c8445f18c3267d5a8bce79	95
taxon_919402797324c03a551109a9cff0f87e8fcccfa75500914a2b2a509a451ad4e6	95
taxon_e3cf881a697ec235f20f17b712c32d3e0d5c1f4c216092090f45e2b3f3226a8d	95
taxon_ee271d735fc54f399833d3fe8a165c69fe2b2b435ae0f1895aac32b6d6373a34	95
taxon_4315fec89f89935730504dc8793c4ec463c44aa95cd31a23f83f1f15725c5353	94
taxon_5bada910ad7a6844d238d9a2c72ac087ff4292891378a1671cae023c522c2bec	94
taxon_68307dbd012081b128c2383c626bae0391e1644d99e2e2d8a8f907cbe60bda48	94
taxon_6b8aff35cb3a73e506da8d703d3a67f5308bd84f9d60d79abab1ece650227e7a	94
taxon_ad20eeadf45ae45dba1dd5bcc9638b7adae008196d2d2a04a0ddd93f794e4eba	94
taxon_d64a1b842d37c9bb0c577b3c929fdd024026c895d686c76a961b74b29d7108dc	94
taxon_e84703d474a6db3a8de4155eec6955ca8d2df5f1258891ebcb40a26ef1350130	94
taxon_e8628bcbcff12dadc4fa112c07940fee6fc9f27c4c96eb863905f4dd2a02e9ad	94
taxon_0d02329c72cfacf8ff8fcb8339e1e48f8b504326bb1577ef3bb1afdc93ffc395	93
taxon_0eef86a1a87f99385bc1936d1e957f761582aa662b2a89848f46a637f38dda9e	93
taxon_58302b90f9b518ffc785aa041cc0db7b921f23c0e3d5633d65c44df8a1f86dd9	93
taxon_77aa71b760941b744ae3db98cfda15455bc9a6c04bc245e9ebafcda93bcd7d70	93
taxon_8132edc586698c562022b670fc325f04cc9c0d9451b6dc51835050566b847d1e	93
taxon_c40043a299e61c5e2a9867ade853e0d5cd1289cf3f57c7f84245ef2e99a3ec37	93
taxon_c7d73d7e5659f32109f82dd50aeaa1605eb51e81b115d24ad07c6ecfa1a1e2a4	93
taxon_04b10fb76d68e7441269c4e3d01b15087d5f05567afc01fdd9d22297fb945e8f	92
taxon_3b0fc66ada2ce6c41e1df722b031f4c75d63895826569bb9d20d3bb5d299acf3	92
taxon_5fa2ac6903f2ffa1972624d0ad4e25ec4aaaeab87d170690c4f1dfa1a852ed5f	92
taxon_77313bfdcbffad52027b73e79c06ba0df04e2390c931e046962f8825db06167e	92
taxon_808bf1b4f1ec0b3b9f5d7d1936b0ea6718a43986c51a0050d88e066147a23a06	92
taxon_b9b6e9b99323f6a85c9c6b94f05a9e588a0df2613ffcb889c405f04d6920fdfb	92
taxon_d069353b58271e17016bb5601085caaed897fd9eb3d3e3268dd78bdf32161768	92
taxon_d1c8f2393454d19536392728d65c6a80bdb481149034dbf33f79d503915e379a	92
taxon_f328702668d890e0cf0cffa8ec7125411c999c2fc606516a2ff6c83724cfb736	92
taxon_fdc72ec609cc9d264cd4ca77cba602271f6a2577dcdf1509ba6e974645bfc6b7	92
taxon_1adf2c11c362d0d78e60ea2fdda70a7396997c18c3c7481bb1763b67ef20ece7	91
taxon_1d27ef30261e9fe284e69def48ad178c9aa99613ffaf0590ab0c83d64702f301	91
taxon_4ca3cb225964210c9d9bd50cbeae02d813b147d423aaf1bcc8d19be99e3850b2	91
taxon_68c21587e447c3d440454698301d07da52506484e658108ad84769dbbc234ab3	91
taxon_7a436d006fcb58e3691e2d5b747145d4e7d0760fe484f67c43b1e778c4f42176	91
taxon_8a31645d94a4da78f7588987be6046f94c47c9252849214bee2cb5bc9383b395	91
taxon_8b7b50847ad226ac135eedd333e918c574a257988ae897482f0f04660bb1f0b6	91
taxon_af411fd1dd77f3c8d5b108b4b0fb2d3e11c4ff3d69d0b3512961ff88e66a3f7d	91
taxon_b1bd63d087b943b3fea70bc2f41a5b00dad42ecb4b6f176d951a3c762025cd7d	91
taxon_bc78804d86670127fd43d6cc8481ce3aaeb6ac5585d993ee58c67291aca57e73	91
taxon_ddfd2b80357d4572090154b20cca39339c7af1412edaeb1d57deb627875ed61f	91
taxon_fcc4bccb273c2837ce77ac06fcaffd4d3673417fe712e48140ce4aff9a960a6a	91
taxon_056d195c8a3d30d50251095671dc75c23443d21ac5d52f9f153c5bad23c85648	90
taxon_2118dd2ecd934547d33830f1f07562b55efd8d6392b5803905dfd2a43c8a0d1d	90
taxon_2719e284b375ffdff0cb84a1528c0e50c1a190b93dd59f7149517095e010b221	90
taxon_28370ff8fb1d879b46e7eb928fcf13b102c1f7035a4667d0832b763bba1fafbe	90
taxon_3007eae722c9ff0db44ba9a386cd014cd25109bee9bd80d5cf8c7f9f3ca11f5f	90
taxon_57b77930680cff2f190145c71f0a02310aea5e0a73840a9bd8abafc47272742d	90
taxon_6d92c2760afa3415beda0bfd783bb37e2a4e620cb18ac8b13373fd26b505e880	90
taxon_71c6369bdf458702298deeef6df558c56c26cb74f540cd5c717081a2fc44466f	90
taxon_7820d5ec0730e09aa2539a14bd6ffc3040f9780fb37793cb96482b8e8b7662b9	90
taxon_9ccd3dc53a48284d6fc1137cb5c7b051489b61eedaf9a297ced868dac4552571	90
taxon_9f987191f02ed6b4b44418227b76eb23abe19df4954dced4d335ab099276299c	90
taxon_a4428042150815ba2f3991cab1981472ba2bc598b8179179f60327b8ceb755d2	90
taxon_ce5d98dda0dd62c3ef707adb91ffb5816cbb86173c865d7a8ff458af90f20ab5	90
taxon_d3481b8daf75f31a99716e57ec6f28da5875c8ecebca244510418b81f0f45ee9	90
taxon_d800a45bbf67e8e5c34f3e760752a6c7d1b1a29bc4431714c03d9d0101da3d1c	90
taxon_e1d21e89e6b712176c8eee6d2445f9694536b962e3383ec2c22057dabc40ae4a	90
taxon_f3ff66a97d2185ef683e5a7593fe2f5022e0cf836951553a04ec09a63d1e447c	90
taxon_f99cce99fb126f0944fcd1922767dcc96dbcd06c2253852768b5a3c41f13d0dc	90
taxon_2afaa0c0cd3a52844a9c6a98f0a21d6846c43702ecda78a65032ad65d9c757dc	89
taxon_1cb57b66176d0fc419be3a0b5d025405a59d3a664d369668b24c2839e0fe5195	88
taxon_22ac0962f26bf979ccf303ee66ddba21ff1849dde72b9efc5ea601d74e99f5a6	88
taxon_450b4d58d6f275a1f8c8c3ba75a90b3252cbe897e8acae962af6c1950f04b0d2	88
taxon_96c1b2f6a3f3eb6eef86ba9db767d80ab7d6ceb676334e13a2206fd565e76aa6	88
taxon_a782e9258bb0b2447ca46835884c7c678ad5c725f72b140a6751b294f8aea52f	88
taxon_b39699f6459c234ebdcdcb3757ac20fed7a09cfe3fd5bd051faa7578ee0771df	88
taxon_b4b8c7dbe2c48be903ea2843e0bfb03593b2d8f0a2fd5d31c2bac4645cc92b52	88
taxon_b554ba41fc278199b840fe8858d7c205c2b7ebd0c7b96a45621390ef0bbe3832	88
taxon_fa149505f194c27424d5cab1318d3c03b57bb95ecc051c6005461aaf33b44665	88
taxon_08c658e17871114e2ede636bc66e1a4a1e796adcdfd3f36c49adb013a6f5b24e	87
taxon_0c5a5138fbe89ff4ad9d758fcadbd0c8640fa389e8dbfcb4df365301c06bdb02	87
taxon_0dd331cd667e34af89e8277a13e0fac3b9b904f76c258d330ea0ed2060c7e28c	87
taxon_4c108988b2cbfc02ec55f5f53d6597e6be64275d27a748fcf6d8ee37d7437d82	87
taxon_50914762d36e6993634c9af1b0c28960dca9f23f0ba362b0d3b147ced2fef1f6	87
taxon_7bf427e61629919cbaf4ab153d7622708604d8c7daa6b219ef275d4601ab85dc	87
taxon_7d07146911b2f49c920ef39aee0f1f1d0d156f389ba970c1a0b4ded9cf603387	87
taxon_891dc2c4de16b785e608d1e11cfd2f0d2acf12bd89e76a22949b32b94d9579b5	87
taxon_98faffcee245f011c1bcfa074ec67ef283bd1d05b378142a437a8bb4063ccc2b	87
taxon_bbae58639121eaa5cdec45ae74d2803bc249f3fa901cb3da111565452db24ff3	87
taxon_c109f06822b251860479fbe1ba0be2a7bf8c94389dbd66d90191fd381d098970	87
taxon_e003337231c0eabcaccbfd10fec665e63e27a9d114e5a09e2d5fb77f9e6d4349	87
taxon_e1de9f38729ad1e16faf2550ea62db19efae8ff353f601a98efa174286c1b6ab	87
taxon_0ae8b79498affeadaba76392e6c1a039c2f59dc316b8f30e372692a5da09e980	86
taxon_296023f863e1684d1e1c88d0c53ba6000b9a11de4807cb2dee430e1377510d11	86
taxon_93f4cd864a27e013a7a7ed1d6589a789c7833a3d594422c972a0a4c373a17e18	86
taxon_94e9017c8bbc8b0be5abf446e38f2d881f6d7a3ea19147f9961d3145915ba61d	86
taxon_9e119f9a9432061ec4210fe42ec382b92a9edd249d5b97639dc584b4c8ac8480	86
taxon_de477c490dfa255bc5b79e2646736bfeeaca35b66bb3bc5df8e4224a1aec7434	86
taxon_df0614e896a3a4e40d74f30e0d67a03e52d5b55d828ab418f6a9f8ae058caebd	86
taxon_f4af68bbec568193b61b328edf673c78fb338cce32ccc1c41caca90318609b3d	86
taxon_206008496ddc3babfd17a9459376e4a0fb7ea98ade2e9323f12b3adf8538beb2	85
taxon_3879e3f3c95b1e5f528021988a14efaf6855211e614c0827e777682983a98859	85
taxon_55820d021487ad69f4ae3a9127db9f74603184cb2bc241d16b6d83d4638a9881	85
taxon_67394c06045841f86ff4b2394ef86298ceae60a57276f75f877b76ed3aeeeee9	85
taxon_73c7fddab047bc92fa23a8954308932050c589117c3a769aed5c34b120c6b537	85
taxon_94895e6252d2b731bb2ca2862c2a42016e5e2ca7e9967a03f9930997174f785f	85
taxon_a0115c9658a0f6545deb1b406c27a6dea1a50db032781aa3a786a8462bac1a3b	85
taxon_ad854822fbab4244fbf684c2c7ffd2ef1be90b1e6450f778deec8c80f268f347	85
taxon_b2e01e9f91416b8ff75f669ddfb2f22d774227be07240c651f1ed0e6a39a1863	85
taxon_d77a67d414dfc4cc68e62f3274c88d113180a4b758b518f533e844e0c7bff2ce	85
taxon_ed54b764e392c50914b2ffbae29306ec9f615524dae82cffd09d9500344aa05b	85
taxon_0a0057e86cea71324dc9d118c0fcc113a6b08d26dcf1b650472fd400148582ed	84
taxon_4692b0df65a0f54e82ee9ffbe71fda387d87515e6ebcb059ccb69a470cde66ed	84
taxon_57ea06a48c616e84778f3a7a916be911b26092b1c637f4065b8ae129aa1fe16d	84
taxon_59aee22b59a959e795b5e59d3dee706deef9d849555080093fca4ceb1f2e897c	84
taxon_7755c67ad52433c840b6230e1b41ecd20d5773b4533abd908319c51c0ac82e11	84
taxon_800833585910b43162e4131930875ac44c0710676ff5f6febcf0f958746b5fba	84
taxon_8e597b4a3193a71a8f23e87854b4363a488fa203cf99a207773bf22d0e0cefe0	84
taxon_9ecc0e0e9b7c3de624a54b020217710c637d22a6fb48041ecde5cf0ab74864a5	84
taxon_a79b50a1ae5e6c199e6490d0843a1e5e69f4df5d7b3da8da36cfe4dab063e7b8	84
taxon_bd16eab877c593a1419847931de60294032d1d23ef5d0b03016084246dd15d2e	84
taxon_d7c9a138ce2b6813ebd533000cb557d2bc9509816abc6ecf103f1fa86e2df287	84
taxon_e52c7114caae975052ea34f743067708ddda3f3ffdb207f7443194c09630221d	84
taxon_f2689d5a363c2e470223ab452e2c9573c22ca02a44e21e11eb8977cb156e18fb	84
taxon_fb1d000e50e82b09c63b6f7d7d1dd99f53e811258368c5ef3ba235ed92ca58dc	84
taxon_fdf1bb3abee708c0d66154df72a6c3877226af47bc36a92c4348e35a79e45556	84
taxon_182dc7bb8ac3f7df3154de1825945dc15eb8f41dd862834eb1dd06a337056406	83
taxon_1b05f11bcd7a5a1c0ab73898eedbcdea423b0e8e14002216d8cb4b0661ab21cd	83
taxon_20af49d8463e364f670ecd3a2854465910c0afa4269b6ba6dd1c71e36b9e3b01	83
taxon_29195580976de6bea49d64536f9dbc102e9001e129910771335549a2b5c0e7cb	83
taxon_3da3131517870374ba542c4144185cce0bee1e131a038fa45ec78cf2845f91f0	83
taxon_4015f0c737cae168f66047aa61a209b2131a716a5262a7d4ccc6c0087a9d901c	83
taxon_7208940f0c66e09dd0841e3b61caf6e99de44729826c8e8800686aa0b894ed7e	83
taxon_7901e12871a3aa0a4597565d526fe46e3d216ef1462ef86032073854216fa0a0	83
taxon_99ebb26661c5c6052dbe4b91b9af1ec0dc5955e6036d8a5f17c2ca5de1a8c7c8	83
taxon_b0cfb54db88cc7260f1dd52abd79e6f1731ce42162423d58800a64af42f58657	83
taxon_b85d9041116a9f20b27d0b9428cba594363e349178383cb7441b130b19686bee	83
taxon_bd0ef0e35be3946a743a9d55fa344fb31fa17713f6d6b069f42a637c799a9aff	83
taxon_c9ba1374a2b1df1943d0cc719577161374c80f7edfa83a837294f4b60d95e111	83
taxon_d62536cda5bdcbb72b092310c42c785c9ea2de8deeca4bc2b8351d39603010c0	83
taxon_d7175dac057ec3df33af5c20612aeea5d2c321fa4efbad2afff30d040ac5df89	83
taxon_daef66a15c16e496bf794ca03ba1fa6382705250b6526f7af85064c84d6c4f8e	83
taxon_e72a1f8ceff1ff6ff5f37dc9a8fb56d85784a567559614d1de9f2d47203ee81b	83
taxon_ebe7f692eb7a04a6845d34a01912c875fa64f86b1f53559804aaf24d6e2586ed	83
taxon_f1c1b33d3fbe8fded40171256d2290e200f047e60b6f8c5fd20be008ef0a204f	83
taxon_30cfb683a2709c9e66b13d2881bd15ceba34b6f965d0d95657f4231da7ad2aee	82
taxon_3f0ddb58a6bca9b7f099b09e34028269a7ee204efa9981f88c3b8955f288f3f4	82
taxon_4da28fe7b0072385492e626a20a53a43eab4171c9a8334138dd4b74862da2f48	82
taxon_585c7eb0cfcc0e832a8a25a248f501e8cd2fe8864d5099d3ab63ef61168830be	82
taxon_61c5451078df66fca832e06820abd0a55c9cc8012d1b9ddb7ef36abdc58f756c	82
taxon_a786ebdaebbedb81bb04a61a21b836a54d974ba0c235a2b06ea24212d89f87f3	82
taxon_a81e0cfe33593905502abdddbca2814a9ff2db2dd1c8728382f28952136c3cbf	82
taxon_aad0a46548a6a786b7dec251a7322a5632a2cbfe934ccd8578fe40e0de3c9f78	82
taxon_afcc453648fb55f551f504809430f00ecc7545acfcd792922947f6874304e240	82
taxon_b98555820dea6f0cd84774bd23e35bfc30b1c87ea97a3e3b80442f6946dedaf7	82
taxon_d844b850762297ba75133e5964068e90d40a33f682a1309ab12b3b378f8c7c88	82
taxon_f794a72c8b19081ba92195010ee40be3d52313e465b70e3fd922c4381a616424	82
taxon_fe478253f610ad0b7ea169eda51d9496bc9c4cfd06f012b8dd8fa49c0549c620	82
taxon_044de2ef2cb8ea0cad36d63a5aa52beb313351ee09e2ad03be57f8a201d70f71	81
taxon_113e11425118aa03f770d6f03fc72561c93c1dcb0a86e2afe06a868b37f9b578	81
taxon_1deffe477f9f9f80c18824bd60ea2024d07bcc3e3c3f94a32faad85ea83356b7	81
taxon_34a57896e1677f68c20ed1fbb1467439e49fb3b1913d48a7960dc5401dca8ca4	81
taxon_3e9f97070a05fd8db98488439f6e4c963954611a0b673be906e2fbbb6d6a385b	81
taxon_595113208c9ae1e5c508a5b220f7d0fc0ce267a2db808702da6ce85fd788c388	81
taxon_5adb7e6ee0daba393a28d31124cd731225eb17ba4bbb0e0db2f71f5627925909	81
taxon_6a844d3d2bd0500cfc64fe81fb62dd380d33f5d9d00897f78577acfa0d376ed5	81
taxon_90632404681d7ade1d898cf79cb2396c57e358eb0c8d9122d6386fcf3351075e	81
taxon_981c500d9ecda0a332980f7c54c9a2bbad048de104df24c06a8bdcb192d91952	81
taxon_bdc05f45fd440798d25b2ed1316c1b04d760eca37a2879743fc8b95f315eabaa	81
taxon_c05cdfeecc8182fd8c82a15035ef72efacd2607b646e9eb88d8b0ed27b6888fd	81
taxon_cc1365dffe02f7023f7a87541dfcad15ae78f182bfe91b2a1ca98640673e68d6	81
taxon_ccacf00e33370409a1b42408f20eb18b4664324e597ea96a16cdb86b4e75d6e6	81
taxon_d0a73a8b360cbdfd8fdf710f980dad1e1579a99df2721875acce280c8254670a	81
taxon_e548426a1420a786325da95797c65e3e438dc9ee47426907f5efe21c85d93523	81
taxon_e8e5949a9609f6b63c2b4def2bee44fff549b64a7f44c5920014a7c2385d6f37	81
taxon_e9dc1f94bf6fc05f49f078d5b29f8c7e5dfaf6419d55a468fbbff34aff347334	81
taxon_26aedf458736cbbc42cd91a647bdf372501eed9468f15a13b8f4a91093df2f2a	80
taxon_4f2f2f6816eb7604bb2614f459c4a443dd98c271485f098d90b0e93b68142056	80
taxon_4f554f13d237bc09091786101cc9325eb1051160922ba225a60403248b64193a	80
taxon_52961b1288cd738395082dbf0ddab39941bad02ddc7ffdca7e4ff10cc3f78835	80
taxon_5f28711f16ee597ba280a1b5111621191d9656b7474bdc986d5ddd4f9748a721	80
taxon_6a69ea65f1d085343ffaf183cad87e766f7a4546f32c3dcc4bdfdb02b2d1e3f6	80
taxon_7603811092221911b69f7c2a07f57eb9dcaf89f4b0a3f43f78fd552f9ffe6cb0	80
taxon_960a7bad39a8489aacdf662904917de281534909fc069b5269ec5c2ede7d28c0	80
taxon_9b2f8366bf9984d004cc6f21281b45bf1f364b3579a5482cc2f2b8f069d0fd72	80
taxon_a43cc6474b92c446227057b7fcfd6da53b33944444dee7ce994f2059b0e9ed29	80
taxon_ae571539108941cad3f27f9310f5e6e3228f5b1cd81b63c4d475499798721163	80
taxon_b19c4d91e2c346e4c08e8e253bf31bee01931f8b97b9fd7348d9199c591d5666	80
taxon_d282878a237c060151cd5dc918646d8c6e603172488a34d7184f34cd956dac25	80
taxon_d3f727b5233c03ff734217461333142c82d7cb6743c86dfbc84c1125db9530d4	80
taxon_daac99cae7bfdc4ec717f5e268dd1a4a3051e67dca12c2c4ff425cb6990abe38	80
taxon_e49bd39e6330264df845d4c94cc35d667733e2ec306b521fea92357055badebd	80
taxon_3569920a60a6bdaf60636f2781fe87f5c2a852af2732d227ca24b76bff514d73	79
taxon_58b2ec0323f28ddfdf5cfcd229b3e005ddeeb1643cfed2cd85e481f48c8c078b	79
taxon_679312432f65ecad470dd7fcc369059ee14ae5565dbb57429ec3bc7484a30559	79
taxon_75efaa8b29b75a1008738ba36668efc67b09fb75a83f3742bb354293237cf4ea	79
taxon_8f839fed049a19f30f0e755d4ded2b3bee0024eb28ef278c75e92287f1e4233e	79
taxon_91621a808230ee01177890f10dbd77f76625448ea9ceec78167efb565ba8e8c7	79
taxon_a91f333da9e8b4410d32ab137e10bb6da1749e4104b9530c9cee181863b7b401	79
taxon_b421a2fe09fc12dfdd76dc919f16feb3bfa3aac6167299706c4068d548ab10b1	79
taxon_eb9d0963af0d02bc8c649ffb7a04d9e4ecccb7e8312360f878ef1878c666c88b	79
taxon_ece94f54e438d741f1834446033c81b7e7174f03eaa433646dffe363529733f8	79
taxon_fa09cb07fe7af027658b5419518b08933b8b9dbb8eea1a70f19f3c843db68f75	79
taxon_04295414afb81226e43f8839a3bc3a4e2e0bf41c8c05697d8fde4a60ddbc4992	78
taxon_2ef6d2cf6e2a9023d8a3177acf3fa5f19b30842c01bb5cc0b11e39874555d073	78
taxon_38b69cf171d5b4bf42794d2caa51e67fb65f93a50ba617bebcb049483c70f613	78
taxon_5ee5ecd93b03771a8999fc04a2b33f1e06562843530901a0ef37646ec3b10fa5	78
taxon_86deaeda8ac5ab46f5161233c734b893ab30889ecc5a71c2b6a7f0d0e81cb71d	78
taxon_98749da5a248203193768f894c5e8dfb6fe50b25379e801c3563bbf4fc1d542c	78
taxon_a12e315be491d3b9cf3ec39d400eb6219dab199a42687181151517cb1dafe08b	78
taxon_a26311715412a6fe5f68148d64c557318ae741d7a734661ead3094dd7b8d5f96	78
taxon_ae8ea00f5b32697384d6e7d3d59a260829d8b3b9fc257a91d26f708a76926063	78
taxon_d80346508a59ff73f021112e4c52c4ab02fc523750758b229f5fee3f9d3910bf	78
taxon_e3c72d0a48fe3e1c2674d344ea16881b0c6919cfef6990afd60ea628e69b39ce	78
taxon_ed773baa78ca87bf78490b01691db0dab09e8a603c3613a8c9ffe6cc701dd2fc	78
taxon_01f60532c6a80a5dd33cd3bfd1c82250626ae27c10d51d3fb716ddaa3ee32395	77
taxon_0d14c2e48b42676f066f52b7c0a04b29c38adce606588e260d43862abd69f02a	77
taxon_13c2923c7d832e3b0ffdcd9ff0eacc179dca5e4157999a12e91c355b9939bf29	77
taxon_1e99c6d486ecb0b610179e7455b954cf5aaf532260c520bb71f3e69b4f7f0e9c	77
taxon_1ecc2683ff345b09ae7da35cd824eba9414f51e91cdadf94e71566eb93fa65e2	77
taxon_29eabecc0fa3cd5c9c3daaca0d12d281ca62a04fc730468bdd5b3c8cdfd24128	77
taxon_2c0fa0526b22511e910b9e978980c20eaea0fba26ce5205debec5ae7abb5f81b	77
taxon_315000e3bc8956f4f1bbf6be2f02f998c79b381dcbba65901919a54404dc28d5	77
taxon_36ec273cb42b4e65b164ec02fd29c5dddab4d9225ee45c36b6d87930a5ef1cd2	77
taxon_50d7acb037a5aafe621f8f7ec1edb6b931dbd1b642b1cb52fdde4ab2715cb6ff	77
taxon_5c9e4962db7552fc6ed4b28a2cbd8b68f24a43b469bf7f40fd0e5888b9ec73a3	77
taxon_5e5e3f3187dc2c01d17a311a906a6e536c0c12429b9131610ee7fb4253921366	77
taxon_61e627d10a7fb7c6077ad78c4d5b8c272680957623f28dd76d68c7563ac3d5e1	77
taxon_6daee681b78f875421d0a12d55d08be2068aa44c3169ca00461039049cb25d20	77
taxon_6f97d55839eda94fb183d2c3e1c13b4bad8b1d4a6868db8564adf3c3ea2b9c8b	77
taxon_7807f69000249b05eace39e06279acaaa85134fa46eacf22e7a312da8ff6a2e6	77
taxon_78ab6c8f18006409dc68cff813e06d3412e692b5be1c9bcc2f86c5a7b60fcf2c	77
taxon_7e6470bb2acfc2e02bc0e34b0e51177a5a316380a4956508d3666af5d0de42af	77
taxon_8a9412310ddc19659ee755d64f02d101d2f6ab12f2d41d8bb56c40eaaaf94c27	77
taxon_94792565d17afcd6059031b546f968b79a487bbf7c2b15f843e67697baa6dfac	77
taxon_c888d8ce31cf92d996368c456fbd65ccf99d7f3c8bc768f1a7423b7b18a0945f	77
taxon_da7273f5d6d90e30035be338104b3b25d7a3ab77d928d7a6f71902cac265c8f0	77
taxon_e84168f30b1280734e4a7ebf7b44001fd03b9e322bc6c6f556e827b1e76ffb44	77
taxon_e96ce6a421ecd9f3632fc7e33beefe0739935be97ae800d1ef5c1c3e091c7e98	77
taxon_f4c793b94828c3dd4b637a29601f0515f06615bb25172266fe86c6fbb6f2d463	77
taxon_11ae371d7fcbbd67f2798cb0c9e4645a8fab8cd7ed0cb46bdb6bdd9a6eb8de45	76
taxon_15e6dc242080936f732c6a353f964f9b5e61743f6643a3e1147e47ef73851bea	76
taxon_228f81a91de85a9df2c445e30e24b41e9e7fd8c23c8e9999171af96510582e72	76
taxon_336df82147f63db06dcf019b054ff6add4e8bc318254056a54047e172d5298fd	76
taxon_3c4cbb851e100d579b8065474707f3b377384f21f48614cf5e096ebb0ea15f47	76
taxon_4c0fcde3e5814adba96b461104c95d2d61377fff06715e8cd73f47c45ee2712d	76
taxon_562a43e71ade61a5a5582d959438adc1ba624b56646465da3f819f46f37da47b	76
taxon_5759874a22871592c6b11598490bd6506beb08a7c96374a264d7902bc66fa18d	76
taxon_6a4c22cd8f2484680fa471f773acf4ed9eff309452324d175b94d443c597b758	76
taxon_736b9833bfe3f2ebc82966047cfef448b041f26f829ea1709dc6f4a4f1c9c8b5	76
taxon_8354b39043dcc9d45c4f3cd0b5b64cf32327934ed9fd44440b51e5e8a06d7b81	76
taxon_ab235221eb9324a88a6fa883db0970ea069576ac38db534b0547175732785bb3	76
taxon_b7c27cd18ef3f1edc4332a666ed092f14716ae30f12b62f1b3c4629199530b8e	76
taxon_c181f4f5b94a9bd20c430283faaaa2e5fbd29e0e1420d703e6b7c7f6f244d4a5	76
taxon_c6fb4f2723231510c2a0ee35b0f1d6f2dcf9f67f5efa742857c2d7ad28e5afb6	76
taxon_da21019da7f9f855c85d8812124e749d308bc7cf6300751263869b08cd38292e	76
taxon_e910e0c1b385d903b1fbb017cd32e68b2284209493890615247e4048f51a5a3b	76
taxon_ef9c43868ca7e046412fac21504741c6168a473c51bd595af26093ff8369e2bb	76
taxon_0f52a03cf8d6b3f7d37bfdf94831c9d6e257a6fe91afe1bab2f477ba54955201	75
taxon_1106f5fd8df7aa0d243a551cc77986ab020df3e1b12e33ed22d4e1efd03ae853	75
taxon_2c4a716683dfdba3a5f1b2922d59b8dfa1bcfc070c62fbc05c3c8aedd789e391	75
taxon_3615172571f16a3e2c14bcc4769608dfa7a18de8bc457d078c9b2906e99da066	75
taxon_49bb5481e534c8a51d137bbeef816fd27871e994cb1be202c9bf5e02a9409fe9	75
taxon_6ac78e3cfa6bd429debd4a974a33d17090ef66a7cea5f106728a2664f160ddb7	75
taxon_8210d60b2225260af327b60936b32def62e00a26a602a7a11447d2499b3ab533	75
taxon_870ac260f45760707e48adbfd717d06c51498c36ea737ff10e4e51ded76990ba	75
taxon_88bf9c978eea08e929fb5d1c6653e814da8d1deb45cd7865afdedad226bd1e2b	75
taxon_8b57304ebb2e7f00db3e6704395fa8d934c414e177158b95232687fa9a93ced0	75
taxon_f41941a0b384060c32a3d6cd0b9701ff59a1056b48f3ce1e2d82e1de46ad871e	75
taxon_f8023950a63e13a985cb7e57207652c95ae3576a5e6eb2c4169b0ed76cec3b59	75
taxon_069e3ee436142abd8fcb15fc0969f412e85abb77527e8f7caab3b740511f9b14	74
taxon_0d7801c9657b601f28e3e1e5491eb4f1d2c4cbe8a18349b880e377a1b2684c8a	74
taxon_184d990d5bac80d526125b0d915af39d6c3dd0e4ac0c92c3d00518d649b71964	74
taxon_1f3b70e1fa03146d19cf8cae9416ae25f6339d73be14d188f9607601bb9611a1	74
taxon_25dc58b577dc2e7c763bdbdd0e694208bc665dd0a9d95e15c9b06d3b8bab48c5	74
taxon_2fc3ab07e55a3c15e0b64a1148265e583a10e30a5dbf7ed0e0c3433d0eb31e7c	74
taxon_400a75d30499adae52949803c61748efb74c6a427d74f70fe168152c26731188	74
taxon_490db89dff309ab82b5f9ac63f2f548bc5af12610fcdf08c0c99876bc12254b1	74
taxon_4d1cc266c076824e3f061d5c40199cc2d78d47e59c979ad89aade9ae0299f007	74
taxon_50971d367aac1a8a41b88e2264c0a068c0fbf9042b22d25e70ef616593a2f713	74
taxon_584ca34b6a8ccc30c5d6aa92248b3f91e7b8d2a4b6452d81886f001b81a63c40	74
taxon_68d9d8cd91cd01d35c33eafc30935d9f57e1c93de2f0aefb92c86c6c529fdfa6	74
taxon_9651cb9a1309d5bcf0c5cec828f960f74ef797a316480cf3399b3edcbc511444	74
taxon_ae732fda69d8de585d2869758dccfaebc0832ff66ce0da166ad56ed1b2e8be10	74
taxon_e76918bcd0218456f3fce56d3a4df1668115888586a3e9dc89c55f2964ca4451	74
taxon_f5256a30b25ee212dd6fae45d6fcb467cbb75e59d13b30c55b749a9ec1e9a24e	74
taxon_09fda7562c4f768913fe459a00361ceb9da69e89376f3f977baddd6234f3e0ec	73
taxon_0e60e2dbc113719608a818dbba04cde7978f07f0a1617721f94d6be9ea9dee99	73
taxon_16ffed463f2689b31fbc9edb412b952b60b39c5b32cf27a5345c6dc050ef4bb8	73
taxon_2fd4143f1c4aa7bb14456962ee334d1165a7f6f278edbc4d0e88a5960b05b1c6	73
taxon_359c90a38633aa30c46550e367e967825e41ca38b0d5d5f9fc3c5f48e99beefb	73
taxon_412265f1ea0a2bfbee3dc985096beaf9e742b6dbfa330df0293f0886b687677b	73
taxon_461700443d76186b115d2c9c3a6c282fa2fc2c379bc7cf1281d1d9cdb448a464	73
taxon_5b7bc9a0cdba1c2300b8df6dd352d1c8fb75a98f71f464b1489b17c8bca8238d	73
taxon_62904c5b0870008a39e54509abb1b6d06e72bf3ebb329238d96a8017db7c0714	73
taxon_692f86bc095a3e544525b091516072ec8a6881d710f4005046df8bb3772484ae	73
taxon_6b3be6343f8226dfba62727ecb2fb4c099b93c6cda02b20cd7fc5452e02dea0e	73
taxon_7155d9c06584afa2b288bafb6a70d143711eb4fd0677bac3b8df8f947861eb0e	73
taxon_883c05d4a01a13426166726f82220eb2cef671b3a6f9d56c906d91999319fadc	73
taxon_8ba94361077fda8f3938d592ef95c9be49fad3837d3d3aec6027422a76ffd576	73
taxon_8c68e454e9da2cc2046d77d11921ea300c3fa46104137757bbe6650e28e88f3a	73
taxon_8d6a55b249cf3e95bd9ca66ae444237a3bafa891a22454752763306022c7fd0c	73
taxon_920fca8e4b593e0c3125e4816cd02f9a1b491a428993143ec47a02f123634ddc	73
taxon_97c553f6204dded9354c3195af300f1c48f1e2358793c67c8431204b8e886c08	73
taxon_a663d241ecccf0d38c88e7d640d9842201716aed00ab2ff2705bfa38c01115d3	73
taxon_b5f2968738763c9bfd7f3d95def74be91f95b01a31fef17bfc71e3ce2cc292d8	73
taxon_c123d8425e9167d2f154b49530c24f65cefdb907d5c60b1a202310b461741163	73
taxon_def86b72e6577a0e333316da717c7a5f710045332f74b7d840f4f0ca47e88408	73
taxon_e19f4a8c34c8fc6762d667b42422fcbc423b6f53b733af4d0bb2bcccce40a5fe	73
taxon_e29ff72e2270ec807a47be148b525b63f2b06450b280413f71eecf47680423f4	73
taxon_e2d557b893b20995a0f726ae22ce99e361200c4a61c43acf39f5cfbc79d2be59	73
taxon_fe4a0bd175698e385680488d53ae67dd1e32425f9599b578cf8d8f136fd1edee	73
taxon_0783133e837aded8b602730a927c0a3e966b98c04b54bf6b20f61cd3eb93bea3	72
taxon_0d90872ae3afdaa64becffe6b26c59ba4c3ef7ca76fb80eaa7a962d37763387a	72
taxon_122160480ab997628c784c96bcb28e2e90193097f90ffd6159a4894d20f94b62	72
taxon_16d77d7a7a39bb593418606ff3db690ce9458d431178cd32f83b20bccbb92133	72
taxon_4c30aaeeda83d1b562d46f90e1af5309cb948bd52534617963700cc7b5728083	72
taxon_4d1ffc5040b76c2555b3417bf0901dd556424bf52b9981f816a2ad023fe42303	72
taxon_511f3d003b1ee249b19234f5b7a686cc42c9c27831d05919193945554ee63415	72
taxon_65ea138d4e04a247316a1b2a06f4443afc39a3f4dabf02e35b4faa7576827039	72
taxon_76dee09537718f2ff3060cab06b2f816dcacc752e554c19833ba7082b66933aa	72
taxon_89194658cf353083f6684661a1c9ccfecc3c09a922518f26d03dc6baab2b1356	72
taxon_96d9e39dcc6f4ca3bd628a6af51690d21f4ed32c96228ff56511aa5496ee68d2	72
taxon_ac3415525d37b532072d0322239ea90512e48c5875e78c349eff9649b61a8cc2	72
taxon_af9a2f0be368049b4459fa2c9741b65313821358f10345d2300a55aec9a342ef	72
taxon_b9cda70de8093186de356603c683e0a6f845908458f29166fb448d9bb4530ac0	72
taxon_c2c401227f9252811bcaa3d558e3260c6eeadac3535dc0f8d9010fc7abf1d1f8	72
taxon_c32a4a6141046d0f7fcb469778209ed97cb0377bb4dbccb8c1a9d93ab9909c1e	72
taxon_d0a561c7a45c1c11df193fc372f414489905d9109110c1c117294b0c9b10015d	72
taxon_d3e206e6ba6612502ea43994546dd032e9e3e223f8841c6d173d6a78d49bebe5	72
taxon_d6be169800f03d12163125241fcbcfb8586f862b52fe27a42dc36a3315f9de8d	72
taxon_dfba5c7df273b15b283f48d579e2214accb53795c2ae2028166258a205b75148	72
taxon_eaea6e7d23a6708ced547efb0d4d33d6adc76bd53edcb6bff3d1c2f74ac44ad5	72
taxon_f807302eb50fcbc9c21e0dbade2db40030d877a8da7b9c8f060d1ad692c83ce6	72
taxon_19c1a6f5147ceadcd388d2ef84a55b5cfa19ccb56922fc1d81ffced021c4319b	71
taxon_2a8a0e0cf1b288036e7051bf0433bc6016f9c8ad7cc8c75abdd7dc57ca08a58c	71
taxon_2d80c7b3c38848c8577486e7437377ffef167992923dd059199e924dd7e6249b	71
taxon_39db3ea9af5db9494b79e435115475929e7f642e140254956ee641faad1b19fb	71
taxon_620368b4f152479175c2855c2ec951b216d6e9f5dc45007800e4cba9c5c8e073	71
taxon_7a10d8644cca4afb83a7c196e5cdda86029c22b6b6f5860a9d967ebe12deb7ca	71
taxon_7b950ec90d57527100c0464aa63a6cbca38a8ebc33690969c286dd28b8b8f208	71
taxon_7f9d9c95875192d0e076bcb1f2e7cacd279b96ee6ddcb0d0c80074d03b89c676	71
taxon_8a9ddb930ae63846828e93bc6296f0a393ed21287191a89fd93b69b39955ded1	71
taxon_ad1811f44f6d15c8bc4feac9774d7e782dd73103f04d82fa6e5c73678795d79e	71
taxon_ae3caaceb9519b20a665db15cea048a00a85994e518f924022960521c1e665db	71
taxon_b183050723456462fae3828e274e7d0a52396e38e799ea21b3a8d5f44ee502b3	71
taxon_b6ab751bed9d881963fc900ee68be218480ffcdcfcbfcc05e4a361f713ddacce	71
taxon_b763ddc4da2fb8b24694ad0b636d7cfa97ee20169693cf193100d6b3c6a59ddf	71
taxon_bde4c7ae5c1095c62702fd0b28a7c37e0f898bd87599ae97c2aa2db529605835	71
taxon_c8ba20b007903d11e3b6e6d56ba868e047ec9c2170afb06677479ada4b077099	71
taxon_d1035207a37df5b951499284070047158cd22838bd8ced3383513673a66f94f9	71
taxon_dd69bc075bdcdf89911f2a331737fc06ab17a58da510e4173bcda471875c1672	71
taxon_f81fafa78216a1978d994ed8c64dd10df74a9f1e73bca2b7de7ded4e0d7f5a1c	71
taxon_fc7874c9c225d97c14567f235fc9095193d66c61ad5622030469fcb6ab183281	71
taxon_fe48979b17842578de13591f86b5aa4c5fc1e675627a04ad23bc93b4ac046d0d	71
taxon_06fb82f34590cd97d0714add5ae6239fec835cf428133342e2cc316201447526	70
taxon_18d149991af2007c4d85ee2f3239eff9b23b8c0a1dd299abd5ada7f4a6e077a6	70
taxon_18e2adfab57d4f3e175cd8f2aacbd92947a154c38c11bd37a8a1b426c5b72adb	70
taxon_296be8fe94e18cfc6eb71d21c3d3d774ee14e00f5ebd8dee767217fd46fc2f06	70
taxon_3044a34cdb9c01ca6a8c60d88c5b1ad00c25f51995e11ddb8f9bec2966238bf2	70
taxon_34e41012cc301e57a815ef025f0757888668d7c9583518de9c55ab85569a63ba	70
taxon_36fc3e82e6e048a8d539378c6c8b2ff570c9d24574815c541ecefcebfb397fb7	70
taxon_3b25a642f2111404dbd2b6af3fff85af87bf7a13b9f75542d276dd0dd9d4993f	70
taxon_4c990ede2f2bae06b9abe9a2c9c0a17064d5e4e88e7d0e50df2c5ccda381a79d	70
taxon_521da44c6536f3ca1f8428368391bd43f737b51f3e486f684917046598a1be26	70
taxon_66624fb8f049e80ccd111bd7b6cfb82953a59a408fd69f16977c66591b0bd45d	70
taxon_720d8662a475ed68d4f3da4385c4069cb19dedaa2a5eb7a43b86dfa8b2374648	70
taxon_769e1edb89ee5294916f05ab90225e304522c09e94f4260d3ec0dce0bc00964d	70
taxon_92e9113c0c6c0378df1501be1ff3aacfaf1ef7ade73a5de7bbf0e51723deaed8	70
taxon_9ed0e6d44e65e600aa90addd7c2a285e5bae39182856bab76eeb781e1cab9fad	70
taxon_bdb3500a19041626c3f0663dea136494d40637a98f6179ac54dadcacb83812b8	70
taxon_c896f90720cac4489c3e7304c1a338d11e7aa9c9eccc4cb48394d0cea9310946	70
taxon_cb925f595654810ff57b8e6fee2f794f36fe6ec3c4e74ad4869c65d26ff24133	70
taxon_cc3513cca716d1eb902071e3e3ff19565d317ecb6371d51e53fade8c2c9e659a	70
taxon_f2c77b861f6aebac359045bff20b5b24300a15b35da86fa2ff9511df6aee6698	70
taxon_092e63ec6b204c4813d67197959dc39dcc267813e80e29c18a99b7feda09aabf	69
taxon_1be4ab0d4d44602a1fc113351161030ada747cefad8c610acbc6b2cca8e36230	69
taxon_2706d74d9f36a3f9f75437cefe502b3e4397dbbf9412921ea168ebb61a368696	69
taxon_28d7436b6673cf048961ff3b767f9de0d2b72ab70ae7569108faedecf7057b01	69
taxon_395ae098f2efaf4e93a603b897b083a37b89a63c06566f2d2f46454d386a8f62	69
taxon_40bd1d938e9722f3df77b6e55015a5ce43e6aa67423e6a2f0fcfedcc6bd28c11	69
taxon_474c550251fe502fffc7dfffbd69aee191b5cfbe2f36eafb297e8599b925f775	69
taxon_58ae6e96b7eb0c2163afa0c0c71e4a98196621a4fac81f46450cab9f88419326	69
taxon_664812a038277019df7921090dc0aaf130f3a395b01af490846090bae87b621a	69
taxon_6698820f6590e70058d687d2c0807775a47210624f88612638339ee85ff12d05	69
taxon_6efae87559af91ca803d61d6d2a01638a66774cb56f2daa3ddbfdcef7ef470e1	69
taxon_73c2b4bab0a0f8ae04968d8679c903c295f4b442a6b0becb9aa96fbaa104d5eb	69
taxon_7d8a026fbca1225cca237a3b6b5b54ee098cae4f631435ff838eff1744e893d4	69
taxon_9bf62fbf7f6fbc914f3458815c06f3dca9ff948f36b266a83a103beacf34a012	69
taxon_a5eab6c358b4631c67820f88bb1db4c5d8db80fd12f4bdba63c42b1632944f05	69
taxon_a6af5c96490b2de1f341e3cd0fe46a69a83aa73dd9d3759b6d068603ae9fc246	69
taxon_b40825ad0753d43d8f7167bd0d149d1d212afbf5996ed0d63b508c8207c36abc	69
taxon_c5fdc219dd0f2ac92211ca2c9ec17b4fb77a6fd3917e4cdf8e9e6fab63c77eb4	69
taxon_cba156464592e8f941d6c97590d2cf9ad616f7bfd5c0a923a71101505d474ffe	69
taxon_d6a221b1ac85e9b9bdbccc8b638a4453644d605fd9b3e4f9548c04116c7fd3a8	69
taxon_d9a97c374627dc6dfa9505ff2d13403ba8c10a73320dd57e77064dd3fa8b6d6f	69
taxon_e25235adf242ccf4b42861cf1444246cc7dac1fe9ce796372a0b0bdc388f8567	69
taxon_eb7319f3a0e3632acdcfb4c2fd3638bf9a8ca682533bcac1b3fc2c065939f28b	69
taxon_ed4db68e39a7c68e78c0268141b67ab3be685ac1f5d05cf5749c12a87348a2ca	69
taxon_eeb30c6c51540ee67aead0a8d334b4d5d20a3cb989dca2ef779f0492a30955ec	69
taxon_fac6c54a55b5ad3b55951d511f50f2f49c1adf1b8d3f5036ca3dcda70140259c	69
taxon_fd8c414d27344fd733392431d3b064af6f2caaf7d8ad8bdffc27017ee3da8703	69
taxon_108470312d0c3f4f3a50d08b5c04ffc0586c09f9d8c2225402e230209ea55a47	68
taxon_14450e0dd01b8621b89a891f13d74bbcc80317cc0303bce477fa49064125df40	68
taxon_248009df35ec98bd10c5493c0271589699f1af25df8a3ed6e870f5ef7a5c9b05	68
taxon_278d59e6547963de197605d2a4bbd366f4d1732f8fde3cb07385df5581835548	68
taxon_50910345061c6765df3331dff4b728d1f0a685c49c8ec0474459e9abce1a7cdf	68
taxon_7dfd4ef40b06a47a3a6794e56bca01f5e89cdc710a1ba95a54a31ffcd680c5a2	68
taxon_8b1ce6671ce67267ebf3aeecc613676b697118d4a2c188f764a9b21dfdcaec0d	68
taxon_959400d6990c23369e690f6311f03b868a2b52d32270c166e3703e5407dfa9e3	68
taxon_9977b2bef28bfe155a66ebf86fcd8d7aae99aa6d8b99d73d5f791e10a6331dc2	68
taxon_9bd9424e17d0f81875d3a5e128630350c8ddbddb66589789f21e63680bda9399	68
taxon_a0b22714d5af37fb05daa6179f64fefa80bc8c7734aff4a0f33f94db644cba7c	68
taxon_b3b13d6b2715c9282c414710ba63ebc6d24a5e6a4452906be0f6d22953ec37a5	68
taxon_c82f6cc8c2b453d766f8801c08201a4200797c3699849e93bc857740e265d25d	68
taxon_ccfe8cd4c3825a6c387967435b6f1d68be13a6e3f0d5b620d721642c7131c116	68
taxon_ce531d0f0fd737746dabe9a61959273fe8465171aa50195940e9f0782ac70cd8	68
taxon_dd2baeb356f0ff632606bd829a6d154769c1f86327d85360c55e07cf1889fbb6	68
taxon_e7e9a47aae7056bf8fa432bfd1124e0abc6bcc19f929ac877f1d8a782fa338db	68
taxon_0a26a7e5d9a1e47edde2387bb179c93995b407aafb6508e73ad4db2a766148ff	67
taxon_113ad9284d6fcb67855f995292fea460a5ec05af88d196a6d65667b92658d3b2	67
taxon_1820fcc64e6ef74e1f5adc44b14e27867fe2b5450e9d6b7be56f90ce6eb2b9be	67
taxon_1c114ddfad9e2a3caf8669a5c2e0a419f659715444a8016c7b1862a1be88f601	67
taxon_26a6f64bb8bb2e63440ec2f285c7f7559b9726a024d0fce4d235d20db9ca4e1a	67
taxon_2b47ff0c727773e7a121780caf7ddb2994cd3cc8711bc0c9d386705f312a0862	67
taxon_38cbd49342a94001831652fdfa72a6e70011a2702fbaad3230d88f048be19024	67
taxon_4c50cf2d43d85edfd831c62a82e5467d783497c4b0b44f20afc9751b5bcc9633	67
taxon_4d8b2cf20bc9433a41ec177244af1391cd445abd0e77c4ed0d60a79b69f38a51	67
taxon_4e68e7b1b78b95e73ee6f4c4469ad52ab65ef77d22c7ec5e5b47c06cd651708b	67
taxon_6bf9b4c1865051e9e1aa43a26c0f84b12e70a44948884f47cf01155a315532d3	67
taxon_877a1710245ea79db699612a8246dd5618eda5232bf8b6641c9cc2b2483c764c	67
taxon_91c8c19e517421f03334c626cfa3722030c9a17f1d4fa7af47f5ff8d19ca02b7	67
taxon_aac01a9141623ed68e5cdd80a312a24996dbd6b6df731f34463a59f86ff7cc60	67
taxon_abd2e119460d1595d23a44e221f525ee13eb940f4832f179b464221609aab801	67
taxon_bc2cbf4e2d207d596c5d365812546219bc84d2a2924ed60ad39899f771173ee8	67
taxon_d1fee61a44c78bfe8d4505956046986274b86b032d294238d7e2abbdd91e21df	67
taxon_e5d2d174cd7e760028b51bbe8efdbe87013afb5e1f8833162a49335ed88df820	67
taxon_e976a8edb31ad957f470de272d1c91f3beb01a84752901210cd2d8fd5c451a5d	67
taxon_ed87b63c387584774902866d16f3f10855f7ccb556c2f6fa3bb323e71018170c	67
taxon_edef48be692fdbc9c4060e6a5b5c84b5f8cd6adf5325a04bb29a183ad0897878	67
taxon_f96a3ad9760241a4f99a079d9a95882631f2d3b051dcd7e9672fe80b6fdaadf7	67
taxon_fe3630e4d0dcad83b5602b671c5bdbd5977843af1a2724185d1fecf50c0a7471	67
taxon_0c81b915e9e149e5b58e46cf93d2f2e9403806ff4f4e13c7a068b039f9852b19	66
taxon_1f396ad4d838e7e43abf02b577ec5416584a37d59d68ec98295fca9b4225b9b3	66
taxon_2637bd9edde379f7040245fa362ffc67c1717df834e09ee7d1fbe96c9b9f5caf	66
taxon_2a0c43bd4b40cd9b826df414589af4123c61076b7fa47d9749e6fef807acd497	66
taxon_409c887783f532d3eedba0140c52ac3f0236a555e849806de564f965fda0354b	66
taxon_41f28f94cfec3f9f656545ed84d434b8d09f2492e920f369131d69ee9e946dbc	66
taxon_44aeb7f42729b5ebd03d16093e33c79d12b5783307146fb8b4c42c5d5aa12ece	66
taxon_4b10e55e513a526437b7ebc5a52d8166639b8f3cdf2d95808a9e8e0194add742	66
taxon_4fb6f9a484f8dae6b1fd6521e7925c3f43d61223701b34e6410185349d96061a	66
taxon_514bd6ad07610089289078ddaa654775e64b541a270959224ce4b5792dd882cb	66
taxon_51f888b1b914d2b813523c477266953452fc24264af1351d68c1ac97ea16f20f	66
taxon_5688bc78a66038902e7041cdd5634810acbc1aba22f4ee380b0ee9acd89d5c16	66
taxon_5f91d91aa726f8fcfe52932b225a99b273d5e12f057ce57fa0d9881343858c4d	66
taxon_6136141f13ff22cce2ed82be344d821bff35cee317ef679313114a1d6df0ec6d	66
taxon_6500f536d7898e0d357bdce741dd98cb6729ccc610a939ccc29c94b46f1fee0e	66
taxon_7b3960f791e1ba0133f8d7a6cf1cec2313d757098cfe56dfee32e12d0fb1b5be	66
taxon_92865286a052685e4edbad4ee380890c06c589fc0ebe7c3c19a355444d562f62	66
taxon_a21ecfdfe2b1d448845b8c67a02c859666cd8fed9d9dc0675bfcdb6fb897cc92	66
taxon_bb41c181d9736ef731da2e2afe5237196da99041ff0d82bbf2203ab55dfd2504	66
taxon_c44f9f2647791b79a349b42080ca77259dcd8123c5ed0824281789a88a0afa21	66
taxon_c8cdca7e47faa7556581e39cac0c386df5675d53921e42262939a2df6685da9f	66
taxon_c8e6afe4b038eb5f126e8b48f519c04530baa5bd1a2e68c4e696e7b439a945ba	66
taxon_ced1ab9bd5061c9725a40e99b5f61a3cc75ce86c022e7cb4c23648dd2e538b10	66
taxon_cf2ea239013741b1fbc8f475713007f6122af174b5970c39bcb677edfd0cad59	66
taxon_ddf8321cc8da78025dd91f373b94c8a674d693e510afd9b7cca9f69025577f1a	66
taxon_e06b60b0a62158f61cfcddfdfd00351dc170dac3a9f5ed996242d252dd6d3413	66
taxon_e1653e83aaac652d7dbaf2239b8500b6e67e92abf3b1bb298ad01cf578892f68	66
taxon_e2697ae4811ff2b1f8cc30611c6bdf6950169bcbeafc1c3a82d778f1b3163a4b	66
taxon_f3b039caf275677fed2351a336f9a0a304c86b7c6c45d4342b973940cc0092c6	66
taxon_f410501e2b3a8932d61c99e5b4fee3122568bd914db87b97fb827f8506615dda	66
taxon_f7b86e911fea70a22e4177e8bdd571d37db8ba463dbb9f2fe087a18d3d1e3212	66
taxon_f87b5ec7d728bdc186a575a558f9bbf1ff8a60f10aaab5af75b571634a5d0ea4	66
taxon_06999a79534db481120a73ac5b3c1e5de79629d79c8fa51634297f0f0031c6e8	65
taxon_1089b59877ec27d690f53274127e0044b0dcb7d02c3245a331cd7e5066c26455	65
taxon_193bec9cec455a4abdbdb4f3ec38a81a74a099c6a16184340b6d9cdd3f10844b	65
taxon_1ae67cc59ff49039b04e7a1de26b29b24583eb1fd0728a3f5a160dabcafd59f1	65
taxon_1aef8c7fb114ab0df48b610c9efa29fe9605efe896bf0cfed5c4cb45f713ae77	65
taxon_1ded50448e7298a130c0179f7a8f93fbf2a2947b8f713b1aabe1c18df5e53ba2	65
taxon_1fa65e82f4d080cafe9fb328e379bd7cffb985aa20ac86793df4dc2b1c72efb2	65
taxon_27d35513c73754c5fddea7de4a21b8b37c4a11c5630932e3b058fef40ff198d1	65
taxon_40ce6461dc4de6ec168a9127ae81bca7c61eef33bc9b7161ef878dab3ba7bfec	65
taxon_4795d392475721630e985820f04992991ac7ed55a0d685ce08df4366c4af5f84	65
taxon_72a7cee23c35b1a5a86e4690ea7c601c920342ca63d497a46e8b4c8c8ffcc406	65
taxon_78d8bf692f1710c26f15a7502a8d7fb86b76b8d923d6eba7fce3f11e534e2907	65
taxon_940c1a6c7d029e8bbe8852416b32048d5c1a8daa50162e59d17c142fe3392d95	65
taxon_9a7d0d156e17860b577489d7b066f83334a9eb12420ca67dffaa3cbd9decc97e	65
taxon_ad112ff8df6f00c7777e9c871832bd1f5d4e3297087ca8277fb708dc4e8db87e	65
taxon_bf4ba32c8527731d55669064cfd28369f24f06e02c57e19faeefcac11c92715e	65
taxon_c02a6fb0499cb32df10d92a60767b25e5069d3849ab972f5ec2954fc2056f9e0	65
taxon_d387c38a2e3dbc98fa5975eed88b7bb77f21b9f5b03b41b965127fba4b39584f	65
taxon_d706b72b82cfad9a8592ae37a10ac16d1fc1e72fdfe741c2f58155d770250610	65
taxon_d831b03b3443cf7e0bbc85e2fbddb3f6446f4c600859f19f6eeaec7b79f125b3	65
taxon_da22dd741414f2ff0906144f9318c0ac37ee9531792003cc2cf999445e74b3b9	65
taxon_e01c0a9bcf982c57d8d62e103ec82b901cf979f5f4165eff4368f1e0b4625c06	65
taxon_e068dd7de2b5d82597ec7fb1de1a7156e85e8e5b1ae68961bcb9439269bfb865	65
taxon_eb2788bffc31923b8e53ea6d0fe791929ed4fcfabb8ba50f4866195c93124fc0	65
taxon_f551726cfad7ae632e85c3de83f85c0392e2906f8f6e67bb29053634f4498ec4	65
taxon_ffb36d294a53e00f1df2ddeb96a1563c8defaabd90f20f1b1c71df7ca27577de	65
taxon_028a1afe1922fed8f1e02fda68e3bc44f179166ba6feed667aa4c8f0b1df7557	64
taxon_115fbe0bc5ee2dc5ec04bef10daa445710826237d207d09642b9c6df936aa973	64
taxon_12a8f0afa54a65576330e759ab379ac234c21abd34e92f0056219e8433d83672	64
taxon_18c4a4d2c1f8c1a6a766515ce38bdb8e4328a7598f330f2b85908c1d42954c31	64
taxon_1a5c9b5d9899116a72abe69b0801ad39eab45032541bed9b9e51bcbe8d2e80c0	64
taxon_234e70ee8d9fdf9717a81a6b4c151fb378a7b6573a9d242f0d10ce4946f88f00	64
taxon_367a65960503b5dce6d583d51cd4ebef7de6f61ab919a221f8cb8597c73dfb82	64
taxon_387bf42e9793dd4d6e5c531dfb9f4ccfa27a84a997d39980d1a914358a354ca3	64
taxon_419a5accdf797452c10b5967de1034cd633f986528c7b0a15161a71c65b71acb	64
taxon_467c5a281f9dc72f03f3f8ad292a523f3b24411784dc1f84a7e1bc2f4178f5f0	64
taxon_5e63cb5d36891d647fce17c2b9dc1a366ef1b50129d90bc92f084de8b6f2bc6f	64
taxon_695f6d4072b8aad3b1257842a7b357936adbf0f86a20612b8609c6594a77fe61	64
taxon_6db3e80d56ff2193c443186010eabb6d50fde7a10cdb2f66c14218a0a6918527	64
taxon_6e3308c46083a4f73fc9f1eeda792c849ab775531f9cb474adee9fb503693391	64
taxon_7c26bb075dc92eeb8876be881c054073ecb0f00eb8f01c66b28d59e1b7bf83eb	64
taxon_8a5ddf71fb7a80fbd5e61b1651f8c9e1a6b4a5058cafc2b527c00e9b3fe7b68f	64
taxon_94a9255917f5f121dedc24329d9b3435649134549f3f08a0287fc5c3b5c6c906	64
taxon_a12fc6ad41c0a49cc5c6a9fd5cad8a962e5d7a4002fd0e7584c8bbfade7b03b1	64
taxon_bef6f06c626a1f2f084534b51df12f1cf6d07253fedbbd57aa07d34ab72cfe2d	64
taxon_cb05b08e1468c617df252109c504fb8305fa82a50317e99204f6e2cabf06fab3	64
taxon_d5a62c16090b78435625ae5ff70b7091a639cfeeaed5863ee2bbff3271cdf7a6	64
taxon_ec1e7b369dfcf77bcaa3075447bb12f0679e6014d8fd1b84c41e4c52919e2cb3	64
taxon_f239eb497dbc00f8a053a5320d7fe98b76f0fee0497e7b220ac6031795cc55de	64
taxon_150ff1f3b54bb622df0c98776731caf513ba3f20ecdfaf8696471ff7e641ef23	63
taxon_256bc4edc75598e7f2cea6f5e4d12f833d3c2190d91b50d4adb5e00c474d0cb1	63
taxon_2839b80e7b5c7ddcc739bfc79332c7ceeca3ccfb753457128c32debf075c4bdd	63
taxon_2c707696f7dd8c98163a3e7a33d0cd15a14b319e1cddfe2bc88727b7e7f2783c	63
taxon_3412a18c97ac6ec5dc1938da78f7c82fafa09477934ce2ca03e938b6aee14bc3	63
taxon_3f9cb1e80c7e8663110038a6a9c5593e95d0e97a8efc931fa72670970f160f60	63
taxon_5159b0ca2264a035e692e4cd09154d6588501cc6a83c3973ae11dda55e29505b	63
taxon_58de8ceb17236892dd8732f3df0efdbc9fb56f15a1e1cce203b97f1e9feeaac8	63
taxon_68442c106355ce342a00a0afbf87d22b8e3b77b9ba7f59528fcd699d23fab4c7	63
taxon_6950f8906c77a7da0731c5674ae858a1bab8ef2f121006f572e036e35e8b56c3	63
taxon_6b333c8fa8aad9e3f88ab7972ef17b244b323f34497da21133a83d44880deea3	63
taxon_6e3beb6431f0543e93dadbd9a9c1d00fce5b15ea44a27103bf1a2cbcde9f67a3	63
taxon_7619b64d84ecf2f8dcbffac4bc94bd5460303e2fe65c8fd7dfe9176ea97619a1	63
taxon_76600e4ae404961b0c12386e12b94a89ce783b32ed95550c396140dc28614a48	63
taxon_8dd7c4180998f66a4a930e87999a4c0a54f43bbbcb0b85bd3a84da180097f06b	63
taxon_98660f476f77deadf2d2261a824eb00169310af4dac58021d94e75160f226fa3	63
taxon_a1659091c155152361f46d80a72ecdf2e5dc405b33952709c79c0b140f07972d	63
taxon_a4c02b0fe54a0696a3759a107f165eb4020030b55f1a2cc031f1841184ebced7	63
taxon_aa057c3f50e711a74e3253a18185161e1b38979cb4d9396c3fa562d9dbc4a7e5	63
taxon_aa8eae818abe0ab74422098b899e5ad3f4e56b4cc6745c7e822083a46aaab7fd	63
taxon_b20b627b2f2fa8f4be9d6950555f807654398c68045622d30809bf02ab02536d	63
taxon_bdead00163b8618a3d8edc69964199cbcd497f42fcba81adf0ac5615e540a7a5	63
taxon_c09f502c2d119253baeaa5e357675166c84689f3282991f5721fc0b6190d3c6a	63
taxon_c5427f48118f9c8dbda2abfabec47bc2f1358d5cd32dbcb722cefd7af23ca571	63
taxon_d6ff79eefcd548e4cf86dae55cf04bae84faa73ccfd1318c529af611ea649eed	63
taxon_e65598817a039d307acc44e3d4783cf3f052625d3b7c93c0de504ea2a96ab94c	63
taxon_f41dfd8b54c9ec3fb81f1984dbf9440e6639593273a2a03bd8e1b450e35a3bfc	63
taxon_f57e556093d44dd818f67d9922847f50b82c604166a94db0b46062f6c0c2799b	63
taxon_0212d0ad09534fa3bf119035a12689c7f2b6f179a6c579c955601d4c1a6cd869	62
taxon_052394dbdcd146664e32432723b454122fddc7021590036589fb144cbb19301a	62
taxon_171ddfb9085b719bfb95ed1dfb7c922c585764ee2a1b192c2e2cbaff3aa900a4	62
taxon_39407b197a657766924e7786f4a31b87468d6165a5c167f09fe1959e3a4a4cc5	62
taxon_3a8cb4cbb386597dea383aa00e99b6048c27637d1c203867cbd263dd5688ef5d	62
taxon_3da27b9e899b76c819865d46e8fdf442d0a54c67618ff6f8a9535b1baf4c9276	62
taxon_42f3d7c33d47a05cffec3be9d96183bf6b915d2b27e07476c63f62e2f480ff43	62
taxon_46adf822f251929644f16aad5119e187ac504e85d06bbb3a0d35c4cb2d80f1fb	62
taxon_4b424f86f004a57caea7f831adfe210102a6cbac58dad08ba09a796efdca0ac1	62
taxon_4d782c67cf9b0c90ba35141f5cbca6ca309e08edf44e1191bbb67657d0f8d5f5	62
taxon_627a33c39bc912a3cc2c1f63f13e241698b37d12eccd98b409c201bfbf27135a	62
taxon_6b8afb0dd88576150e4ae5075708318dcdadb3e4af8b53d43b829ad587263137	62
taxon_6e156ebdbc82631d4f2eda4b7198e56573efbad6717efe315faf2a160e92588b	62
taxon_715334768899366ba628e5c118b65e69dd03d44579dcb79cc614554d3e9a7a01	62
taxon_a59bc51cb5db7da1b6f9e8423873d3d4f3b7d121b1afdc0c30a263b090d2ea3f	62
taxon_d5981181003b0ed087dcf47f5248d342d9f67cd4cbd91db655b3183f6b71f6fb	62
taxon_d68119a51469c97d0274e957e6533af915bee0c47d912e2c114ed48e283a4c38	62
taxon_e1c17eac9d8491f1cf16293cb0e51dad2fa0c7de6055570dcd6f865e18da805c	62
taxon_e7a681085f049f4133f42d233ab341e1527983fc793fa77ada65af67daab7a2d	62
taxon_e82732d1ad414421a151e8ab5aa51f8d3efc94daaffcca6920ca212c82a1a2f8	62
taxon_ec7e8cd446a424ac3fa6425896b71719c2cc3a0e5c72d9b50e4dbf04b39d333d	62
taxon_efd15b8e091d89ff1d55908dbf637a8306a9f6ac4e223e1cbce7b76d6191670b	62
taxon_fa039522d3432ccd8445827234c2ef504ee20e4f2b3f167851b2103b3cd71e15	62
taxon_0970cd3657642ece39112b9adc1209a3ac861b78f06d9e9942392f2009a22b4a	61
taxon_0e05bf295c0a0cdd6efa9765e68a6abd8c726ede51ed8a4312941cdc4bf902a5	61
taxon_1465e1d32fbd25c001dfdebfe6ec63b0bbc86dd78605a29b9dc1d405015e73e4	61
taxon_17d8e8abea11a7fc9a518ca198cd4001a6da21838984b971ad47451d9d9d4081	61
taxon_19f1327b0608ddcb8fc6625cb18dae78a245bf51cd8462cb687069b38502fc9c	61
taxon_1bc0c7d7514e0e227a3ad8cb19478c9e0f6a32fe4965aa055414b3b9f21b8703	61
taxon_2780840074accffba86ced20477acd9effabc0f1515c6c7cd98b4f454ccebc69	61
taxon_28065fde9a3fb137a376999752ce420b627811d829ade150cc17c187085c0405	61
taxon_2bbf81085a47c9d3de79e95379a945647778d276eb803631443703cf89f9a57e	61
taxon_3dcdea7fd69fcaf1b7358287825fe97b217a9144e888c40ba9de2480232500b8	61
taxon_4e3a71c8a268287beeddbaf68c06d352b6528abc40efd1ffc341d97a68ae27ef	61
taxon_58a017bd4b1b3ec54e944cc3ff331d7114054768f5e4f96c5841f0650fb67919	61
taxon_5c3b8084c1225bf266cd951f098a682770e1d271a8b3c71ce9010abbd89b09e3	61
taxon_5de2e13e57cec706bde44c7dcc0e663d83340f5b1b8eb4df310eaf5cbb344e4a	61
taxon_645b8a360bf90ca6e8b77d844d271c74684be51c8ab24164cc326d35dfa31a73	61
taxon_647735c54f0cf91b0e44655d653b7e77d0a8e946a52965565404e2c75fe399e1	61
taxon_6aaaebe9f16e32825dcb01a3fcf722a502a1ce368af3b311fdf0a6d0f6d30f3d	61
taxon_6e1cc3037fc86e6e33a5081754752c35568f912a643401ca9d82f180fc47292a	61
taxon_8693de55259f03f51a92f750e6fedc250332397a26a784d61478970ac996e350	61
taxon_91f6d6086addd945c7a5a54fd4fbf95d012429891af6e56251271a0d579dae09	61
taxon_9b3dc02134ad59ef9328bb338e975798b57ec0572b09a8661ea438740456bf4f	61
taxon_a28dd7dea53d0fafa7e7efbc3cf269b743dd893f10eedc8eeabdcf27095930d2	61
taxon_ab53dfa868bf9bd58492a0b483c7e6175e138c2e201f98e8790aa3c1f3bda9a2	61
taxon_abd9b9c1b077e724ff4def0313384e5d88c18be2f3aa2c750f589d0020f7ca06	61
taxon_af0e8581014ccaadf343a8d1b813c787a695f33b23165b45fb35881b8bf66fe2	61
taxon_c3fe7d717f1de8dc13bfc5902217ce9bb57cf1fbe23a9ff2a451ed4ac578edda	61
taxon_d23bd56dd4f749df8b4579ab84fad9752e020dc8fa6518b9e28b2360775ea531	61
taxon_e7cefaf6956c51414aaf5a3d2899a45f18ad40ccc625ea337ab9c3dbddc03a45	61
taxon_efbfeead0919d65e385df32c75f01b9b83531fdc8794854b47243113e3916ac7	61
taxon_fa09ab3d13dad76f8e77f3baa7e697c73bfe8d5a020f2397630d7d5c059119d6	61
taxon_fa5b3f7098a2a7cd4f25b7db0aa7bf7f884bc990748f033379fa0653476e4448	61
taxon_fc4c47d6b4010305a3d7186020f9a11731e42391463dc3b5e4d99330e0e6a122	61
taxon_04df6b45ba78fe4dc8a893f5743e46ae9383f20aeaf62a3106406e6265f1ba55	60
taxon_0a10ec11f87dcf87d6ed64501138ef6a981fd8d7e20ac772e4561b46c69f9524	60
taxon_117c2ad16f1eda74eea3ed3e217ce6ee23002226df27e958aef667482a92aaf9	60
taxon_1d01593eb26c32d05afb8247e68737e49999281c660b7e65d1a190acd4a0b2c8	60
taxon_23fe8860d051a1278eb210bf53aceb81bff6b571f7f849b120113c03d5b43824	60
taxon_261e907329a5dc5c45f8bef5f8182382d137322c55af7827c873ec8f81538e7f	60
taxon_26ec69f5c30b38ee5e6e4d6c8ff4d026436531cec6c543bb8f96b24571600a9b	60
taxon_27ee98b34440bc123ddf295f8945b011e71655b1539c25347dba39df71ccd312	60
taxon_281cae584eb6b840746e7aed10ecfe1e3492b619f22cd571005356736408d6f2	60
taxon_305fd3d2f9e08426ec5698f89cc5db275053f061239d70788ed6a2e604e5e754	60
taxon_364fd18153782615eb46c4559838bac56885656851d3abd8af7883e5097c7f2c	60
taxon_3a627acbf0fe235af40ca6b9063e7b19d7463ea56a5e7332845a4e2c812725f9	60
taxon_6cfba7f0ba2fd0ed674f1f9c697b1d902fa4befc121fd84c93f11d58237b5319	60
taxon_77ea5c92b3957f85cadd8a7a4b5d78765533f52e6766d9c445c5c30d1bfbbb1f	60
taxon_79ef3345a93a38d308a92e0f478ebff3e73b0370341b70830e7d21be1f15cbe3	60
taxon_7a95c3dc1f2ac4fd21f55e3745b7a47b7f50f8e93088c81dc73e7e6fec0ef7ca	60
taxon_821b2b825ccbbdadffa6379fbe01c148e68f395a745055028530d350e8fe0cd9	60
taxon_a644e8b5d4042cc96323053734106dce205fb9de0bfc770bb7e1015bbe103a6e	60
taxon_ae0e320c0d62c81c0dab789e510e7cbaa9128c11ab29c573023551d7cafa8aa5	60
taxon_b1c6e8035292fd1da343a8fe612cf4d887eb09a5518c4efdf15c465882c638cd	60
taxon_b21bc8feba1fb0721f6f5f77de8b57a30d34965448279b7325e3031e06bd1c1f	60
taxon_b977cff1f42184c30be0197b74b0a293e55f61a2ad8abc30472535319264056d	60
taxon_beaeddc7460159040f50b81346de2283ec5bc0b61b907f13bce9a1885ec7a4a3	60
taxon_bedb4052ecf4bc3e86e0b523486a5cd727991054e38e35a5a9a2e811cf5569e2	60
taxon_c1af31ded175f4fdb2a47bf8645687b198e917161fb9ba7d3cb4928fc551a976	60
taxon_db80dda695e0509b4bcff1b4f2973bec977105750d68acaab49acd6cffa222c4	60
taxon_f4f8084eb9b8d3f6b30818fb9f5d47ad7a8b67e7f27214c8eaa558480218e219	60
taxon_01320783365ddbb1bb3fbf57d7aec76fc2df704906f26a0cd1ed83d4a278c8de	59
taxon_05acee7b20705c4a5d55d7556f63fc08bdc813063c2c23e90446eb53d8f919e5	59
taxon_0a3bf8c815170c41d1b8fede87700d27f4018f87bcab08ffb67c439350794b3b	59
taxon_0c5569d751b928bbe9413c92dbc5aff2790299d5dd74d596d4389135e45f2e5f	59
taxon_1aa15c042e933f4a21727376e048c40f9998c6a189ce1144ea6ddf759268814c	59
taxon_1db4ca706d394a5f164c3620d5c23b5785988cc6fe6f8abe6a0722b59c95c1c2	59
taxon_2802198a3f865100bf33d2e5f8624af744f7dc7752b7ff3c31fce1629538f474	59
taxon_28d5cd8811889e6dc4835e65051c809725f60ee9140273edd103c39580475d89	59
taxon_2a99b17989424098072f221769b14f8a19b5f5c854d63c0bf0ea4fcc839f1853	59
taxon_2fa18da02b5c7ff6162645283d279e34a6afd4ca833adffdd52deabcfce3b286	59
taxon_45be55f537a98877c0b23d46f2b7c4a08087ad7fd44d7f60e33f8bed38dda47f	59
taxon_474eb15152875420d29ceb82bf3fcf430cd6ddddfbfeb2c8c0de6feee47d5c7c	59
taxon_4dd8547189c29516f52903af279668adec8c72fd27811097925fd938fa3359bd	59
taxon_5c53703dffea9b6c4461e2970fc626ea02120ea37f54f9431df22dd14df4be25	59
taxon_6b1c6caa9100c0d788cb8feb38ac62bd6f799cd2054f42c9618e4c917bd5ed74	59
taxon_74d8a406a49010dcc006aeaec9205e86872edfa61fe38bfd4469e93558a09c84	59
taxon_8628185dda960befa20be83f3108b2285869b633b86dc82f52b1c2b10601e921	59
taxon_87a17d243425915943ea78164930c3f429bfa7e1c84a4befab25b050614a03aa	59
taxon_8857f897b8b26ed2208a3d2c2a3c86e34eedbd77fe476427903457217259fd2d	59
taxon_8bce87869df92d26d4038725a0f0e3ddec320f0fb1b06d873740ddc0970befd8	59
taxon_9464f4ededba3641c513ac9a4a78370db37426be562713ee46f8e20f3ac3072d	59
taxon_9ab4914a8b8ebf388d1e8a6ffcec9de674610d984d67857b2ccfc9d5a1016ac3	59
taxon_a7dec151b3620f347170c92b5fdda779a9a5656c8b48609201d9bdaa332fc93a	59
taxon_aa71ab01f109d4f6a2f840b8117ad9b666f3d9a0b0299e8966f95af3645587a4	59
taxon_ace708051ed32be8ea5cf0447ba595d61a7455463992f5bc5a6a0cbd70417ba7	59
taxon_c8cf9e63f21aa8ba34d6c33601df2183e2686a15f333f20899c4be94628c278c	59
taxon_d0dde4c0e9df3aca7dfddb8ab27ea2c2547bc6b0d988ad2916b5d45382a2a819	59
taxon_d18c7e1b634b17ae1c1f7e906ed118cf26ea108868a0fd1edc28a693077ec572	59
taxon_e5de472ae5707639634720c6f744623108e09ad6ce5e9a7e50e8fe2914efb52e	59
taxon_e7d70c55f4450a05a199fa65c78b2b6783245500c46ec0a701586a195e9d0ea5	59
taxon_efcbe8f6a17440501991e005c82beca1be2d7812a5a193bfbf70abbd5e65ec8b	59
taxon_f118b2b90561e129ed2271d0ab591d4fb9efb39d01ec4c6188d0c0fade67c2ff	59
taxon_024ee6224f41590d14f0fd2695896bd3cd24b0507c3589654862dfcc49fc7e24	58
taxon_03d74d9cb512bb09b43de4f173db59378106ad0362b6a302085ee37e24650795	58
taxon_05ca009a0d5156afb1857cbc06820d15b1d9908bbc51f9c5be21d415b19b30b7	58
taxon_10946cf17637833eb75fe035b75f802327093e14d93381f8c73d62ed705b6570	58
taxon_153afbd0ee1551cef2cc3b6e3b0dfd620d92d5e8630c75b5d4da85cf8b62b002	58
taxon_1c65847261988d5ba4dfad1c796923d69e2116555c9ca6968efa31ee571a4633	58
taxon_22a682c6062041789b6cb70f2aee554338bd6ce84caaae30b890ff98a7383c34	58
taxon_2502099e52140a26c62882eb347f85ec5de30f8c4978b108d8f025e110325d4a	58
taxon_29e2bdb3517b01f027c442250fcafc6a15ed74e9ad7dd5320bb876cb81f8b39d	58
taxon_2a7599317a9e78fd74ae119e21d4aaade29ac442ea36c361257587fc5a0673b7	58
taxon_2cc5c12694027b68998af4f18320909365f9ada40e7e9834fe69ef448f854e2d	58
taxon_334618e4c7101600652f06130759ea450c76feca08a1bab7679e0cb094971e9b	58
taxon_38709eb9348b827191a78a6d4949d043b6e78d2bff9f151081113f6870556757	58
taxon_4690dc44c042a98ee46dd6a7a928fc7639392249f92d39e045ae0c3d9126bad6	58
taxon_539e72c361e51ffe7739a50f5ae85884c31d6dbbea86b9a2e1e83bf848f9e393	58
taxon_5412923445695ea48b52599b4624a1a0d06778af643ea67dbbdc0d361a99b36e	58
taxon_5d842d1ae0679a9e3e87ffac49354c683e6f79f22fa261310cd99c7c433891f0	58
taxon_5ddb0a46516ee56e98df6da974bc9b52c83be378fa896d7a62cae71dbbd1fc99	58
taxon_6113d5d417ddf4d0496cb62efdd28c54a460f30f79a737e1d061560ab05a4d4e	58
taxon_63e9298c6fb212cc42350d3839cab5834ae82f4d618d1425e63803161ce7a5bd	58
taxon_75c914a2debfec9fac01c2b7327b91eb3e9774823dee5728e92f0b4d508ffbec	58
taxon_7e3242890a1e13439c7e55417597fbd7ec22c15dec74820ff6df7d2dbd53d480	58
taxon_87288ad0aa0b354080fe50491f66053e1046ba5aa3c2a4c3ecff29ff3d5e6914	58
taxon_913414915d471a237b81db4086e648ab3ccd9b9995c800adad105ec3b6444702	58
taxon_917ba72795df09fc3392355e60388b0361e1de82388cbfb17a7ea33da5914158	58
taxon_99099035b62fbc217fd83c90e66f88dc4e8922db7f612b78baf686f310b68374	58
taxon_9d2600488a3ff3cf7230457d7c9ad32823bc34caeb2873a364a62b01b24f778f	58
taxon_aba326067508e37dfbcb881b23a93914e28664a6aafe3f703ef226e0529c968b	58
taxon_af04ee551a1a3618fd705f14986bdc479de5a85e8b15afbf31941c6d202016f4	58
taxon_b419c956a09378f665906fce25f4e5bc471ec057da6283345efb7d71cc27c717	58
taxon_bc0ddd17a884438ac1513cb94b39cf52deb51478f5610b0d39fdd423d27c7ab2	58
taxon_bc85354a08b8ac815ed538e0d775a5fa26edc778ba06616649f12806fae0a04f	58
taxon_c452434cc6de4e2e9d0de54ebadd1b4b831f475f9bba355ce8936a0a6564878b	58
taxon_c5f3425fcafe044471f93b03fa15af1e54bcd4c272252bd6dfc138757b493e2c	58
taxon_c9947f1deb376f694e32b0a28dd9e165451af3892f54c1a98a06248c1d832343	58
taxon_c99ae46c049a1377804cd311e6f7f9b0f0fc331a5dcb1e9e562f4c9996f344e3	58
taxon_cd8103132fd7bd5c977734ce8dee24168e92a1df7ad58f60bcd5d336da41eaea	58
taxon_cec0d1aecd783708e4d9a6ef56e448d25d7af896f1c7fb459d5c86efba92b25f	58
taxon_d50a4d15f4616c7bb5104ff66cde87d4352ade648e50d76f699cd2aa4ae20536	58
taxon_d803759a1ece6078ff4ba9513f21a87075e5112e4ea41e253880c009e4ed925d	58
taxon_dbcaedc0e55d620dfa13f7ae2d8d98f31d62b680b81971bf1058dd03f10ec2d4	58
taxon_f0439136d1b97a83b98aeed6b8f472bd53def54eca86bc8759630d86b9394f83	58
taxon_f63b1be90c1fdabf551442be8ba0b6990b11dfc0e985bd5ce0bf99640fb08421	58
taxon_00ab8346d57d1260c248d1dbc802f470d93ec2351279ad7127a973e7a4ad49cb	57
taxon_0591495fde38d9781b92e63a6456f57799687a13dd86057b87cdc544cd8a36d2	57
taxon_08c89d0ea47a6c15cf738221992133e6c88b3d8979886faf6fd3280b11f02a32	57
taxon_0c471a074c44b2309e3ba98ce49fdef017fccc3d541e7e027ece782010ed9d52	57
taxon_10a0168420b39b8f104cebadf24a268cd07ae3868efe6c042f0318b8bf0d2c14	57
taxon_1b2f92cd5d257f0133e21408a9e8691c0da51e54f654d4e96a3aca08a04acfc7	57
taxon_251ec63303968fada418b8dfa926f4236c4f39eb5ab2c4b021554604e93b2309	57
taxon_304d37423c39d803a138100330743300b94638aceec1ae44cb1aadd5f80b666a	57
taxon_306a66bc161566455d2da10b85c714d2c19cdbe40f12355dd704205de75574df	57
taxon_3a4c85accacfb0bb703fa778c0b69747d4bd027a757610e8aae7511fe4a7e93d	57
taxon_578b351126efdb4512279671c6beb34f291d56307c557f1e182074cb02ec2b3e	57
taxon_6a0b7fee59dd7281da550e805bf566367abf49486684e3a4c7ff67feebcd7813	57
taxon_760b5b27ceac61d03df49a40a5c61ff66bfba7683fedb6e1ebcf485bb6af3389	57
taxon_81733a1c691cf4a28fd5408182e644149a027fe8150ab58a19f4b8e970301170	57
taxon_8b43f911d88aa5809e1c6ba00a830ce427558fd76615daba61a068a9fc8577b2	57
taxon_8f69f62f6b94319ca7575e6ff57318ff1ea5a865fbe0a9d952c7295db175bd9b	57
taxon_97bde13b9b938cf852396e4a98e9fefc1672296003269babe65ded5a58088b2d	57
taxon_989b4188d3adeaf241b997dcf801b9bdcb1293e04f32c654a3cecc7cca03096d	57
taxon_a5abe1433e79130dbae9da27073d1abcf79b16ad9c0d2a74f9ea32e1c26cc228	57
taxon_ba4db79cb091126341d7165e5cfe95d82d20be726346182407874b0227fde457	57
taxon_bc3050ad042c55d4cf44829bc5c2694a72f28bf72b902bc79143ad261756f9cf	57
taxon_bc5ac5561db239f75b9f9fde1828a9970f2eedd3c6f5ed88795646552573e135	57
taxon_bf3f8686af1f426267e349ffffdb8b929f2e95fabc186faa59cc0b35010e75e3	57
taxon_c7acba0543e36cd259ae84eb0b2eb28ce842d02a5e8599d9c004151bec7db5a2	57
taxon_cfe30764de8e7e09221c1fbe83ebf552f88cae32c4ef6caff95d0f0dbd9cdab8	57
taxon_d715704beb051f61f829085d94cd1d1c0052c13d8f74a7435da392c3ff8bb230	57
taxon_e723e4121b161ef7d1836db17803ba805bb675e30a13a28cdace472f2567ab3e	57
taxon_f38e0d9fca45fe4d1e55be10b17a64cce134852f46943064665ff47a987c015a	57
taxon_01dd6d62f16024165a79d007678b412f5194a8880defd61d6d70dbcab5e9a044	56
taxon_0b9ff0e0b768c747629b94c1afdf247c7e1f543f6a66ad64c8fcfcec40723377	56
taxon_0c4d06db85fa341d7adf24dc220a4f516aaa300ddcfe7022c90d918a6beada36	56
taxon_1189f32ccdf428fcd803ff67d7f5a3e496ed2607bea9a069cd4f495067d28582	56
taxon_11ea3050b7c056a2525e319ef7928f3d1a100864f4ffc01176c40632a8245bd1	56
taxon_1ff596815921d53ebfd07c7f212702bcddb0f7fe053ee1d49a260b04b72626c8	56
taxon_25c73beeecd3fa7633fb9c01c1385f50443cbfc66e89967344dd5f24163dce7a	56
taxon_2e21015b75b86c30b4fe9f3139b6e4580c9f3c6f7bb47bb55aa71119c21ca691	56
taxon_2e6021aaed99e5001b19dd1409158a4c9008d8c341ca019c3d4d5afd1c0ae3ff	56
taxon_33622ede04c446d3350b21f0f6ca3f4aa44ef2afbe2556a59e44ab84344b5332	56
taxon_34073c3bc97add49d05d5642c7801e99da9b17db4908affabb020a95eb99bc21	56
taxon_35d234cfe96bea4585dd3ac8874e5dab2257b87a63dd8a3543e46e3987382c1c	56
taxon_3dd6d1fcab66fd4486339a8e6386f9e0015214354a18137b5b18d077ef462d5c	56
taxon_4328c3c952c837625136d5c0d4a74e60db5bf9508eba25c30a4f306b14ca15d1	56
taxon_43e37a211f8277e22b4ef39fb5a19469237874e54f6344510d3da38f4b0cd513	56
taxon_4912111be7859398ba5b7c7e96953acabcdf262318a7d67a8345df9d36060a42	56
taxon_4c72c1d002ccfdecde6eb02011a6d839ebcea2f467cb560e8db63b0a7e0c64ed	56
taxon_66c61b43b39de39b1e155b61694c4a5d9814b7e4eab7daacd4443d93a1e82ac7	56
taxon_69397951c66ddaef5d321ba66a76cd8146cb5fde48d1d509b6cf782dc662236c	56
taxon_74371605274729e0ee43be3e6f66d635bdd6776f92a21b77f1bdce3fde5caa33	56
taxon_7b5a8d90ebdec26fb172ec1a37a702304dd30852d39bdd8b9d7eed6a35030846	56
taxon_81016b3c38338141ed2b88dbcadf525fcdcf4567fdae05b96475f0268fbff9c5	56
taxon_826602e62251945f3e77cbc8a0bf004653233e83fed8240a26d00db981242c85	56
taxon_8d6237837fb740a097bf5b949cb9c0d176f0171939067d35ecb60fbb476fc87c	56
taxon_9102248657468668aafee27eea0f85adbb0dcfbd86791b1b1339088c8f1f5905	56
taxon_9b6ed0d35acacb579f1033b3ef67a2fb8f6dcd14be21dd8ee77f7dec675cb003	56
taxon_9d68f05c07eb433bfb8335ea63f426def944b556a91eee9aa5372f20256b8b7e	56
taxon_a6ea61f2960988c352a23ccbc76e2951a3ceedae7f42c89141913c6f30610d0c	56
taxon_aab580cc178d47dee087a64338910d53f9a0549a4dd72b00eb4117ddd31cd55b	56
taxon_b535477fe2ce8d751c53bbdc57a732f6b6b9ef4edfd2d8319a235b9964b14c06	56
taxon_bcb398e14f79973c3cf58af2e3cd15a7fd1e079345fef45bc51f2c96847a01be	56
taxon_bf7b89d50a28f9f1b84f9cd16ac1de87ea96ad3fcb0bd9932869975ecbf761e7	56
taxon_ced903777d132987e93c3b05b4f005481816ad24ac3fe1b7e70d9d8fc7bbe726	56
taxon_cfd8f17955ee2fe45fe8819439360fca2c8b134ca7461ad0d8ea403084d743db	56
taxon_d0b9ff33c32eb01747158733e8c0690046e89da037842df78ccc44bb4acb3d68	56
taxon_f936d729d672e1463e56269ba9f1bdef7dd5c2bce84cba2a6020d3081f7c71c0	56
taxon_fb7ff85853c12165d3f67ddbdd5c861ce94d1c08b8b746a2b3269048ee5811ab	56
taxon_1215b076535ab493ba45dbb46da07551f5ac657a1f1baf9d3567ba70f7e4a9cb	55
taxon_13259768d17737ab206ad233e78a380dd09919d56bd2caaaf28ad12da9d15dae	55
taxon_16c0c19655fa7cf306c81b27009705f230e975981b88a7637de929ab6c9b540e	55
taxon_223ed6d8825b2045e48be31942ac0bfb772963fb5a3b10ea45a9092d17346676	55
taxon_2a9e38a68341cac823587910a67d2e47b3df0009553aad162237ddebcc434868	55
taxon_2f2cfe2d0d73bc70a6e4c7ff4691d885ff09a02a193036dc5f0cd3912e273683	55
taxon_34c406de6c22938b66a16e6457fd09cf308c3955f406762748fc1f553bd07b25	55
taxon_39d648101009d8af1c6bd0dd4afbb449c2fd91fe8fccae372d173ad34762d202	55
taxon_48453be73fcaa6342c656ac824a9009a92d61179fcc5d6c06af97eaab8eac0ba	55
taxon_494a9cee88c792b189dabfe1ec4e844cb6d85a501d232f5829132a4c7aa8fead	55
taxon_4c7a33f0b16cc27d47026f9ac76bacb8d4fef9622284dd33ff3eeed55af84227	55
taxon_538f0e47f95bc5e51bb035a089f3feda15dda0ba897eb64c2cd407bf6507f4a5	55
taxon_5bbc49dded957ab4f1341503138598981d758b36e91880ff0dae304da5e1acc0	55
taxon_5c9cd576a6c567addca9a471328a195040dccee16278a25a5a73a71441657049	55
taxon_603deecad97eb69326d7fa753cb9f549f82c967597b0fc8961e8755320144f80	55
taxon_61354f5519e236b9f34c3d887fa57886d7ccebd8e8331cc568f272457cf3689e	55
taxon_6c311bb67cc1c5515d1708859c20af041713ec06417ab000f28a808f2c3e6548	55
taxon_6d8744c8bc930eda6b0c7e86a43dd503002391b75d5c24a41b758316878cc5ae	55
taxon_70ff3ee56d09754f6cb05c5539a06a6cb10b6810c441b40249b3e79ac855779b	55
taxon_87f8a78ddf658fd34f9dc80b9dbdbc9071110996e7b7fca39a0a629abcbbcc90	55
taxon_a48f54ae9503cc9637de4ada1a52fa165508a3708f3964db820911f4153ff05f	55
taxon_a4e3b98e71362c8aec5c49908d4e11d544946ed9fabc9d09c91ab5e95a1a3231	55
taxon_aa4034ea44031e7130e4db4b4feb9bbd2bc757a7f5758281bcfe24f54c39c4d9	55
taxon_b28f5e136b8f1c9cfe112509e02ea0554a93e99bd915eb41535f35b1812d4602	55
taxon_c19d6e38b78133c2fc1f4f64df2732a1c1551e081e5004c19a7f9f14bf142f86	55
taxon_d1a89968f158f1dea521e1ce0b49d0d6f65061ee27d605deee67de37778358cc	55
taxon_d6b9deb0150172ea4bf2929bd164e8b36081a071706e4ac4d8748eecc56c298c	55
taxon_e4b897523322f69138f3c21c6ec7875f1b8716b960b96002dbea620d78fb381b	55
taxon_ebc6cd2c0330e19658c6f906a70feb1d803be57c3fe6b176bb4ab622bccebe05	55
taxon_eee17a1d203ce87b7549218126a1a1fc7acfebbe90a1bf099444987b862f3a25	55
taxon_f15590512d90fc6c3d2515e844f84608f95d8b596fd23a1dd0d42277367c4cbe	55
taxon_0d64ecd3dec799e27694af86adcf73772cddc7452b9c8056fe5fb5f7cb56f60b	54
taxon_0f6a7de3ae10aceff6774371a1a37c6d09c14be6b610b018a77c0b9b3088e382	54
taxon_1b21c161adb4fb424ad9e4b1777fa122fa0f4463a80d86335efb0225a82d533b	54
taxon_27b5df02ee610ed73542fc60cd72ff054fc6eafb2e459db4bd8bd72985f215ac	54
taxon_301c5c7fe04e5ba086977a21239194f9aa695747f17b07d9ca1d3525dbde4087	54
taxon_38071058f151bb87524dc524af798778f19b920b0cd42a5477d09fb8bf4417c7	54
taxon_3a5293e06cd4876e58909cb3a7dafb7ab1d9bda42dbd9eecc881562395fc2460	54
taxon_3f71475ab1ce597472f4e0beb5007cbaed5dd83de0e0fa0a0d5d4a9c0dee0dff	54
taxon_40cb5a30682ef96cfa7c8117004c822c61d33d2661ba214d0e886fcd82c218a5	54
taxon_4b57c935c730ed8d338fe28c9deea7523df49cecb067790c1b214622f9a56d68	54
taxon_4d08b2ea9dd8f49b838b1cd4307af76932f936557cb0d9e4c94c60438c3c4c2f	54
taxon_5d946687ae07adefb488faad0cda3a430b8ee137279353bbae5a55180f466105	54
taxon_6d2c0c623c5fdd39af69349610e147be6781fa905d7bb4bb21a86e4b42cb7d62	54
taxon_705d734d516aeaeaa24fc9a05e944c7161e1c6754a711eeacfeb978a037e221d	54
taxon_7c76d7b4ff69bdc1a94ba19decbd9c503446764adadb58c6e09f15b547bfc077	54
taxon_7eccee8212d80161e9d614fa3e6f437883d557399fd66bb4f035be0177119e93	54
taxon_8c007e6e522bf4a0361e0972eaef3414081e6ebf80cae269f6ea4d7bb8cab0b9	54
taxon_9217ab897e4a561c02308ebd5c94250e3a99db9607c7c5737cb6f27d4e9cfdd5	54
taxon_97895efa60491ea810bb8f76760abe7137225ee7ccc3e06ff70836e977e5653b	54
taxon_9a3e81ce3ab3043af6abe6a9ec1a1631866421c9245246490d94db8f2cc4e6b3	54
taxon_9c3d950dc560172e690f62d7a09926a068ba511f6984c8d95b1dd2b4f556082e	54
taxon_a394ba9deaf55a25557abee34b08d1b9ea6c3c7727d1fe1f839c9b2fbeb0afe0	54
taxon_a72d9164907e688b6338edd7e9c1c10ef8b1e25c5ba3637897a72a2d3a753c26	54
taxon_aba0160fa501a72629005632395aee0f9469959299875d0cf22bb1711b6afbd2	54
taxon_ae1829b1debadfd97f0e43ccbcbcf6625b47a0b3b3148770b1fd4c448433d88b	54
taxon_b4d958cc6624ba3a7adaed2bdfd90d9a954ae7827a75d9cef70a35959a0832e8	54
taxon_b52d5056dd2e8e7392d4e93a946edf791a3ce2846328b9aa78dbc9f835f8caa2	54
taxon_b7356074896eea93be77725f769bb9f8abe0025439dc49654785cb7380ff1a1d	54
taxon_bb6655dd1db775730db4d3f73e10e389cc587673ab839d6121d7866f9e8a98c4	54
taxon_d62ce4e28d608649094903acb2409b579bcb2cb38ccbe18d2f8373315339673d	54
taxon_d746feec732bf1174f2a569f6c654ef42ce27ffcda5f0cfb0f29b46eede2bce8	54
taxon_dc7a0f5ae580e91e48e784fd6fd1c6e254a283f7e4449f044e1e191492b14d16	54
taxon_e2518ca0c2c42abb3b735ce15a89a705cc83198de3529cd0f8de35dc9e6c4158	54
taxon_ec160c7e87c93dd919163aab7e30d5b965446b4d9e596fa2a22df910583c1b9d	54
taxon_f8e425ec6482cd457ff8f92fcd3ea20ab2dde66e8ff325d277834bb326753486	54
taxon_ff0a1570662512ded5bb34a9c05152e7eb31ae3fe6e6fd2e3915b2080a90ea3f	54
taxon_0af0dda8177765f4d656b165ac2dfbb029bd4b925306e9dea8ae192ed9fe5edc	53
taxon_127630144542538b5514ee93aa2dff8707721a77a3388749fdc274b5557e7212	53
taxon_12a3b0adaf391bcae2bbf9be89593426aaa9b4a9603d89fe50317a64c8c8cf50	53
taxon_159159649fa1dc7a3061d31abefc749b15ece799cfe4d4911957d187fc9e3878	53
taxon_2b80a614c8bc3da216ee4d4d91ccfb3f26acd13a9b8b914793156ccd7ffa5819	53
taxon_32c0c8e2344e2c3625efffe024c89e89045da9fa99c1f9be8f641f2a6114a3ca	53
taxon_4c034baec19d020902f981bd3eb09a94ccd86c76deacd98c00cd1c3046eb3526	53
taxon_522b6b74ad16e8ec0171326874a7e21ff682957773f5d0074714e6a3e1ada85b	53
taxon_539e086cb78623716d93ff2a51eff37866289b5fc73f1f7d7d7c33b6a06e5458	53
taxon_5ff7ae83e13039a4fe90154bd1fbc20f2e5e94914ae4481a0dae6fa81f5f9992	53
taxon_6303fed03ddfb7c6f049f1a55aaf9c098da369dacda9d192d95997a72f36ba6f	53
taxon_631109319bef7ac8510942e7ed387282114aa3ae33beffced1e705d49e09c148	53
taxon_72085fa3b660dd0836c9156a377431269da2531966a40e9de3b62cc58e82a9cf	53
taxon_73b9beb60fa63831cf4c5a95883f9fdcf5055f0e7236a0503b588d10ed39ad5d	53
taxon_821bd6a29247483d7400851d9bf276d82ebdbb9d0ec591f7a76b18e32f54de50	53
taxon_85bed40f61b7fdf6f6baf391c42a844d45d56c566f1d02e1fb24a188874c0122	53
taxon_86ef4895c2ccf7e6297abf39f79d9539ef4cd60873371e043a3c8bcbd447b2e5	53
taxon_87e00941c4d8da581a211bc9514d1711e3d1ebcf36f1679fbc0227d0f9589b95	53
taxon_8cf1b0d50323d319f6195b4a2c16111337f595cd9782d610f03e8917b23398a2	53
taxon_90d89f1083767dcc90b3d24df4bf44e87df1329b03c85b5bd255b5cb9662170b	53
taxon_92ac05da437e2d7ffb028eca0d927708e0dc0b676f36663b35644f1582384f5d	53
taxon_943ad6b7b4cc1358466f29117d9c5bb1ef7bc15aac078f52ef8c193bd8394645	53
taxon_a9704f141fd754bf01055678c2efdec3a459dd7ce5d101e10b5f9e18ba9e7c1f	53
taxon_b16c9d5ac239875a3c470686b761e070e95b4df4942a162f2c664c65c3e03f58	53
taxon_b8d79b7d1af54c8204cbc2295638f8b09344e44d7fa6d38822ee6df6e4d8bbc0	53
taxon_bb9dc746cb5dccdee6b350225adc5ba6bd532fd9740624da6352b2d37bc0c530	53
taxon_c03803ad188bd5470593823b2a541e95541021c5bc03b3b99a67958f2516910e	53
taxon_c2d06e2fc55e21cd28487e5dcfab358cb3503ac0ab5ab242de7e8ad867f8bd01	53
taxon_cb6685a74cdbf688cba6e32d8d35cc3d876aa0dc2b0769cc9d39335692ca520c	53
taxon_cf3cd5c927d827d63ec152203d2f87067000cbff8477dcc12e7ca3f631725cdc	53
taxon_cfc3ffa7f5160e003fd8d3e7fc663ca3da457dfc67fad4c44686aa3db57ca905	53
taxon_d1ad2d094c4a87aca055c53e080aae72e0ea04908e31d33cc210b9b46bb4013a	53
taxon_d7f482038f9bad3bb94d13b5be32d567aa179b93ac9700e8aa6566b1b4624dbf	53
taxon_e3e39c2ce9fbbb8a18f89d8a85305d7946e6219a24411d5e2776df779c099345	53
taxon_e709d62b731488ac02b5c1b9a0f17de9c4ecea6634ef15118cf5621302fea141	53
taxon_eaf3de10b0b63a949b07a2faacb255709b5485264289c977d0beca4f36b7e9b1	53
taxon_eb16738d0647ee1a23a9386798028748960f1b55a34ac4f368602abbe78947ad	53
taxon_edb16adc08540f409e7bd8c5ebf9b90bf821cb69d0887a732a0540fbd9ff760b	53
taxon_ee54dc0d1138e52d98cbfd98dc4f93baa284ecaed00e9e1132a4b81d906e21f9	53
taxon_fd6304265fb248975c5099ed3be32b88b444336421496bcbb9c8b686d21beaa4	53
taxon_0273f994776998699e023cdc8613bb29b2d46b2be50f190e47d05754faa83c0c	52
taxon_033850a124e90aa36b290854578ad8e47491b01ce6bdfbf034a8fffaafbbf602	52
taxon_05f21e1685efee59c9178fd2770c2a2974901964236a476636b3b4c6ee776110	52
taxon_06b30b58921f29e1337570a37e2e9c11a3bd63f3d2a5e9faee240ee01462c9e3	52
taxon_1449e0770e0b7d4086a62cdec8b93bc541d38d045ccca3d811547e59df06de57	52
taxon_1a104a59ace846b23d2aeead813991828f51cb97462f7d65d6876f34b1e4b900	52
taxon_1eb49655fdb9da65212aae6408e56fd7cccd36d90ea3f6995ef2b6739bc5dacd	52
taxon_1f5c8554bef5c3236d130a55f244b1a81e24481e5db436f67e8222405edc36ca	52
taxon_2021eaff28a80af0c7382c64397a151e0ece8bb3354ed8aea591a982347444c9	52
taxon_2b0110d6afedebae63eafe1ef0764ca763328915fb7c3ef3db86d2fd5f922363	52
taxon_4082bee4a83751ca3b0fae35af36847a5d3882652e54bcc007e69efc0c65f457	52
taxon_45bc56844b4df265a8b8a0d5450b7a6ee5ef58d0760114be9747e5359843a034	52
taxon_45daa1d2f9bd84731572dac079c88a1f102f53a10a4b8d756889f097a22fee0d	52
taxon_478410e6a178dbf1a8af4f1d60216525ede34e9b22c781c3ed1840296cc8bb47	52
taxon_6083b790dd4c3cc533ae6f315411a750e447158053998780e6d2f2f230fcdabd	52
taxon_63e0091cdb1d91e1745b2cd268e9d26bb056a0ffc006a4eeb02712cbbe0f67c2	52
taxon_66d244a90b353a80eaa101cf6e2ef0857e66c548bca610ba5dfe7b1a098f63b0	52
taxon_75f8b7d17e135586d4824a68b7773cef8b8f37fd0b4831d64a28a10df6793037	52
taxon_7b418893363c14365bb18aba33cc565c599a6904a29db8979647ede9e1e873b3	52
taxon_8082d1e8e09e70a5de0093536e96668e0eec85d8de3ffbb4945c0aadf3535c76	52
taxon_84180b5cc9c9531d1c54a48687b695176d060d9dcc993c44dff387b379c5d494	52
taxon_884948c652749a3f0555d59e6d98f4bede8a549c3418e1ca7e98c2e4d0aaf5f5	52
taxon_93ba346bd26e057c7856a86dca27885a4c0cfa1f6c5d46534fff28ef884631c6	52
taxon_a0de0a467a997249b8a959c871068a26bac40644af67bcc95066677339e3a710	52
taxon_b4bdc6422eeaed3135f31ba82888f601955179bac3ebcabf9e259b3900e457cf	52
taxon_b7e31984a76f7b4745748edc4b9b99a97fa1d94b4229103cb572b0c75fc352b0	52
taxon_b91d37b671e12fcb8580ca1d0655c025e037c5a069f018777740293e820f3227	52
taxon_bd664fb94e23efdff05ef2ebfbab831f6783f6202e17b50c524337e38864a858	52
taxon_bf977f89439578bd4c583ae80d09cc0dffa2492c73e9dbea92388c823a737718	52
taxon_bff7d0376d6929df679b0afc2984fa76cd1a11ec1ffa62e902c2037c2348b3b4	52
taxon_c613d2774c448a37e9bb81b498b11620dad3fef54eb304479a1567ef3d32058d	52
taxon_cd9fcc6f4a8b29e7bc79bc4821e4430355b63a90b62d290b2aac0a6245f12a74	52
taxon_cfe41f0f5643dfb62b43ba83fc75cf280bca62d9099766ebc4a8c156933db6d3	52
taxon_db11f745859f59e7a70765b8fdfa870b4d6e8ebf3fc6fd668e7ed24e80b41d2b	52
taxon_249f0dfb53067e5cc59d6f00e7c3131d37fc46ec9b243da7bc0936c814a69328	51
taxon_2ac2cd2b1c39b925ea1e4035ed1b6645751d4127a7fe1fc50281cfd51384a2eb	51
taxon_2bd11988730b0f462a0c4a16d9b0ea071848023c2c591d3a68f98dd1faffde92	51
taxon_3467c7455a78c77c9584193d09fa6ddc8cf3da89a614d16a1b1422f7e49c6bdf	51
taxon_35a6a85df41765753ffe5e3160ce1ca70213390dbf11218d38bfbfb72655ae18	51
taxon_3b6a158062c05b2cbe5d13278fcfb6947a3b9e4416ced7dcd7451c5530fc2d1c	51
taxon_50ac639fc5b410778668c41934d1b0ba0a7a607cc29144b6d06cd859e7c6f283	51
taxon_51859d9073796de2f67ff471faaef97f2da04a6fc5d77327b942c519cfac38c8	51
taxon_5a19154233022f86b93a9f82f91f83bf5776d41ddbbe9f655dae095a5fef9ad2	51
taxon_627f3b0136905cae99458c6a1b8c520c4999d9d9c275a8b45c92a22482340d9a	51
taxon_6d95492db23165811cbb35697f8263e02a7048a0b2bab045036d55c8e60c21ee	51
taxon_7f531a0e2816cfa479d9af5227df23e232eb358c0a25a53aaad5e09defb4410c	51
taxon_8281d02a5fd2aac2d63eb9d3cd98f68d94ae220bf0ca96c7eb693060fdefb6d6	51
taxon_883ae800101529360c5706706571cac6da7272535710f9c634ce9198b636db90	51
taxon_92899b221caa747b12273c4eda05fe5ccc6a16b141e1f9731a9b8bb567ef57ef	51
taxon_94ec7e892dfd25274cb6c29981308257693550e2f4f9d00e7b09ab2d50a5130e	51
taxon_9cdb263e8e25f619833897c83fecd4d4ce3e655fe12142d1d71cfbf91021ffdc	51
taxon_9d57ca0c6247c1332b48a2c61b73359f35564e791fc5382d001fee67492fc4a3	51
taxon_9f1629df71f5f830d9293365a84804ff44f16b2df0da7b392ece62341caecd8c	51
taxon_adb88a10fce82e3f02e3c525995179287f0dec3d4fe8147005ff530a9744184b	51
taxon_b4db95b24045f15eb06fd3778974a217cf05996cc2a436bd011cae57ec0ea624	51
taxon_b9aa91cc8de07b3c05a76eb975b72e0e21ac8c92e6e9f6a797df84d550f4cce7	51
taxon_cd0d4858dae96cf97b686a36c4312215d7782fad1c0719f4ae57c99c9456eaed	51
taxon_ceff145fa1b8f1a24178d80df82d9b27b7aca0579f9e33cf76bac0b58970b888	51
taxon_d603afeaab2cd4a93073664d7931a47aa25db36db7af09888a46ba9509ddc06d	51
taxon_d6b073c321ef42fffd2fb7cc1cd9508c298094988a4bb24950ef3b4219c9e2ed	51
taxon_dc6b5675ce3b9a92c104fbdfa7fdfbb79529c6c173af251352dd82661fe895f5	51
taxon_e3cc285a20fa18b8100c8adc91fa8e45a66327eba20542ec0f0f2a556068536e	51
taxon_ef5631f40d5339d4ce95724a0cbf1316ad11110c63b26c763ad0354460c88cac	51
taxon_f19c2c279dd4ea3c04c6b6e7309e2fdd81faae3ce370d0787b246e0504eaa7b7	51
taxon_fdaadc926d0ac9666369c736df9e313d1d4b1812342936468040be963b0a3e9c	51
taxon_fdbbfde1fdee4e129dca59ed65adab04ba6983cf18f78c1f0703ca2331823f7c	51
taxon_0b8feafdbf47e5c04a00cc2a984d99bc190919bb13bd3ac0345b5fa438f29d2d	50
taxon_11e4e5fd79f758e5b7660a65c72b2c6bc8bc4566db26feb387b677fd036735d6	50
taxon_15b3c74397945cb6e9e0be70c1560f12713507ff673d88144b84dc1a08ba6a54	50
taxon_20a2e5b60291a2053fddf50effe6577431806528ee02c0133c316c22740e39b3	50
taxon_21472a3f22df36f80bee79fd023e75f4841a54bc2503cacac692a4ef064cedd3	50
taxon_24d90f69ff7087846c69214517a29844ce9ac52989804ff49c4c54a80961e36b	50
taxon_251099d60ed6564cd4873da58daa669726d275d19728e7661f7c82dec4c521e3	50
taxon_2653522fbb3cc02c876ac2f9a794502a2e3df7e6da73e06259cbc5b5c78a6737	50
taxon_29641cde8e264d4f2d673272e8b008292459f10df6d2ed14703227152c736ca1	50
taxon_2f6514fdd97d96db7685745d6069f18fbd54db37607012623c11fdbf1731ece8	50
taxon_302ab3556e5ce871c764a5b8faa1cc1c843bb9bce36aa3855052e29efe2c765d	50
taxon_32d428e0e1364dfc6c83007c1b59e88f5c8f15ebb7ec82a9efe2005270706ebb	50
taxon_4080bb0c4f1d0ede69077648d9839455c13284c622afa79b5e80a56cba92c58d	50
taxon_545e6ec0c2403e2fb95675461d1e095450ab102b2ad71994d290a66cc0294b75	50
taxon_55107def66e125b2fbdda3c836061f7c91669c7f48dc0644428b28f70fdbcb4d	50
taxon_58a6d7bc362e5cea88627f98970a0b0c78b1beb9083cdf0d7be3e3adcdc972dd	50
taxon_59f97b124e8a8a10a6278715bb237307a701134cfec394bb18aa1b274e01843b	50
taxon_5b4b0257c6da480ae65f837392c8b38565fb93ddfe6e3a47476c79fcd17effc7	50
taxon_5bb6c56dc87cffea12523cf5a05ff2ef7d2616be59c1ec33d287085801f90068	50
taxon_5e5a9984a4198b7ef816d64de6f45215b6c364763ea8a9c6c48adedbcc397af2	50
taxon_5e83b05c4e979210c622a70bead2cb86959f3bc9fadf097e1bccfdeba4a0686f	50
taxon_64855d68c2d1b598ff4b93b16380aaeed1a227c3427cba51e9b5fa71e2c6339a	50
taxon_74eb48a0f002600cd480b6e355bb51b9ab121e5aac97da82c6005b4500704875	50
taxon_79a91b68954e584aa0387ed536a520d8d12e27a83b09266dabe4949d5c49f83f	50
taxon_7d806c96c25b866c395bce28bdd04f4fc62093f91eac1febdf5a97fd03f60472	50
taxon_89983931ee244f08df6bdb8f0f68503e0639bf6ab843f315a4f1b0495b1c22fb	50
taxon_8b2fbb7285e9fa67ed8667aaa2cb171e749697844a2f73c0238a98956630b485	50
taxon_943652de79eb64896082ebaa683f9e306ea5fe40fb68714f4d945dd3e799e411	50
taxon_98040c0402d1b37a94de608f6c24a8050ab6c31cc99a54010576ac370a5c2bbc	50
taxon_9e0d616396096e1760fcb5a1db556758e09b10f12e97c49b28f08d9722d2faef	50
taxon_a0f2869d8bdc3a7438c01edea7b6ddadab5d1ad38fb6274a31be98937f6831df	50
taxon_a9395043fa5bffa3af75a41f6d32599149429de846473ce9ce26f127e7337629	50
taxon_b24d7d709d2e975882546af8cbbbb3c0424a9afbca271b88ae32d8368c2424b6	50
taxon_bc54a933c101eed78de5ce5b6f52dce4caf00a2c84de4e92e7d69897a08b2095	50
taxon_be5bef91bb4e74e608ad9ee11229dcc8bdc8855b2259602238ffe727743d5614	50
taxon_beab78650b2de195a06534cd9be0b920e98cf02e310799fd70a2ba4bd099a682	50
taxon_c113d297c4c14e4776775e4ac99404b219ca444a2b15599b282b29d9936d75c6	50
taxon_c1d2671c09e6e8dd686beeddbe0be6b239069750a56689d3a5e8f777132da65d	50
taxon_c23d9d99f7df235ad82c8cdb85be5ceff2042ec3ac27e8a40ca5d9f5c051d1db	50
taxon_c2e45a831b7e3e248f0c7ffd33ab11d5417240e73e841911265973ac36fb5b06	50
taxon_c2eef16ef997de8d30c41a9e735ea341cd67bd12a32a20f0bfaf35ba2243b4f0	50
taxon_c667b257a97988d1c3bdf4c4ab549720872157f36350b07b46cf636ad9a32b43	50
taxon_d59c5e9ac7828b2f3e5e5b1fba4a126376db711715ca46b04ce05c7e145b8ab5	50
taxon_d65721fed78f823af6017cf368732deaf9531daf4d8d7c9de47e2833ea4e0bf9	50
taxon_d7b442efeff332cfb06836808e02586bec429b08bd1f3fe0fb3b1266ae67baa4	50
taxon_f7c7e0c4e6bc65048d3e8927ef125ea2ebf1ebc60e26c5ee472ddb6205e9857d	50
taxon_ffba4d0262987c5b97d3f0a8abf69edbd6e2f9762f1100b7a23730cedf3b3109	50
taxon_ffe8c003aef616140fbf5c2b18f9b7d8c430c73c7932c9c5925d7a9ce4056efe	50
taxon_011e0904a312c7d84d63da44d55230d1262c270e6f74db8fa6db2a5f8665f3ff	49
taxon_1137de79b36e121393486a574d1070064bb82b1021e123c9cfc2effd9a44d5af	49
taxon_11d7fdae34c5c1167271986068f2f7b6792709fa219f4288f7e8cd35d467970c	49
taxon_1865994510a69116b000fde9ea240057a2d4b48ce19099bff601528d1768ec9a	49
taxon_19ff715de3dc614050627fe4771a0f992e0ea4a0c6ce46a2c0b6ff18e0da292b	49
taxon_1deac0ca464db974766c071f349b95e8dbc105f7b7bf866804b3b5a54636b096	49
taxon_1e31be1c00eccdb50560076a27d80e7e3dabce72120b76fcc380ac2dde6c6430	49
taxon_277924cf7d0a20cc081650769b7053383d3b9a07cfa0e705e9a72ac2f340ded1	49
taxon_2b58f26add21712ae372d205c8847de634897f01ede412315fba985918a75004	49
taxon_33ee59c79b5d223b0e4863646d6e03e2520bd2b28b59c3f5d2219b1f359c7833	49
taxon_3a388ff76fd9a271b20616a7b4063e76ce2953453d638cf267bbd701d741172c	49
taxon_42b57041435bb52e4b90d5ef9171d224eb0a709465262ec76cc6e3e0c3e0c92a	49
taxon_42f9fbbf56789e7895f97756e0e77fc62e68ef01439bc8f92968b923b94235b3	49
taxon_4391a105dfc2460118761a1e4413ade7fd5b842df7005b8b74a639f7d17920aa	49
taxon_4dc836246fc9a2c055aee30137832bae22abf934fb29a711c24a3e53927ca37b	49
taxon_4fe809c737e30dfd1f35416ab5cbff58390756f184fa9264609cf53ac67774ff	49
taxon_5064bc33e88f76aa563d5e58e6bfad37476b00faf5b2dc666872682b3293b8f7	49
taxon_59517d3febb92dd6ef2e32a877d5ba2a658c2c015a0868be16ec4fcb0656aa8f	49
taxon_5c75c6389fe296cbd7be0b8a5f318cd53377e5b992ea97183d49755d08b99aa3	49
taxon_5cb508d8b80b6fbaa81e34736728115d744dc4d724d2d93fc381abd5bdfc3f1c	49
taxon_63de1d924b3ba55c664990619953d82e42fbf54f3553dc2dc836a760b10a6565	49
taxon_67d43e24fe4b8949d334beca29decf2b7b38ac77096664a43de9a4eacb6cdaff	49
taxon_68b1a512754832a3f4851035b90a8f3381d23c967b6b832b193bcdb499ebfe83	49
taxon_77a1fbc63c5da15d4975b8bf5091c8d13337558b81666154887c9c962d4e2b31	49
taxon_8477af86eae5f803bcb8214ec9394cf1c05311c7e855cc5e8ccaa2f9f3e436c6	49
taxon_88539c18c4f7cfa0c46ba692bea503217a9151a152d0267eb868910c59c4388b	49
taxon_89faa902bf7e922973d79622cea729ce9871dd8272114528263eac7391940809	49
taxon_8f7685a9eb0a6150ba5a379342e322ba761c0237689a0a58fd7f845f28b32f9a	49
taxon_8f8532650de5279275bdd19bef97f2bb66be1d98be13458d424145da2814ad69	49
taxon_9946ec11e9eac7db8e43d1ab8f815c38dc7d91f1df7d6be9097cb642cac596e6	49
taxon_a8ca2ccb029235ac8353e28ebaf2ab0cd1cef7b2593d9b9f1212e5e404e0501e	49
taxon_ab3ad8ccf5b5f5a9810e9daa62d716bd73289af8f22176420da15a9145cc94a2	49
taxon_b9dd0f7a68ba82544c6b349f1b593f0549332b50a5fae606216e9d8014361318	49
taxon_c5f2b57194b1227e31baab00b424aef64a48bde1a99e39e958ff25a14c796877	49
taxon_c72cc54d632f39d6489ad39519c3d8f2de6d822edef6c315c0ccd4f1780cf438	49
taxon_cffa05f4ca1c7509441205b6fa2f4dd017b3dab00e4121041f4878d02982fb31	49
taxon_d18397b792f2c5afc4504bb46c6264b8baa20b82af45f39c64321e196d7b8255	49
taxon_ddf27f912e334acb30cf7db2f73a9bb3766ae3f5538a105cbb42f7f6fe133c63	49
taxon_df7f973b2a60ac5f3b419f6d4f95aef5ece40c6cac1eabd1e3c0779bf078bc81	49
taxon_e4867b8731bd99a2ab2329def9b58da6eb05a6d94fa9ecb024365a50072397ab	49
taxon_e89b7cbe73a5efda4795e96533117c082767f1ae2d8fd58b02ab15600fe47e74	49
taxon_fa29db7a2ea5d0d048d2d970f002b7cd87ddd0c26ac188ab25043c253c2da57d	49
taxon_fa481db3bdf1c1280568c5f625ce2eeff5bbbe92a76d6c7f2e9c7737df68cce3	49
taxon_fd60c0a2ce760b8acc12114a8f8e822ad401869e35994d827cdb801343f4697b	49
taxon_02ded05e65be71b489bf4d878042b03b3c73018981573367b3d213dd954c2075	48
taxon_0a2de034e09464e819fd8bb4f247be39a9f78b32328c3444501f09acb90569de	48
taxon_22cbd4b1d6bc3a461c5e3f6e890ebec97a7df852481458f3165bf191389cd1ff	48
taxon_238d902f949d7ab60801687aca7c5c25deee73c1b7d520c0ab3e9e7b2d510c39	48
taxon_25d7140b48d5551a3d498fc64ea07b09a26a1442a1679662f4191bdd906dc95b	48
taxon_2a00b51849a650a63761850b2f140c970b093f1a5ef4a7f43e3cc05ee9312723	48
taxon_32740ab18ef42f492f2a2f12309173b10b230beee7a50bd46e3b6ff2f58dfb2d	48
taxon_36861f2057bc6f920ab2f66b0f517a185f0b42fd4c4ae514bb3e58b39e269885	48
taxon_44ef4a4e5d30e3523bc638c4fbdfafed2a5ee6455936ade6de0d3feceb2d7879	48
taxon_50608e2169e902e90484bebf309c47388ff25e5f2ffb30ae21a5d2ea229d0efd	48
taxon_56318ae7ded9709d0714a73acb591bcd996e14a8ec85f1e4e8a30ce0a494cd43	48
taxon_58606a6f20de877a7ac5c7fc9108f61660534ed83351d2adb7487a6d927a4e21	48
taxon_679a0599b377cd51207ac4e4fcd37fd52aec2f52877686e901d325e6656b2663	48
taxon_6881468c06719b233c674f4c6b187c7038e66ed13cdbe8060ec044056edd38f6	48
taxon_6c9ca6dcca14c0766a3d8b030a081ee765ac8c73b7b0202a95f3897def3e8207	48
taxon_7ef495a5dc4f7c0d41b8023a2aeaa374caefca4771bfd5a943fefc0151cea17f	48
taxon_85cfd6a3eab513c3ea74c1efed2e39e1fc6ed7bf470b7f8ccf4d308461333e0f	48
taxon_865ac4915b034f19e285a1fc48e4accaf40227a353225e5b4425740ba718dbc8	48
taxon_8825f49e9f7411af8c80fe6c8a0ee632052a73c6ea0eeb20516bb71ec9437e71	48
taxon_89987eee5ccd86de8ce9fb3c77aee2303af306a6d41305efbfe1165996748398	48
taxon_8ce15e5d9596397c1ef2e80c390daa7f3a80588b37b0dad5f80c8c2a0aa1147d	48
taxon_8fe365bd24b42049763805987864db36cf303a6df6f191816a05c83e1156c2cb	48
taxon_974ff606b01ee6d9f4eca56c78072cdbe54f2f978c5d045009fb9a1d1b109ca3	48
taxon_9d7b6acdb4a922e99c4a958f3f4257572e6eadae61b8d8fd37425f77b3702d9d	48
taxon_a17606609157e494a3014f5cbc61b2987077b6ed305d5a256f2ac6d602b1ddd0	48
taxon_a89258ab6a843ccfd0d663c3155e4e67fa193e5cef6b64a25b6dc5d9db95473b	48
taxon_b7d722f98d3f82fdbcba4af3ff7556b5a8b9f15672a601e9036cfe42054f02bc	48
taxon_b8defd9cfed9d93ef55a0488e3f680417b7430662223d76fff106c5f2c91a6e5	48
taxon_bb9b3101c8b9c6a7b9deb4a6752f40e4861760e69502b717c54a5775994ed402	48
taxon_c780ee4a955209c1ddf7984027d69a371f3b20f04672b5ac77c327f15222a816	48
taxon_d05bd1c858415288f5039f398bfde682fe6bec7a85ed747d120c35c804622a30	48
taxon_d223e1d280d6a37dc4368f0212d52265141ff8bfb5a6682a47daf5e8b531f332	48
taxon_dacd37310ccfd838cdb038816fe6f26b49d1133925fee6faf219ff30e5bc7a20	48
taxon_daf47896def71c01a8006a7526b97b7ab9045dc461e8f86d3ee0d4ac6571d09c	48
taxon_e2a69206ec95936f3635108adbfd555aba2c80751dc434342bde93c9b1cdfa21	48
taxon_ea2bfcbbbd09b7097eb707aebc7bc11d3078594641fc5fdcb858c27533069191	48
taxon_ed46a484499560072ac134049ab0bcec0b67a2f54c13d18eb8ced770d40f682d	48
taxon_ee8a3503cd0fe8fb6391830315dd2c947abd32930030aa78e403c392f0edc653	48
taxon_f2833728fc5f451714f86e1b00061c42944f25d36c9cd63bd68d7a89eec50d9e	48
taxon_fdd7bbe6bd9b0f7ee3ce359eb4259cd23aa2e9d906eb9f5ba41502648d1e360c	48
taxon_0010077bf84678656b784dd5ddfc6247f5cc40594e1c97186be8ad09a7aabfc6	47
taxon_0331ea1b04002cb81c05c172178cd83f5f49d87e84b942036c577492a8804241	47
taxon_079628507e3903797723f7c255cf09823e0a5bde6c85088bace809d02604d45c	47
taxon_13dfe12555f720cd6a7efff323e12431e7a1b8dabd9971c57b8c2ac805f77f5d	47
taxon_1948422eecd74884be9f29d33641987f6fb9f41635dbc3b10d2f8d456a06ddd0	47
taxon_22009da15b278ffb6f15b43ef00639133c6a454715c535892678c18f1fd049a7	47
taxon_2706cb68f73d393f43f9aa0c10dcc4e734af995b3020470e1aa4746e83bfdf20	47
taxon_31601d03cc8c533aec9201cb5651fdbdab1910fee7db6558e3401f8e3bac32f5	47
taxon_317cb9a53b543953ba821fe658e323db37397235cbb8d7b2724e77057c70279a	47
taxon_33141b18bbd774e6fedbc85603db3aa414fc4c2a37b51af73e0cff65cd571c3b	47
taxon_3b8a282240e1bdf50fcfbdf4200a70ee24af43452e4e749e70b6e24331be32de	47
taxon_3c0de09ac848c9e28b8f3a9eba76bddcba9efa25a494d22fe38f20d196a45048	47
taxon_3e5d4d237638ec300711a852fd223f9d1392785dcef69c0266471647b307ffb6	47
taxon_401c4f9194e1c221bf5e2d2e99f9aaca6db7b15c6ad8d0eb7e0a362fb0fb0a94	47
taxon_40e1ddfa15a25cd27dc0808f65ae89bc32f086920fbd85ec6c662b06767859a4	47
taxon_5efd73a5c7b8d6a314f5a0b57cdb894dbf29ee43f0fe0c99bd4a647e3ee742bc	47
taxon_6f2421815acfaff3898805424256e259ae00342cecb60654c464b32ff92ce9df	47
taxon_76199ebcf274dbc7dd16f350935c9aacc022387e194317f07a95a37d88a8e2b6	47
taxon_79da59bcdb1b5437c7b619618a2360f18e580018a758a95316f4453ced2ff5cb	47
taxon_7e8a2b5d2eb7599d516d40f4c9057d170e3bb920bfa1e3283792145e43b545ab	47
taxon_852cff5a33c3e9ece9dcb821bbdbd450fe87b5c6415a47fbdc982d1b632483bf	47
taxon_8ca31401e75c1aa2512b6443fc6ebde04ddf37fd4cc77189872dbe6905356f47	47
taxon_92093b662e6b0772c854e1669ca9c510d1a6fb4964c1dcfd181e84a3b5803602	47
taxon_979dd1e5bd8c22b5b45b8d5b41fad8f143e639ec4ae0c7fe169e3bb999473567	47
taxon_994487bc6dc59ddbaa0c2d84bc6f0dee1423cfca53136400bceeb9473ff524bb	47
taxon_a4a2d1331409df3ba51928d341fba82f3054870a6d0630fd03c615287b1f4f16	47
taxon_a954b3fa1d9ca723c6cc0926337f682bf267af22b4c285c01964c638fe68cf64	47
taxon_b46108764da1b00181217775dda614c421a8b9dbf5a5edcaf01f2b8965a594b7	47
taxon_b7c5ed4b5aea7385926fe636cb9ded313d3d3727f3682be9112f0fd896bfaf82	47
taxon_bcf75ab6ffbde7954e7162b78756f781d66fc9016849d15f35562da8694256a9	47
taxon_c2bae9973e55adc64b24604c1fefe28ebe78a444990b81d082008f8ac2c1b994	47
taxon_c485a7987972b45a2b4f33b7eafd21a381c4d0029d17c4deed24b7c7dec2d65d	47
taxon_cf3cadeff5e7c5e2bca54d62ab9217365a5fcb0686b73420e13f51f7d8fedcf0	47
taxon_e9ecb15cbdc22bdaba78a78da3ed5727e68c7c260cc925a00f452efe681735df	47
taxon_edeb14d9fa7a10d183d245febecd44bfe2394df64c89b39d26b55a4f9d810025	47
taxon_ef011127c4963aaec4aec97889d82f4bb2a98d89760c8e33acb53537f95e755c	47
taxon_f51653c866a040dfb64d281998c1b3a41f6766c3b1c46f9e78f85e1c963d591b	47
taxon_fad2e5f5bb33856119946d699a000bcdfa9b8a4f60da0fa8132666f35b255199	47
taxon_08c649251f880f1ac3559d85f035e7396c2e1690f8c72c7a03eb085567b01896	46
taxon_09690adf005d28abf40bc91b3cb29f2f857163c0804da3954611b43b5c9bb72a	46
taxon_10487de0dae94330b69b946f1e8ea19394c88b5d5f798791f1504e488159254c	46
taxon_13b13ac86c4487a90835ddd4df82239e5259385d522adfc86b92a74f61083003	46
taxon_181d19d6f972b5653e3475aa263d4a1b38df224c3e7dce9f9611f8b6a2221316	46
taxon_1c53e830b99549876dd7d092fbf8216769518a1ef13c6e6012784234242b5ed2	46
taxon_2999cdf923d896cb32626ff1168bccea774a6ef443146ccd6f97ce35a5b7abe8	46
taxon_379dbf5d24cf165c2732e68a82aa4c19394ed4fa72153c60f2362ba6f37f74cd	46
taxon_47d1f439c2aea8a163cbbd449604b9f3211a60048152d4959e23f52a7f720559	46
taxon_49cfa92f1d09869a1f0b8da0fb674ac0b5ce418617c30ef471c89c25d436717d	46
taxon_54b44ba85426f0f807d0846d8a5565de2f4d4c30a8e7df3ef622b0c9ecbfe934	46
taxon_5b2933f84121b63186da5079ec08dbe80ddc024c3fed8e1c26ab5a9246e18787	46
taxon_5e2e5e6253bbfef53673aa5bb8243c5d578f82b15e05e81aba62952bc7e107f8	46
taxon_6978ddb68977059549532f365231213d010e1798921f279c394fe3bdc5d5be6d	46
taxon_6c1c90387b8bd2cc45afb2501d46cdf9abc506415495918c912702d20c9f5b37	46
taxon_6fbfe89436a0f12fc6b50b7099c418077209d3061c1e83dc9fdb6a1d397078c0	46
taxon_70e8671089a183faa1d969b3c7cae509cf23c5143a74a53d5798f055e8135447	46
taxon_77c8b5677940084280a7b8b628fb893c1e09b017a82df185baa6668cf31b7c0d	46
taxon_8327e1c1aec5d2cebf3e0dff801fb038b9b46fcbcf49cad84a23fc216196c3ef	46
taxon_96c1123c5df13c1f9c582f13c96fd85ca2b57c3cd1f806a029d7a6ba5a2dd8e4	46
taxon_97404364c8199a240123427e27a9d051e29cc3e129be7e3acd53686ba6c6a0e9	46
taxon_9e4c060533b61140a7540d7295fec1406e208a32decdde855ef72410dd19d05e	46
taxon_a53107686043df9ce60cd30779f751acd72bcd111eb17e36321859c5b5c20bcd	46
taxon_b4a072056ea265816bc74553d0299a933f7251812b74148b61c00d162ac93df6	46
taxon_ba6c21f77bf334e5d5955431ebed7701e359eef1bee62df9c8347a3a055749cd	46
taxon_bcccbe31a62924680e897c77299c43df9ecdac1b32caee5632b824c8e9906ff9	46
taxon_cbcb68939df9e6ebbfe9e0d000a159f9910f8fae3fbe7de3e371d38f359e9b82	46
taxon_d58345ec07fde8e817a3fa73f981b3f424b5f7364cb2780a0761a0b9d8f1093d	46
taxon_d667123859ad8ef777d60e323b95737c2eabe3ced48d7aa19fbf4f31f232e427	46
taxon_dca056a156b7a4c1ddd94ead9ed9e7925cfc407dd91eb3022ef1cdfe47cbc06a	46
taxon_dff253f68998d1a55a6738167e6caeb7ef9a83ba2c9d8c1635ecd58ce26b409b	46
taxon_e1770ce50c856ae431f87eef19850aef43fb0b1364dfae12607d5c1d14bf9aed	46
taxon_eb224afbce0f46bf0e52284d9560a5468f43a41c14000d98cd3f066890b65927	46
taxon_ec6100ccdd435f2ae996c28a498ac09c49225c5df7daa8d7782dd276bb014665	46
taxon_f26dbc12b58e503de7f93da895aa6f42d9a1e9d385aab4237c4b93133daac0b6	46
taxon_04473695ece36f9d0f1ae7736d0376b3ecf667770ac4e07711d2931cea43d660	45
taxon_14aa90d61c0ecf3e807cc18e13a5911b35cd44aa17547100cb62a522fd331e40	45
taxon_15888ca0fae4817d42ca64cdf3a8ba1124d971c3df63b87149727f3facb87bbb	45
taxon_1b0687d528705fd5d340d5868cdeaddc82c41e2a5d810b6340b9f38025f34c9b	45
taxon_24d68862bbcc571a8b7bb2f73b1196359fd830198bb121240e341e1ca9bb30c3	45
taxon_286b7a573e2d033b9aa86fb611fd72692d346838cddad3489ef933ca7641a579	45
taxon_2b5152e28826ca2e8c64f1ac4c2e4b69183a906a8fc266f112ce577d5128612f	45
taxon_2c50b4eaa9f172a34f719dd227d32e58e276c27ec9931e9215d1df62809cd561	45
taxon_3161359c7cd1de785a105329ea0ede99bfe3c07f5b0d1cfda4d077147fe0878c	45
taxon_32c6df23c2c6060afbc83e0aac8f381453ae689ff6e19d0b6612a23c52a3a3bf	45
taxon_4198fbb07ec23dcc18f08b8ac52c418d456042e90fe626184d68246e6b7e5d24	45
taxon_44a7c3f1eace1447e41aa1b216b7cfff5f1d77c78103edd0f3be66cfaa876998	45
taxon_5f2d030632f15ad10b8d38699260dcb316dc0cf627ce4b8bdc473e0b859a556c	45
taxon_601204e9ec2120621b76962977fb1c57385b08250cb33c1c43b84df395d61f3e	45
taxon_64401cbba184e4abc4d2123a7938bc57db4dd963a81fe52ce1f2b437436f38c2	45
taxon_67d17c589cc6cb6ec31dacc1e7a0ea89152cadabb9d21dfb62b1e3f83e320e05	45
taxon_6d6c3428d6216a1f5986138c7f41ba8970740adbe275d440bca11759061ae25d	45
taxon_6dc36d6245d12bde28289a720214e01ffe0c7493ef756223d7d59ffbf453f01f	45
taxon_7033ebb2f1edbcccff097f79a4ab836649210209e374a15084c6a59ab610e622	45
taxon_70a334caf2c2348732d756591192b8f0d159dccd44e032d029766554a81c2796	45
taxon_70dd39713555ae80a1054b93385896e89bd99c0f5388a3914f7876e3154c8ba9	45
taxon_73ac08099f52e28bc0a61ace61c28c1eab97c62403b664b08b0b2f466740530e	45
taxon_7fb01e0aea29f1b50327530d5fc078c227c1e4e9cc9c54fbc0ce08634f320f8a	45
taxon_889dc9a1bca8e9ecf5766b01d5413c6cb02a0bdf3b60a82d1aba7f67b6b5aa0a	45
taxon_901ea64b2091f31b9b4cc21321aa9568b01ca561bb67460f6d61bfe09fdc0e3f	45
taxon_97d283623aeaf64101c1d5878b7cc2f5218ddb4c0560b879105382a6375429e7	45
taxon_981439672ce29d8ce89d76cd61ee32bd88f40e789aa1abcfe90e0c415cd2d94d	45
taxon_99b6be06f009cd85a5cf8a3a1e04912e3d9f400236ea481e5767a3ee4eca9470	45
taxon_9a5e12c8b51ae0b075bd87aa976885572eb38c7e96ff029ee055c6e06d3ac0b4	45
taxon_b7bbbe70e6538f21d50ee5d6e65e106816240f0dff858be0cc53188a9ad2bf8e	45
taxon_bc8add453f4a130fa169ec13e57cb7195b6fda3050b9e3507d7d4e7eebb6d905	45
taxon_bf8b67c245938f6106081c7d3e1e7591601524acde75a39b8097f6fe999cb456	45
taxon_c3af146b1316e329dad5e4be5ba59bf4ea58dd9c2f5f1de168ba5b43e96eb2b6	45
taxon_c3f3c809749f6e6b04f5cb738ae0a3e4ef22594bccc7959172a52c85692291e9	45
taxon_c4fe9e265aafef38fd00c4b6e915886c3c298e45dcc6efd34ebea245bc4ff3a4	45
taxon_c930d268752aa731c0ea927b672dff39f778878a458a3be3ff881edc8fbeb748	45
taxon_cda7a339e8df565e80bbcaf5de6e4409811823c79e5c917594bf0c929f06aeda	45
taxon_d1cde01909ed71fd8df4d0d3d30ad0aa7ab4228b6cbbd9943b89f8c3a149205b	45
taxon_dc2c503cd8861dbd654f971f5ad3ebaac96f223482d8113eb0a4210061ce041c	45
taxon_dfd9f2c0da0daf24e4f80bf5eba4be20c4b8047c82b1d097d3f21f0aec8467b8	45
taxon_e4c6320524014db7ebb837e7e2438a433e84776b74070999e01b11da57b0fd02	45
taxon_e71225830f0da151bfde501f8f5cb1283f3eac6b93836496b776d1f4ab78053b	45
taxon_0b21682111cc603dd52ecbaa08de62eac43a6fcb7e54cc6fa4f734e43c5c47ea	44
taxon_0dd9e58aefb029492f3d706d8a46f05b8caea7c5fe8a3346e8f992e8e83c5c11	44
taxon_1007a8ca08c44a8e14b1bcb9a588c52963e5c8aa06b0b2cd5817ae4c89220da5	44
taxon_12e04ef01afb0bfefced90729c1b479407e8a8496bd9d56e51966b1f4192d02f	44
taxon_142ba9624a6f8daf0e97d58528247680666b0857e05642a529afea9d899512d2	44
taxon_1d64efd60ce5433ed4ec56023258a205258caafe48221de30266ddf26b51d80f	44
taxon_1dd7826954e7c5b88e13344a04ac3e561eba6b4d7f5c1b6aa270739310a0db3e	44
taxon_28f67e0e24550417bb2c1aff58f82225aedc98735889ece0c50795db07f6f8f3	44
taxon_2bf82f938a15fbac7dec645da3ace490986f3d4730c96d8c58e729c6db0116b6	44
taxon_326d195eb8494d3c3c8924e71e688cd80bd046832c41f7dc8f140de4f8c078b3	44
taxon_343298ab731712996011f8f4ac82584f1df9e72d6337569653520b6d553c726a	44
taxon_3e2df77a8667721ca53b099f2ce7d5af2bbae245d68532c9990c7f1d059a42c9	44
taxon_41912086d750f2b8d2af3d51c928a5ac01b1e9d851e7d3dbfe72afca42e40850	44
taxon_41b50382bf39b785b08059478293777627425e695d50b7b39b507b1855763a98	44
taxon_456ae982f2407d772cc80b2762af0f2843d7ac2ef3e08f34dee4690ec2d6d0c9	44
taxon_49ef666de009f7e5f3b188e82979fc59d3a9675f88131706493fba9b2d035953	44
taxon_4d663e0ea2e5f313bd062bbacbcda2cbe1fb8f0d2b0bf8c30a2931d036da0f12	44
taxon_4e6b91e9490696cbf6c1bf5f0d9b550e471dad4f134bb0bb58ec000d546739d4	44
taxon_51a1384d9f16bf3fbd38b4e52bdcaeb503d218e40969dbe3e29360e8b20873cf	44
taxon_5e03361a7eeaee97c69128b6cfc2c8a64c7407e8b7c26686dcc6bfc16a5d88a1	44
taxon_5ecac5e0bd4f88ce3caf8edbe3610cb90ffd07d7bad3a32d8761c6db6903e5cb	44
taxon_652ecbfdd5d06ccbc501807c4693ac516e676793ea9a79359818e497f7a4b1d3	44
taxon_6c1b7e52097bec472c54d86188bd984e5a84c7f6cd28c8044ac34e7d37ecf0c3	44
taxon_6fb71713c9a8564be3c753d64999c1e673279ac32350edd87a1cef552a44717e	44
taxon_73b6dc91703ca3268575895fc0ae3d0b6e835bc2608d110200e29905c3ee3eae	44
taxon_7701037faf65fa7c2ae998f7ec1fc31beb6d0eed32beb5bf1c7a3b09fdc9cd12	44
taxon_7c5f73221bc65467cfb2ef03bd9d24ed344c6d5e7877f779f0f328cddd948b0c	44
taxon_86bcc880ae29ce8dbafb9f3f66a890e022fd57ab90abd1cb881eae88e3be84c2	44
taxon_89fed37bd523f065cdc165030839c4562e795554156dbcd6d09918084aa02f5e	44
taxon_8c99452d74d37eee942b2280da757509f9a31292155b6c8d6a9aead1741e47cc	44
taxon_8ea5bd8feb3cb12d804246e92b69721ed4b726ce8ed267b2336d1847b402e4bf	44
taxon_91885cbe9e275b660e49df51025ddbd487e24be4601228158970271570d63e6c	44
taxon_95a2898aec2d5eb70ad21db6acc0d995e10dc160fe895a056ff2a8279520faaf	44
taxon_98e5b24377acd4e72cdf24a36bbc4989f66bdada47ae2eb041aed9c3af0fd9cd	44
taxon_b1afebc0c42b7de02f4ca7e0f15c1c355fe80365468d3071f2e86ee65a94ecbe	44
taxon_ba2add4c2b4660a7375eb85bdb51dfbeb817d42fd46ba57fcf618ac9146ba38a	44
taxon_bb28eac249272c38e70c3bbcdabef6a19e0aff59f39ac215beff8a44f4be08e1	44
taxon_c333d1a9ebb674de7ccead83855a793b97cdd2ec95fecb62efe67833cd36ad19	44
taxon_c4d0e18390b425f83ea5609fdf4cffaef6aefe178accdbee2d9e6ce8952e1ae7	44
taxon_c6e8a9cc8d605e4d9998e2981b69188cec52ad7ea525645b7c9bef3410ffea92	44
taxon_d6695ea01d78feab7e78db36edd23bf72ee8911cb4dc59f56e3932788080d4fc	44
taxon_da5224306beb79caa472dcc6c5493751e421862f04f4a7d22401fd16b07cb0c9	44
taxon_df296471020ebb2327d9725e73acc13e525451f9bfae7bee8725677738eb93f6	44
taxon_e5edaacb976d1d5101ce5763c687c37c95c559615508056e71dc8dfe6c88a07d	44
taxon_f322932f5c6da0aa79d30944c8189f0a6daf6239f5e8dd797f624c732aa9d841	44
taxon_fd44f075300e2bd9c551560a786d0b9edf543fffd3872357465154fe69ab164c	44
taxon_fe2a76755daa4cc36c536e7bf1039e8d040a19b982fbe989b37b184cdfe2bfe9	44
taxon_fece979ee8acd833b6429af07ac98731a9e02396f45ab27a16f0edbc44158c5c	44
taxon_02027e0a0795a42fb55fae04c7b9c26093927381d726a63f500f864ab68aa549	43
taxon_04b7da4b57c2bf032fdf1aa90dbff84926d169aa5cec1c07387fe158ce970061	43
taxon_0623c5fd9ecbfa99402ae418772e3fd1aa374da143e9602bfb287b73b23b6c42	43
taxon_06a2e0eaf30af69dc224a822e0413b423d661671474e0e5ed2a41e179df7825f	43
taxon_0b15f0dfeed3d5af8adb1721ce7b239a492b8847aa16ba386f26a39e3ee3f5d6	43
taxon_0ffdcfeb15d708523697c9dbba508946651099589fbc866677ec28dff3c1a24b	43
taxon_108a0e1ef24eb9eccf305f6971b49e9129cc9b92b52182b0a592ad0e4b083257	43
taxon_23b8a57b094b0f279aaf4b289b18a30548627c560bae4db2714c0d63f9a58d15	43
taxon_25ae5343b2ed54f2711abf4236861de81debe6b7119f73fdfd3974dc2c1834cc	43
taxon_28223ff7ffc40b84ce1e066791a24c33e23239845b1149927bae07be544263be	43
taxon_2d64caffaedfe5e66a2775ccb94726be3a459aa11cb1db2f3b59968fe6b537a9	43
taxon_3c4f5e06fd29bfc0160d2d98a51ac08328e95c4431ba0f5313fcbe22b4a59ffc	43
taxon_4234a0de9bb59c67be665d39c58830ff26c3e67f17f821b17341e660d41bd8c6	43
taxon_47b820a4fd3a64360ecddd00ea29b4abbfba663981aa6c6c93326e6c70800c8c	43
taxon_4af4194aa8b3cd1ec0adc0cc9096143e020af5b1c3468591ecff781a88aa3985	43
taxon_4b33e34b0afb5b7d7c93f7241f424ffd684ad10fe04457d1aebc0c07d97ee246	43
taxon_574d9130622adf69aa86e26c3a4156e47d3e439128212a7e51c16f46e96c7eff	43
taxon_616894cd7594a071388953db33b414a42f2c9de3ffdd5b404ca8de25240427b4	43
taxon_63e638c9793d274fb7826be739e9fb5b944e6017bd160f9d78de096f49f76df3	43
taxon_72f0aa924265a5b60ad498328d1dddd85f3aeac644b088e4c6d9a2bcae588a36	43
taxon_7f1e0f71cc817a22d8ee484241b3dedc4506047b220a777c2c98f9d43b4b6673	43
taxon_80f876175237771dbe07810c12244c6ebf552b06953ccbe94f373ee5525178d2	43
taxon_81153ce60059e583bd5b0767069b0164bd004ee796db2f48a74a91c433b77915	43
taxon_83206095a352737d44dd40e9e29714e192d5228866ef0ce4b46917bc2f1cb5a4	43
taxon_8c23cf9822e1d8db6996d8bdee4b131d1cc8dad7d4238178a6f685aeeda5e38d	43
taxon_8ffdc7f10bf8de0764c974db0bf5bf96858831ffd74afbe878dbb47fba5c233b	43
taxon_9647dfd4ff7d19819dfba1808ba3197f1cd3a5fce94d12f3902df9148d061a90	43
taxon_97d5dc438bc179a9d1ca98167d33cc9d51da00a243ee9b6f7fa2ebffa7095b91	43
taxon_ab0ea7e8d8836bbde0c4959b305289f2a44bf2c52aeba5e2739ec4b25448c2c0	43
taxon_b149818cc12bd8ac352818ab2e398b4f3c0518b4331f6ab6fe48f4dd5b5af1b1	43
taxon_b4a88494484488661e0ba186c0b5867b0328d47f4719226a789a967db644ab56	43
taxon_b8b90a1f78c3fae1bb50534dc2a63923d2b5f3e98054cedfbf681c2ffc6ae17c	43
taxon_bcf6de0e706b3d6b9569c133c62fd6a02a7d1b656240161bb21ed581f511f508	43
taxon_c0e2a6b4fc77314a7237682d72c26e4ff0b4873aa0d7e05fd1cbf16bfb2ac973	43
taxon_c33c2a6ee29a1e88c257360ef232bad1b0128427ea5275eeda8ed23f6c765f67	43
taxon_c6fb28b2bc50480067b09f9e440c7cbaef3c1cbb63a0cd6c0f510edb8865b5d2	43
taxon_ca62a883a4d5c90a3e5e7b93d76ed558e63be792b6377ebbc4c59881a1999033	43
taxon_cad25e190fd46f779429af81551e6e99f6fd78067cd70d926e73a5497e454368	43
taxon_cdcdf4128be4010963224d506cc1f18fbe796898352eb9fa3511f7be27c07b74	43
taxon_d7a17eb71941788ffe82d1993189bd52e7a177db9c9f32f2faba31a141c8399c	43
taxon_d7b1f0d50385fab2e04f6d66cc376be3474e6d637ecc6bd6204fe4e2b320645d	43
taxon_db112363735433eaa3147da15349656e7b717fef669d012099d8eaec7b2ada5b	43
taxon_ded53e9f1e8d7e47f977ed5c3b972f427f1c1c63416d6e5126aac3b0697fb034	43
taxon_e7747bdf2fa82cff4e7210ad1c5bae38fd11f83525f9612e7025a298d755a6d5	43
taxon_e9e6616c1bc1ddab181b95c53701e8fd43d97eca3335d0fe1cbcba4b39f864f1	43
taxon_eda9dbbb8126f34ae050b4ecf6f00e954f182aea935c17687a4684e1d74e3ca0	43
taxon_eeb40669453b0236e4508b365c3803416971ac88e5577db16792ac560325e672	43
taxon_fcd8e5d38c3e3b08579094e91f59753b9c2886dd5497ea46e1eafdbb85aac355	43
taxon_fdd99dc866a30f5273b512e645cbf2e2d4fdc25f8a2d37af1fa4692d7c000798	43
taxon_0c116070280208cb07c5f6696e6f4fa35fed8f30f1a13608788bf45541eaf34f	42
taxon_19c9abc1ab370ff9dc9765d97eadf99c61362df54c30bdd75aa813fcda5659b6	42
taxon_1ca55a6e2af0159fb1dac1a15abc46ec8bc8b6842c372f43d34d91e1bea6a0ec	42
taxon_23ab7d4983e560e87a947cb527563ae2fc479e1ba25e6f88d8bf53e2ecd7bd05	42
taxon_281cf61ab9ea3602dd519934e2ff08f0aebf5de548833263adf27bfc97bb3d04	42
taxon_3074bdc8bf41ac5973c78f54bd946c261d3beb161a13d10b6ffa252ca0fe75ca	42
taxon_323e17e5042e3fbf370aed1781cbe75179c6729d4a9d48228a83736d40c2fc7f	42
taxon_361ba2ef2a38df37971b09ebcb977b9d6e387c89603faf568540a678d3691c7c	42
taxon_391a486954bd5c7319db3de353ae3f5cd88b90bc4e476d820ecbd6de17ccff07	42
taxon_3a8261b1ab6feb22b61d98c5589aa0ffb49131b29240ceb0cbbd09d23732962a	42
taxon_3bb32ffff60224d6704761fd66c7c1b75c0d27739e897b36abd8775bd740a3d2	42
taxon_3cf4e4ce68d1213ff3aeed57713b074b4271fd0dd7d35dea6e35718b82cabe13	42
taxon_47d81887cf6c9d4d774a1347ffa219913e592bdc678f3d6187214055f8318f33	42
taxon_4965193e27a42f0012916581cf8409d1df1d1a12baf54ae9a4e4c19091a76509	42
taxon_4db7c893956bcea5b79b0320657b88f31507697bb5ca21c982d23b7e15da27c1	42
taxon_4dc5eb53f842b103458dfc976b08620bfa9a77952e78c6e5d6b35999d189a116	42
taxon_4e511afd594cfafd1fcd61606c3fe6dd79474ce1df0c4533351df99421558ca0	42
taxon_58d6900cb9ef5fa58c0cb9e67d9847690aacfcf7d555f3b7721889cff1f4d588	42
taxon_5dd76dd329771f6a60092c67666c1e984ed40365c11f890ff16bfcea7a6ad039	42
taxon_62790e5639af00b6fa02c13489cb1a54e501704cf1682764f3d155376dd5d7b6	42
taxon_66e23b84a4b91720df4e5b12772d7e10a95bd6ef6906f189f6bcc5c49cc3af16	42
taxon_721390210d30141a68f7afd1a383f902f0e8e19404a74cc28a7af1b67c333c98	42
taxon_76796779d747cc86d2eaf66fa3bb8fd18baa44b4aaff8b2ed211507a6c45a41b	42
taxon_79b6296ec573b3dc10b0f2e4a0db50346ea92b9811548e3bb1358222cd11b504	42
taxon_7f5a92ce1f1b843ad3151a8773e78270686671d1b852fb391db19e4a80f1c699	42
taxon_819761058a1369b7fe62af20c426b14751ff9ff6789b3620a80b6d1c0c1711e3	42
taxon_8729b6b19fb92897c3b7711f276cc8760c9c662520971b0110598508d01d680c	42
taxon_899ce566146d3a411cc10fc5d9dd3dfaf2a887ed9cd4a4fda299e123e7754ad2	42
taxon_96915a4c04cec3dde449dc681846540b16ea7bbce1916a0b71d3731f7a20dfe7	42
taxon_9c2f9eeca092f27adaafeeba24bc04dc10ca6b109e12a8a5c788c31a7a86cff3	42
taxon_9ce661f8aa1fe368797a3a1955348bbbb6c006d69ceb4a84401618ad8a730154	42
taxon_a350d8cb5ce2639c6efd6bc0dba90ec08933c2d3b8b6fd8309b3318ac97c37a4	42
taxon_a36559da0ffdfc4af4226877f43f7c1c5026b5b9a68cd96800ebf64bffc4282c	42
taxon_b026e17327e2c6b3121613e70c18f9fc39cd3a7ad9ad11ecdbbe9be9a2c1e51b	42
taxon_b8c47f398aba66d89cf0c66d84f42e913572db2f422ad8e43f628cc9d6a3d4e5	42
taxon_babc38ca20d9234988061e30d41d04e2a6e876488973fed33d0d4ca5521f5d30	42
taxon_bb000e9b6015b6c0b2d3116d1815b7abf1e1d771d095249f94988a2373a7cd00	42
taxon_bb90d4cf47d4d6377f516a652707555c2d0c2b1cae29c39379476f2c7d82dfab	42
taxon_bbf0ee462e6a8cbc32f4fec833c437ecfe6fc7047397ce19d1aadbf9004ac8d1	42
taxon_c076b0b03b45e3122dbdfabf5410a9a0e984581d99601396b8157057491ffd9c	42
taxon_c9c812e46d84e8e5498e3cdf49ef610a0061ac2796da9c048e9e93ab9e1d7ead	42
taxon_c9d26983529e106042fb44cc0581dc2e1f94fd9c4d7c79e7bfa68bbf215d9855	42
taxon_ca52a3a78476f670c299c83559bf386a7d62c55454317df9dda73a9c051e5d57	42
taxon_d0a0fe81354cd349289feb47dde72b70e630fe71b8a2da9d61534030bc53708a	42
taxon_d3fb1b94393a81c72676158b95b3457fa49bf7a2cb5d698b9e621dcd739282d7	42
taxon_d421f267aee57c2e3bde507125958b941b55d4d47d5fd57ab89598d0c38a6ac5	42
taxon_dfcb06aef2773f88fed2d10ef038d3bd9a1fc6dfb18be044fcf5b581644f55ce	42
taxon_e36b56a2e41b3e3682f98f0c83fbe1add2d2edbae19060f92d35f8e6d1386d38	42
taxon_efaf31951bac4191ba424d06e5dde95ab4d9f67f71f47e688b188fbb189da9e7	42
taxon_f0a23317ea029440e97159e47e1405f8ed52a27853e675e5308e5c5d4163ddc2	42
taxon_f78397651d37df30e8a9f38f487f071e1623659f9c9b3a60c46f026f9e8c157f	42
taxon_012ecfb1cc359dd0a3a0d85e312aa30ff097fa52798917f03d4157c61457a021	41
taxon_01fade3b4a576274f0245ac2e9a383004c9287bf23e136450d0166a4562cc299	41
taxon_0279dc9dabf51a4485c9e496dff695048470863c18a94fcf2da8946b48ecef13	41
taxon_03bd77f5e64036b6a268ca6a66073016a370095f57417581d859d3b6851aabf9	41
taxon_0503d21437f9da0544fdf931b31ba7496eb915d09e487fdf4cfc8fcc642af9a2	41
taxon_09a2467177ad4cd160f71c39f50669d761a4ba0292e7c3255a161111fa4834f8	41
taxon_0b1a61c3aec89ef4dce2e483a41c65ccb9386a5faa31a1f345dad07188195929	41
taxon_0c8767caca950ace45d7b2a2b1a53a1f8db29a255b4a424bd3cda27e4f9da910	41
taxon_1186801960d467f1d424f5b1c9281cd20d5e42ca4e307b57ad70270dcd1d95c6	41
taxon_14f0f691db3ed54f85903644b411e5e060c15c7a9ec5693070f663872a788a5c	41
taxon_236c6ab1fcb793a2780543ae78674e041881ce60fd759b03922c12f7dd371e12	41
taxon_2658e4e4a975173871afec2ccec7300a5ba703c7f13c0211430a3098824aaea5	41
taxon_26f1af09b9577d54cef76aa2974cfa129eb5b19927c7b56aa0b77278a3107c09	41
taxon_2eefa48a21f0ab081fd349c44d26fe495e064c8487a5284f1a5dec19e328f599	41
taxon_32537a75488e22fb3773cd6bc3d0dccb6ec2f6603a4d332e37d3874501a3ec13	41
taxon_38be5688d0f6d1c4ba410ca349ea67c5ad0c12b66eab54d80f0f1b92802eb04c	41
taxon_409d4e0670ab7528561e56169fd263eea48ec6eb33b705fc569b8fe937784219	41
taxon_40b242ab4dd3b37f653b55157e72183d8fc52be8d5473943081837366c402979	41
taxon_5034c8ab4acff88a1136a7d0d1d03886b99a8fd6fcb267fd51ac8a3d535bf60e	41
taxon_57a772464f729194f2ee83e82e831abe1ae4388e47e04a114aedf804f4a0665e	41
taxon_59f07ecf187c91e788c7d2e9137ef8b4297086ad09a3b6d28c7bac3e34d4e5bb	41
taxon_5d3963e2abe60ad6b48f9d0de41fe200c96bea9e493ba5b94230bd6c97ac4c5a	41
taxon_5ea5a23938d96dd70396e53d321d998f69486694c96f22e60458612f8f17b72f	41
taxon_60f6df96fa10a12f36abc426f01b10967fdb26884115e0581ec4aa272da009b2	41
taxon_70f69154ea0bc299cdf8c454fbee4080240dd32ad63502fa81b43c0d9d680f75	41
taxon_744b3040367e32be501a766f7d718645d17326d3a3cc986a90c5247ba4c938b2	41
taxon_785eb2a1d4246c3f131cc8739d320d0de143906715f729303bed4eb70129f656	41
taxon_7da63e9b7cfc52a9c0734bac2c79d1df53ba94a8764b18f44c38560a3bd273ef	41
taxon_7e4398d55f6dd7fd54a116826197bd97973a3043d9116cff461af94086e45a7d	41
taxon_8234a26e16df4a818c318700767c9015f2e1a2803cbb11227e0d38192751c942	41
taxon_880819085dfcb52eae6e6a06b63ee715bc78920a0071a2b982498fce927153b5	41
taxon_8d1110c1d669490b464b151d6ade68c6aa4235b7c7942e7a86384a1db0d2a117	41
taxon_8dc51c5bea3d51a000a99739f51b939bfabb4ec14b46942e3e77fc06e546f5c0	41
taxon_8f34c3f20a192b2e325fa702c733a9dde62f00cd971dd0d4daadc42a4724f805	41
taxon_8f854ef5d67db88ea831b2019b2b14b782534b3255cd7dfd59f774c6cfbf8dd3	41
taxon_9030924f00b82ef14a6c0918b681768e30d95ed22ae67f07d31ea484278d10f5	41
taxon_9782e9545758bee0521219d0cfddfe27e5e1b46ff582a7e31f989a936f2d1487	41
taxon_a9769202f8c2757140aebd81427daba1e53281dfbdee3bfe05e93806130b4d56	41
taxon_aac3dd5540a6bb44bdcc07cbdaead741c9d9892d013fdd92bfa7ebeab912ead6	41
taxon_b18c029a761cdd906a065dd4a4aefddd5f24fd71da32bb9f5b72d8b43fe30a6c	41
taxon_c0cc649c3874ac84b515387c588437713ea1ce2da8fab926c0853016dcd7cfe9	41
taxon_cab27f936972f922d63767a31cbe1fd5a21b9577f655be7e7a7007e2e52fde9f	41
taxon_cbef5670b7811776dac1f5f0f7bdc73f5f0c8b9439f614e981ac59611ce124d3	41
taxon_cd3f19b825a4d48084f056f9e5c0699336a10df0c6b12469e1ed4d30af12becf	41
taxon_cd63becd8c028e246c39d9e3e4a95cf49685c90ad1da166d6ec347a1e91ee83a	41
taxon_cea5dbc8b3c5269e9a2ed0a2406816fca3ed3083716fd2ca593542b72c8ecb95	41
taxon_cff830adca6ab89f9f8cc279f08d7ffcec94b42e7c35092039c367f2237f422e	41
taxon_d1b4050b5045eaf564ddc675dce4d92cfe8ff3102977ff6befbb33330d00f0bc	41
taxon_d59bd55faefaa071ae4328585a9f66ee23a7d240a387002a5a290ee604cfc9fb	41
taxon_dbe44124eef294d613eed589fcd6a17be664d19d9030889b9530c20556e8e6f1	41
taxon_dfbbc5d62d80b38d017de69f5d39dfffaf9cd989e4b913bfc2e083e32dec71ac	41
taxon_e2dd7c63d2903b7957bbdbbcb5d45369f56e885288efdc969e60d32a581da256	41
taxon_e74c1389356735d0dc9f7740389aa675cce36c5ef4c739069e002c07ab4f09fd	41
taxon_e788ae52603d1ada3cc7f60e9d438809f82dee1cf3d25edf7b5796f04ba4f30c	41
taxon_ebb4c376dc510761454759c4008cae6b3b670e1e8a38f11357109c715d816dc5	41
taxon_ec6d14f3ebeb7d0e2162b310cf18ef3031b2887f4b0de2efeb75144f8a3c7956	41
taxon_ee9cb7d5e0686933cdfb626d5caa5d5eee64b4522bd745e37636d41137b9fe15	41
taxon_fd11c6f625b7f45828d3ef6ad453aa04ebfb275c3c60034fef1bb561853cd80c	41
taxon_fe328942ecb28fc854a50b692e2ebc9624c60481aec06222343ef6cb5206a29b	41
taxon_fe7c9449d70c4287e9a71109f3471ace823b9815d5c64484d5edd3f47ca5c8a3	41
taxon_0041ac84a846af2d26fdb2e26e1fc6022c0b9459cd5b82975866d77d1accaca5	40
taxon_0c7135bf142840ffa3c1dc8bdad9a617870c8238968b397447400520f3d7e4c6	40
taxon_0cfbfea8b021d204b0228703e0e6eb3531b08d979b37b87ccff1281187c34764	40
taxon_0e91e7925f37c45dafbf9b50b10f82c35e91566fc5e09e30544e71a3d80738cb	40
taxon_1012fbcabbf6126be5aa8968ddb9a0b9b0002345da7ef626652a79ddde3d5e1b	40
taxon_10c10e43add5255a8bd5011a57c6de39d18c4c20f6c3e851e4bc509fbfd8481a	40
taxon_11b9bf9aa944778e403a1475d5a500a311a804c7aa8079147fcb2acacf951aa9	40
taxon_1a19f8adbd6ec3711f797dd54326740d292bc71d88da8d60860215f9b91ea79a	40
taxon_1a8020af7e280d266b02232fd55ff8800ec43f36205ff424de92ac0b899b12e1	40
taxon_1af7a33a38add4c86ef5890b970ecae245b137dfd5393916d6652faf311b22f7	40
taxon_1bcd089918553f414e636030768ed8efe6f4e374022611839c058b8a1348299a	40
taxon_2ebe53863b0794509f9935bc43d478b4fd42030688ac5f22a12a42f705e92b41	40
taxon_300eebf639eaca58ca224458f5cc6bd7fcf383c03b01d2707b50c962b6382a9e	40
taxon_306528e579ce366b5262b36ba391b7ceba18f8bc72c30f76170130e73005389f	40
taxon_31561c8d8a71c3286b0feecd05bee7f8cb3bc2f864a26fa2637d7250073d4098	40
taxon_3252e74a63e15d92b2b081f55afd1e62d1d7833ed9b897fdd17c3055dba6732b	40
taxon_32b4db9b71f6bf959d22a2f92a1acba4e9a0e5b8cfd64845c4b73a4751e7f39c	40
taxon_353a34bcb19ac66cb7aa4ed02fea84a53f33741bcdb86be04bbee16f596dabd3	40
taxon_4c02236e5a5d87efaa5533eb72a059ab0b01c0c9848b13641ec8ea2326784899	40
taxon_4d8d8f28865d625d54e7436d3b68277f70e8a01d461b5d12949cc39c899d6786	40
taxon_4efcab87cc993c09a5bb6662a90c842a98d99afef09df785b8a6a0f8bed63f09	40
taxon_51a916305e58c1ef91913ccc65e9eb51ad8512722db0403b5afe3ae1ed59f565	40
taxon_5e88d0d6ff6e4b2e9405cd46e91a8eae36356acde13ee42fa7c4845b48782a5b	40
taxon_5f1f4bdec5c068b25f1e1cc6a09fd516b1f93ba9eccb614f2e8cea8bd2231f40	40
taxon_63db9af4919b049e24fe0867a01f232a84e211da50d921219a53a1b06df8709b	40
taxon_6496970a812f2a2c9d79c06c4346a339515d615a40883e3095ee9c8ddc958e3f	40
taxon_67681a4b824c3592fed864065bc94b9df2d6ecf7a0efb7379fc1f0ea97093b61	40
taxon_6c72f6bca2e96805a11400018320958dea6c74d1b6c6be773e596013f5551eb8	40
taxon_6d98d083361afb579b71de55cf2431902e4ebb71b1bac676a1709b439ba17d8e	40
taxon_6e0505b42ce7be2db08131982a3fe0a768d322d11798878af819f48d9fd1fc96	40
taxon_6e3f6f0dbcf1fbaf8ffb7c5ac51580dd5197c055f91a519ba9e35148a3f728ac	40
taxon_7605ce1452fa3e0e413b52963878c0168165a37faa931f774eaacc8fec5b5371	40
taxon_7d9cae0db088acd812976040dac2d861ed3d0c20b6c16cd61143c28d1c30aa30	40
taxon_8958d2ab0fa0224a0851524492f7e6be4b9236a31300e3fe375d95f8a000f10f	40
taxon_97fd2e2b32b82830e51f32684a331ec4fe4515793e0b299a1dfdd6d0f5e2bf95	40
taxon_99d5033563fedf2e8b692cb44cf96f33cb60daa0f94de585be05a7e5edbd53f8	40
taxon_9c0ef3a9f716f43e623dc0381ad310460a953891dceb7f661c2163eb31dc7676	40
taxon_a0ffbde6e2beb473cec3498747897084e9eec7dd38fb511ed8639abbf70ba42a	40
taxon_a738dca95c7c147359a05bfa844df81615399094c762ce3cb57d2b69104907d9	40
taxon_ab6c192b2355ef429d780483a86e81edd0541c418d3c8fb54ea87d8d56236041	40
taxon_afb538e26fa8656a6196b8bf38c0bcd8b4dd19accd383894b44dbde87305fe35	40
taxon_b05d54ef11a96029c3f66a2d878ba59354660182e8495ef7f70def7cfad15863	40
taxon_b4702a0d032c8afd554d176b7f6578dae7eef0506f41b736cfb9df6e2016d34f	40
taxon_b5a9325ff3df8bb96e9c237d0e0de4941a4066eebe639e47adf650f60fc0c1c7	40
taxon_b73ee70f91d257afda4f047d9093e3838ab39a801595355572c6bf345bb0b82c	40
taxon_bbd830cd94d4db5d8bcdab22d0c3c7c948486579a566321ea14cbeda95cb5929	40
taxon_bf298ad9bfa4e8f1daeb37b610a468a99c280b45fe143d88ed3396dd2805be10	40
taxon_c9709b31b39803817a8a472e21be6de95e1a0df812dd532393116c8824b76cd9	40
taxon_d0825b2630c5f1661731b6013343e1fde4ee1cad6d6bf74787369ecf79468000	40
taxon_d1e666d362c46b0a665c051be1fe5e646840489d94bcf8721ab56a65f68b411a	40
taxon_d7a1ced228b02401972979d1e4bafdbf70eb65928c05fea9fb1702016fb5c757	40
taxon_d86ff29e0354642dbe6cdaff061dfe4cda6e8c7515ac08ea49809fdc3715eb8c	40
taxon_de76aa0d4e413c0f21e8ba9e8e6b35e1adf0d1345e802d926c6376c1a93feeb5	40
taxon_e12323acbc30cbf4a91577b110af85e4350a4052d5537d8ed74ff606de29d605	40
taxon_e54c97947d42767e767ffb192b078c873c4b08855fcc9525e14bac33710f0005	40
taxon_edd91e759aa8f9e4ad4143090087103050b89ae1e83b7ef15c59e7f235a25c12	40
taxon_ef0100b45a3a1154a33983a17930167799ec0ca87883a7cbfe7bf8e79b181f90	40
taxon_f804a5f72ea6dcfb438f3ef55f88abec0da01086adee18be6de48e12d2c77c72	40
taxon_037691e1d9f25ae7ecb1241e9eb44cf600ad1b00677ca9c2c97239c2d7169836	39
taxon_04f00ee0d68fd4220814b4b927aadcc79b548505b59bf52065cbf48867f29b77	39
taxon_0984fb25ee2de275048725657b7db3a4adcfe5283fcc8cdd942bf89f5cf2eae4	39
taxon_0ed613e023cef69155b89a64dce04ad2a9c9a853bca3ca2d065ac2c051de64a0	39
taxon_1bc59db36140009474b1d57dc46b4ae79a0f1e1043d7c4aa77128fd21305137b	39
taxon_1be353b0f800cd7dcd87c08c80490dde0c7fa5d9acc0eba128b2c506ba521fe6	39
taxon_1f24f2805ef3dbaf2f0bb2fd8fe1ce9b8a7ba668ee3ea82e01740e96e2a63a01	39
taxon_217b0d722b63b4c8eea674c1136a372d3d235a733ae3904efe41a0f19be3d7a3	39
taxon_2aa8d7d1f2c5dc809c11bd0e4437c95ef016a32daaad7295f3613c99117aac24	39
taxon_2c4e1800f3ae9ae184cd0422b63f327171c5083792fc44a0fd421926da2bb948	39
taxon_2cd9c7c0d77498859e288e6aad6f7521779ed19d1822432373958d285c49dae9	39
taxon_34e466b274125867954227865de4db28b4c52feb79123f1dc92389ea5379ea09	39
taxon_47798301edcc16516bbc1c2a6689bbc1d34ce70aa39d804a11f97a508983bc38	39
taxon_4a23a2724884da8a6435557c47dc6b670747bc61ae3f8dd06904238a9d904e66	39
taxon_4ee3497f7c0ebd26e86ef1c7f69b080558716114518598c12212714c0d0a5d20	39
taxon_511311549b0a74a962f7422b5b91b2c726d604f8e256d4f24cdafdf5800e0fc7	39
taxon_56007c79e1b8617361104b402cba7765edee6bed5a30f026de7378fd369a56a8	39
taxon_576a678f82690b50e61b89b6df1adc644a85ae32132ca4631972f2ca5e47d3b4	39
taxon_601edb4fc3cf2938517aa4fc4b346883d34939c05c330c0e9a192bc62c159076	39
taxon_60f4fefb7da283bab809060f3906cfc16699e4b85ce11259f84d21d5517a736f	39
taxon_6eb624bc0f14082af92fda5a5aa8cf2ad544d1b342c043fb8733c3042d5c2033	39
taxon_73983277af19ab2e7c9647932d153cb768b34e8558d512450dd0bf35f6cae100	39
taxon_74faebafd6c593c22cecb2419592b121ce2451d3d696cf10811be51335611f6c	39
taxon_77951f8a8d094f66b85238a6af7eb115f6424a27a8b826710fbf726d7c62044e	39
taxon_79078bd58b6947dcd09133f8bca49f3b0ee6c6efbb273e1b6a63513d9aad305c	39
taxon_7f2702dfa94fa79e23102fca3a04917412ed8c0c64fda16f0a115a61f4424277	39
taxon_814d02fc1157c39e270d22f7cb60a8dd1130df0d3b20a713f30a84fd57db471f	39
taxon_81671a09a8fa937c4cb029b35ed8db0cbe52c2be9b4b9723694b9ce96af4f0dd	39
taxon_8212269ba54ba777259ec83847156e9f22f69615d2180e2bf0aa18622e4f424b	39
taxon_83143356610c6dba8916d78253ad40ec972651d646061581890db7e24cf00b3e	39
taxon_8c98efa76bd217e991dccf8b46a78d7dd8ec63bb24f0bfeb040b8285a140e7b7	39
taxon_90d95b2292b4495afd65474ea36e3172ea2763f0397c72c41c6eedccdf6a40a9	39
taxon_9ef9370ff2169d8b83663a13be589d87081b58a32ed0ae6e94c323613ef80c18	39
taxon_a3864ac8d8056848c23fe3d6e5afc495fff6065cc5f78d9b2e9521a8b32fcbdc	39
taxon_a57fad4c110109e246c5cfc2c05a1bdbdc3d513860e1f43c63dc1ea248be8cbb	39
taxon_b087e930fcba907c8b49f35bd5482273f6587028b6e997835fd5fb7891638137	39
taxon_b43d5022c781dacb61b65bf3e2bef118737fa5edc6dbd8250a5f1b32a76836d5	39
taxon_b5e568cf454b216507bc13debe3347c4150e3c11ba0be6cbdb08e591d2f691d4	39
taxon_b7d618b1e2b18a0692c9fdcc69a6e68c941a190264e7fedb8389633cc5ffa138	39
taxon_c517d954b45506a985a3466f6c58d50746d42ff59633ccc753c4ae12c3865428	39
taxon_cc418ceafcd7bb1a77a3f24bbe58e2cd7a96b11a07a36d9ddf8003692a9dd954	39
taxon_d6b366b2a611f0635b136113d140d7c67603abe5edf734710d2019fa2e60f698	39
taxon_d7f9192d3405d735606283b5642ab79108e6f764a83473b39e2991c329f16951	39
taxon_de47c7b461d035ca099117d57cd676392fa2ea5c61f3d04d0b55c60a3753c981	39
taxon_e131fc3a1a524f979474e07b27268b754c067c2173987f83ed28dfd2054eda94	39
taxon_e9db8223278847f6af92c1b0a4ac774430dafd0184553ca22eae6616a09fa91b	39
taxon_f090fe8a647fdca39e7586018683ec1084f229ba1d8c423e003b3675bfd7492d	39
taxon_f16427b80b11a80c66348e822742399827e89af16dc73daec0966b3e3c65408a	39
taxon_ff357fb412d61a837031a4778d357e6074e6818177f7f164ec9c9b11632d3297	39
taxon_008156cbf10e33a250314a1b9475da67c79055d721cbc9c6e131bcd6b7e8648e	38
taxon_02054fa8a59d2249570a5027881d1928df98e0ac6741a768b48fb82e5d211ce2	38
taxon_082b0822235ae288eb4a7100d0657d80f429aabada8ed8a75f56e56ea9c7d536	38
taxon_0e5824d2d66f6ef48c92577778b3aeb5079916c16299f0394988298405fb2790	38
taxon_0ef7b2de62781907d31a6cd81fd3d8d4d8396e6c09172aebf32eaa291ecda72d	38
taxon_12d94c7a5fcaeb6ae753ce9b5270d6b890ef058f46554fa0ae1d63a2398c27f6	38
taxon_144523c01aea8be4e7ebd076eb737e49368180569d9bb43375814d2f1fd21e48	38
taxon_194813bb070cc702d7667c6bca67a7415166034fb57c86c9ab6a4959f2dcde43	38
taxon_1b24a166f149093c72bf50f600d3b1c21df0c3445a36661e5114a733bc5a115b	38
taxon_1e9544f2b620f52a445b6f8218213a05683185e53568e2d07ed47e82811e2eaf	38
taxon_28a4904090c81dc1b946ba05c8ffdf751e2792a627a958445786329b80768b51	38
taxon_30575571b13451cb59afe00a894db59531324e9e4ca752ec85071c46582b0ceb	38
taxon_37b0a3d9346a8ca2302447d07e2c981ff1b7eb17d803e7202f08f67b5517c56f	38
taxon_3a880ab41790b190106239037ee7b4d31da62aab02fdeb1a887ae33164da5f24	38
taxon_4045139c0513a81f43f6b948d049ba208bc0ccc3312ff6674fc5de85bfd3741f	38
taxon_4252ab268bd8a9888efc4f71a66376d14c778948f61cef2b15b2e31a04702de6	38
taxon_443d8a7b2101d2e363fb2653e2b60f9a8a0502fd852083f97ce7d9cbe3d7a344	38
taxon_486d7921a07b9866ec4a128cb60bac04d07a7b8bf8fb15eb90e90d456187bcfa	38
taxon_4a101b8c33cb42e2b621f49f0adc6dda26d091316dda9ce97d0dd0deea5f2be1	38
taxon_53e258a6237928457d8d9c18ab8bcfd356e3dbfc56d9d98c98be9a4d573ff588	38
taxon_5b25d7ae376d1ae8f6bcd03031c7890bb30ced37ef94bc0444762312a688073b	38
taxon_5f22f4b069db13bcfe9c3c265d53f4056eee396672572dc74754280a3e84b611	38
taxon_6179c52404ea8be04f9e085ddfca7c6c7d51d8a36de29686b7f87a4916c9864c	38
taxon_68774121fecb9de23a8e7d00a46a98e51d3bd3d939074dedf8ef3d0507cffa20	38
taxon_696b62ae807b5c1b371f558ac3eb7e214a70fd603f7900c6ffa2e6c96811528c	38
taxon_6cce12081d7867772c0be6f50dc3a85a2e800aad73906982498d6a04731016f2	38
taxon_702d29379cbf1ed4caf0dcfa940a3a8821cedd7daef1a9e02e15b27bf09a222e	38
taxon_738a20323da20fe2bb73992e17171d250bcbac8967582c3d87d419664a49dae9	38
taxon_773896f8d5dea8fee8295e857971d628795c4650d4afa53ce5d7abfc031bcaed	38
taxon_83f9de83133c6c6fe7119da8ef48ec54f3a9874c1276e8a4e5d1bb7af48f057a	38
taxon_874d36e3eee8e12f1ac7c2601ffb65458664ce5e4219ed0104a669c05e7bfbdf	38
taxon_8b290c2cbc21f18318fa0c9917fcec2cef3762005a33458cc8685009d0a4ea33	38
taxon_8ce98cc3b9e7ba5e76e8f7770cc12ae5bf2d7a7ccebcb6d31912d0c6a59361c9	38
taxon_956397c8b0efa38fa6e52c29d161fd819c8f6115abc1c32f14329529e42a3f31	38
taxon_96b5b6e4177f8944f4ab8e7f38c00ca9ff275a420e96cdfb1715716d194e6873	38
taxon_970b19d4d54e5493783596d87866b2a315a2b73737a0b8f8496534c65368f840	38
taxon_9c3036a34824fb1b7886b4e0e1f3c1740e42e3e067ebff4e6d46fa9b9d74777a	38
taxon_9ca0e229e27354b9b01d4dd0060c0199bcf4def8465ddc4b35706dbe5a4482e5	38
taxon_ac659905dddad2ab0e2a2d3f6ad216418e57252b11eb01c67eaa8bf6b8d9067c	38
taxon_ae69c8c5adf9d26f06043d19de9f3b581613373c9e353b140dfe8ae970ced6f9	38
taxon_b02ceda474fa37ecaf702694d1351f263fee5d55447ddbb5d763fe3977c03dc7	38
taxon_b41ccd3ded0c3ad7885741262e53c4214f340bfd12f8228d52c4d488e4c5af64	38
taxon_b9b3fe20c84612e9f552acfa8e8051b497752966215b20e434c628ab9b62e844	38
taxon_b9ba8b90159f88cb8e64444c90a4918f926b0b374aebdde091cf181e0c754b9d	38
taxon_bb70bb64e20828da616346cae09bcc476421b196c275795d2f7d194f86c130e5	38
taxon_bbca27f5938ad40104fbb9c9dfc2166b6af9b65a47857b0473c8cc264f9df5ef	38
taxon_beb1dce091e6314b5d85d43a0b65eaba5fae14edb2bdced4e51e664498b49b69	38
taxon_c40a2017c2f711bbc8a235f8b30a78d8fdf76db788774d453882c6cf100a6e5e	38
taxon_c89a57f739fb8d589f50974dff0c7542218567ef616f94fe18ce9303d991874e	38
taxon_ca15fd03b10ae28ee01d18291a7a9c49c95aedfae9e052be3faeec14c4fe6b29	38
taxon_cadf0b25b7b5bd5b923bfc526f8ccf186a3d02ced2b22eb985efd3424f883249	38
taxon_cc879b677e5ec6857da7c8d6500a4af8a3351cb22973205d7885b92085113995	38
taxon_d5db5461f20b9ededbe827dcfc0df0749a78f6b7056036b9a3c96025bf27ef2b	38
taxon_d8222ee91377aba75c9df15b9bd5e059e69c65d676a5a35ddba04b83a27c7389	38
taxon_da65473098edf272192074e1512ba2d476b4321a60fb0031fd5d28812273701b	38
taxon_dc45b8777f3028b4025adc58bfe15c2b1d115d04b0df36783551ab30e7f50e75	38
taxon_e3822f942c4e0563d4b033907486ee5c01b2ed917a6d7a18d9a91cdbf79300b8	38
taxon_e6547fc46b7ba05820fb2ee68392ab0990c53fee8c7a4bee4a4203cd58e2fb79	38
taxon_ecc193af71b8abfe90031b35f283176be2937833e79e4894e4d0fbe0de6b95c3	38
taxon_f55fab26542ffb4e4fbde6722befa59008b8e5352ec7dbdf8b5ce5e5ed9ea663	38
taxon_fdb50313ac485a61b9f8e948c3a7abdd56a78ae39102a2572973c3b1430a40d9	38
taxon_07d8ffd0f4a70d290b2d53e09179f49106c2e2ddee95bf31c56fd739ba8c835f	37
taxon_0aff5f56fbb780c5cc4da0ba3afb232dd875727abf0484113e3e9c8a7c57731a	37
taxon_0eca1a04c5e1ea2716571570fe410c50b889a392fe4101d8ea9cdfedee550174	37
taxon_0ef1eb9250dac86a19f67425d254352bbd81015e74c50b71eeda08488c9d5cb4	37
taxon_11e44f35ee5a5133b758b9182a30438f4b70249738e7af692633234260214adf	37
taxon_12994e6adde2caa591da41c41c5cb9d01193c6c4ed8d576ac67de5bce0b43e3b	37
taxon_12f718c5007c3acbd4259104649ce80181419281057d2c841d172799fcb9198c	37
taxon_1429c73ed353e2c2b18eeaf1bcd95d3b66a50787a7e786037ac5994d944145a5	37
taxon_1ff635aa028e7cbe27bef732ad0187306a180335413c765a0f3548a171c73df5	37
taxon_27ee8b72c58d592bbf3a963b71cbe0e8355d6df44fc0ce8cc967e2c32e5a04d1	37
taxon_2a2a7085aad2402397f4bb8b43b3ef19511dc6f6ff2182ef9ce53805e425d7fa	37
taxon_2fab02bc3731af9044875174408ff314c541aa2299c7aa29c21f410cf4779fc2	37
taxon_31874c1867ea539809aea798ba5626d1ade1da232cc3400b6dee7337ac013d2d	37
taxon_3d716be0879c7ac230efad5dabd6c8e97abe4271edd48eee44d7d7e2f026b890	37
taxon_45c925f49cbb99399d7cc22f469ac66114c3a970914eff576df1da54d7a6ddb7	37
taxon_4797a77f428df7645523d901ae24d9bf0d5b031b76572b4bf12a03a879934973	37
taxon_485616bf0fcc8ff3017c39193a09ed911f0b1aaa99e24a832157ae8b295e4cd4	37
taxon_4ec831f9dbedf12a72e1d4ace8303aa5deaf5a9f835cdcf36e33ee3d295d9a8b	37
taxon_4f4e4114be1d8e33b7acc5af3dacd8cb3516964e6b294eac8e79fe5d36fb2f05	37
taxon_526c5cb6f37d5e870d6b749cbcebf0ba48558c18fe39d281ed374288d87195ae	37
taxon_5a4e6448c84020d36a35be73dbc57d6d372f6d2af9415aa3ae37fdba19e579d2	37
taxon_5b8bd7f1dc77f92051a763a0356528b7efe707b61c60943b6f4df7d9871f28a3	37
taxon_61297bd2d58fc0ce7d62d2a14301843118682c296a88b8efe854bee8e4a3d55d	37
taxon_6f3eb46d6adec692f86b279ee50ff93e8eaa2f12e641a74114e38c8a0a8d6ebb	37
taxon_7f4ed1d5660553a60a0b02d602748d1ae89d65cd3915fc633daf085d1a5ac529	37
taxon_87848c3ad8ab42fdc768f5975236510991ad074c7aca2f4aa9aba11d203ffe0f	37
taxon_88e993270b62d2f6b85e6c945bc765ae828d55208808c9bef2fe10a1cc7b7d52	37
taxon_8c46dd478736d9764f668a61df170406f99092cc45e375644dbd2511abf5fdbb	37
taxon_8cf0aec55af9e2421eb7314863be31896aa6400bd27bb11faea6df1f438008a0	37
taxon_8eb912a5fb934361162d386438b035dac0e07d6af414a36079a540f726bd4336	37
taxon_8fefbbb0c09526cd74cf38445ee294fd93f9ad2eda698e48d0d851a3965a5c9b	37
taxon_98c284139db07ea611c500f8483d0ce5e6a151619436cf3d5d601343b19e7e1e	37
taxon_9cbd03e14ea5ee72aff85fe406afef630e17a67efc3513e2ad70ecded96c2b3e	37
taxon_9cfcab73ddf65cfe9e5d5a114abccd6fd92e99d31408a9713671660674faaf72	37
taxon_9e4c7dc74a5f2b795843a7b8d7493a7a86a7709898907b762a648addec5a27f5	37
taxon_a017fd8ce84f87e4f4102ad6f9c588ca9ab931a13236c4376713ffb8ff2564a5	37
taxon_b2b49b25f738e961b54a90c54b42c8acc25a65e454f840d219fc29a1a8dc51d5	37
taxon_b9b95de7bbced56fad5d7f1c2d6afa0e3ceeb9754c2a8e23dfa1b016681f8893	37
taxon_c3582e38b7573286cde4f381ece1862009a13805e4d3cc1dffa2f8d9e8543ac3	37
taxon_c619c5f7e4c7b2e5d73dd1c70bf5ccb1c035f84c1078ace20df6d9b81f82a7ee	37
taxon_c9cf8665573bd0abc4d18a3dd24faacd6a3f04f9faa726ed61f0278dce712b4c	37
taxon_d09cdb16c466b2c8aa7912098999efb6b8f5e728907e91896f788411099e063c	37
taxon_d0c0919f27be8257baee11153453639bddbff0ae156d43c617135bd734ea8b5f	37
taxon_d73654b79357d99883f758aecdd30fb67f65023784bcf455f893406930e973fb	37
taxon_dd753ebe2f05f3e89baf7bb3fb5c281e18cb3f53db8e61ddc556002947126c67	37
taxon_de35830c428232c22d4f86eb3e3b7335f2cc883f61ec4168c5e39d140128622c	37
taxon_e16ffd5e2e460a055f3543d2c0f46bdaecd17e2544494385c245ed88d752be37	37
taxon_e1ee2e9053931e3902be0207a3a91ecdb8005fa5d3edecef14499923b2ca71a4	37
taxon_e4023258ed323ae2797c6e648cdfec92585b9134d4b4c45756de2555bea7d43a	37
taxon_e53e87c416234e77927cff1986e64f67ab78d1aa15a988bbcc74ab275b13c540	37
taxon_e6bda6e32d1a88deadc90c3c9d94386a2a24910cd4fcec9fcfcbc2f67787d791	37
taxon_f68b35a0cb96991ae2c4d68519c14ed22c03518b4c8ee1c9427e2d894d59c929	37
taxon_f7f6414b8021235fbd3d7328ffa6672bc9d32b810408adf00a5bf20226f05c60	37
taxon_f974507e20fcc87211fb61a9364ae30b4be8c8056f3dd68e17bab38ed11c06aa	37
taxon_ffd850945432f1ac0c6aba2ca43099a13ea00b007f73f0e0cf7cfd2b3df8c44e	37
taxon_013ada2aa27e2ef604157523fdd15397d3bb19d8ed365d40953d6bd9bc159a20	36
taxon_058b97467587277102f9698918fe5d79b092bcf89bbfe761dfe21518907f6c62	36
taxon_0a24fa096bf937cba8a7a6b8d87fcd53753a6f5047ac1c7c2e54890bfaf2e143	36
taxon_0dca2f304903766bf35b55ca9c8e830df4f47dda2fa26d39dc4c2bcfc271d1cd	36
taxon_0f93df9332efdc03493a9f829c2e41b01e9df893af221aabe67d263c1a7beb58	36
taxon_10bbec20792f69d526e3f9d62a901d7ce9dabc7811b96e9526d099fd6b5c0e7b	36
taxon_11ad109a00dff58ca1a2689bbb22b6312009f38a214cccbf24481e4e1a5d7956	36
taxon_13fda53af824b3fa616b4d6668086d8b690b6d09e66856a141b8b94e4165ecf8	36
taxon_1a3333f4aa927f8b61950aa0a6e6708d6688cd7d5981f55d53bafd485547c58e	36
taxon_1c7cc84b68a0dedd98fea650662e566c65279010500302460917ea5603982fff	36
taxon_1d04769eaaf67ef08b015f6426d5590a16f3b2ac9604847c376718870e62fc56	36
taxon_1eb2d05b4e2b16aebc3d95eab9bd0777626c59cf53ebe9f608b6da50163e111f	36
taxon_1fd31995fb869fa1deb69d4c3e405ec3ca57105ff28a47b6508bd7ff278a08aa	36
taxon_2025e9efb2cd16d4425f40bd517471e883dbcc8e3cc84e69d0749e7b8bf92664	36
taxon_247bbcd60df6cf839f4fdab744c769455b91ed874365cad48089f44a0e6b78b7	36
taxon_26c694119bafc607fec1cfbf2679715796c199367ff84aa2e2052ffec0fa7bd6	36
taxon_33e6e9b3e242723ae03edd911ce48f1640ec0b5a389e6f6d5b30c9ef55bbdfa8	36
taxon_376cb0e1049e1254741905f15988172ba6e7653713aec4743612e69e149b4c69	36
taxon_38bd6e324991b9f5cd839a5fb7ed6fa4c0a4c45fea4aa84bdcee7f028e77de98	36
taxon_3d9ceb94c0057c750bd007311ade36199911693654c2af5edf5478d6e6997c83	36
taxon_3de44e083d1f14a2e19a7d6dfe8d111fd91ea95c92fdf87769f98f17e3e7b930	36
taxon_3f68c4f4792f07b9e80b0dc77f3f20ff9626092948dc7ee254d5f970b566bacf	36
taxon_41c7b31af91a96c65118ecc3ad1bdadb9c1ff6248bb52ea852c2007806f79c83	36
taxon_43300ec21a6fa1cfdd0ff4603b871aa5342e7a41c6bee2589be911fdc7f436b9	36
taxon_446233b272b87129de317df135ed9d4a34e31f3b2c295aea5b54fb0cc88a3dd3	36
taxon_463db2c56547fa72c6d2d6dfd7bd8114a3dfbe568eaa0aa2e5a7ad5de1365502	36
taxon_465764076d13e570aa236d1fd7f19f4665a66770ccc472374255417fb7e16fcf	36
taxon_4aa16404366111d4b726eaac6d8ce0ac1f032061815b2fc9ed7365de2f17c9bf	36
taxon_4b5ef06eec304371bbfc2ce522da0f1bbc95470a2d33f87208904e765098cea6	36
taxon_4f4656804a8788107b6c0137742b556e322d8c1eeeddd9ae9b3731d43dde17f0	36
taxon_50aefb735e6ad990e2c21b11c2e26622aab1e9b66ede934ea1b97a1d5e1c5808	36
taxon_5851cc4c69cabe79fa32972e940a17cc94d2c6e4176f6f500e987cf0cb019ab7	36
taxon_5c79b23bd74ae8e840a9eed255f80577aa8796526495b113fdd590bbf1ec7fd6	36
taxon_5c7ae130e60bb7dd93dd79dc59eeb1860b61f107256a9aa58505ddb6c73cc3ee	36
taxon_5cad6af97c568ff2dd7523f7e7a5db11133e326ffd5822b9c4071015be23c0c1	36
taxon_5f1be0b9c725b002487a14607e2f17b3a9c69682335045cb7e4109b983e32851	36
taxon_5f80f45380501b70cee641664106f17a40c5a5e754aebe57de4c96c8d9bc6638	36
taxon_5fb5ed33389216ee8bed4f2ef850a9df4bc9fb12130e610d8a1cc160f79afd64	36
taxon_6012e5767220ce8dab141121096399aa02dd5bbe359903e38e52f0e0dbb3c9d8	36
taxon_6479c3e5abc2c0f655db3773b21100d1088951d26845bab0ddcc127db5a9ec8c	36
taxon_670cd43ea5137a55d75993d88939ec8e56f23ac2886fb1c6c931dc5f6ad8186f	36
taxon_698b192fc00fbd55e6f727b8e3716853e2e71c63352d208480bfdbbc279a8d07	36
taxon_7435e951a384842b549496fb1ec3f48e963188afc8dd494a2112779d5dde22e2	36
taxon_779bc54e089edb29b39c699b1a722dc84a15434a8ac36dd12e7af46aaca86e0e	36
taxon_7cf7d12020419d38df842e1b0c49473b52013e18e118a8ccc3f17dc297944df0	36
taxon_7f154f0753069f114c85c60a6b4d00d2e61d285161260adae6284fd70fe31501	36
taxon_87380170990acaf0cff063242bc993f106b6d6479a52d3b2c970b8d8ff3dabba	36
taxon_8feace07e59930eb4650a80f73771a34f9b104ba5abe5d5faeefc3010ab92ac7	36
taxon_9108f68e52bef42f1923bde6a7216e728c39688a868df1c0fee5db666b194331	36
taxon_95be941d6b522687247bd334be0da8a5053204bc0d82a01a79407e91dc319c05	36
taxon_9d481006a863d14cd06c859d30b5f88c0bb4064b9eb41bf3f6aa1cbe50e5a44a	36
taxon_9e218e6fbb2c07e067effe6754bf654a12f88fe9ffb21b8be949a7092c8c8e5e	36
taxon_a0d74c47a8c557bcc8455d60fad7845dfbda72ac74fa7f27e3529af4efcde6f8	36
taxon_a1c0ab6a5cd5cbc24077dcbac4289c443b67b841256ecd6a073dd5e121011ae2	36
taxon_a7f9b242a6792a1524290d5fd026530460a7d72ec0cc3d238dfbd9ebb96b158f	36
taxon_abc8c9a2a87d046214314da7419341a561d979d5fd5d41628c29ee825815f239	36
taxon_b2dac57c49c483d6a6683f8f3a4dde995a58ba0f3d107f78cd2c67954bdac03a	36
taxon_b822605e49dad9eea160e1426404ac780dd26a9ed342e9693e94e9edffe0a523	36
taxon_bd1808eb1b0f3bd08e0744fadca1867a2f735a0044647621fe0883d07f2e86de	36
taxon_c522ef03937a312e274c192973ae2a573357b8fd505a3d6420062002cb7a5992	36
taxon_c5265756db7ac053531612418fb029b4588e8053db00aa6e6986647165684859	36
taxon_c6cbb79e3f2b314b9663524d8ec2b4289775d31a6820447adb6c85b44dffae4b	36
taxon_cfce2ec6b0856a0abe0754e82d1a666a3d845e54dac70ded08aa86a7f4743e8b	36
taxon_d0456602c00466fcacadb1a66dcda961c33ce9d3d64c211b3ef2287910e6e094	36
taxon_d2b9dc7ee1f721eec682bed3abdc380e0a15995b010962cc0aa0ddcc57487598	36
taxon_d2db97136b4e362a2f0c391278a84ff300a8a07b1d4d17bf99895e87e17186ea	36
taxon_d5aac9712b8b97b0a95b793c8da34abc6c1609fa248cf6e98524a8650d637ef1	36
taxon_d8365684b4b8bf12685a8f5164e8e3de2641ab54c8387cb3708bee98095b62ee	36
taxon_d8986b39dd7f10efe76fb5380828353468264e612eadf319f9acdccf146dd393	36
taxon_d99f87ae4b7c8ab47112892045105fbdacded234644d2a097ee4d43626974ce6	36
taxon_dc8a113ed200a976d8b5cf32689f8ce555db07cf894ba0e9d93cc7b47eacaae6	36
taxon_efec997e4c335ac8499023366761a5eecdffbdf79361876091c1277082a43b51	36
taxon_f3973de6b72c34d800676634d376888d7b1a3fd8c3bb1293062e58d01ff08f81	36
taxon_f3ad5166010b1a38f425e40004900ba54272d4f0e6a7c379059f463e2576b1d1	36
taxon_f7b62b48e20d0e418ae174a43e266eeb1d943768f76c319ddb4198e9c35455d9	36
taxon_fb30acc85723352153da62cbc5d79713a2a01438490c2724750b9de6d5f83797	36
taxon_fd71a4d9c1d2b9dc6025dc27eaee452a17a90c64141e6dba08570fc202b71a5a	36
taxon_ff7ca60a17a3ddf95b522d640ddc80c252a353ce7d64d113bcdde784bb2d3f01	36
taxon_ff947f9415f9044365bb398756a51546e86db56e04c7e55221a9e00cd93647d6	36
taxon_003ded733d80388c99ac0230929a0878345cf943b70265d6c34663b3fb8f50a9	35
taxon_0051bedcde6eaef11f58c484033d312fc7eaea94e5df0503cff144200810b5c7	35
taxon_0137b91f45866cff16635f138a4d2b5f01ed3d88b9d41b2dff79e557ebf17943	35
taxon_080775bddb36c9e28eb6b595b0c64a02c370282ffe83c99f495b96dbf73d60ab	35
taxon_0a8301194cf25a2897e3bc183904979cbe00d34d37963ddd072695e6c0565b0d	35
taxon_0aac2c50ceb9fd152140df9861804b85dfb866921ac228a07ed06eddbd839bed	35
taxon_0f736c2b3cb4f388b6712f02ae107f8c20a1952390df4a05e7536c158d345827	35
taxon_12ec6d60e30977456735fb8955a4a3583c90f80d000aaa7e29ff4d041c46976d	35
taxon_157e019cc5727e810c0ab48af0f77af207fe86a3d2b5b9f53104a5ba34158bb8	35
taxon_1a2b012fcd95b4ba6515f1953003a956cb1c4c4c0acb6e56d2ae242993567198	35
taxon_21bc5689c6aee52c3093083a35f1c977829224e6a47e59dd398cfe91e04e4c6f	35
taxon_2473a83a8428470975b96aaa6656ba730c87f0e7e09d543680453cc6d13a0809	35
taxon_2cd09a406694e7561778ab47e819f42fb203bbaccbaa275bf026f26ebf6f3523	35
taxon_31b749e7e37b6506c4d66dfe8bba51c2eacfe93fbde84dbb69b0dea3d90ec812	35
taxon_37070bdc87f19475fe8df4a55a22dcb1ad0a833a52d9db125c3eeaccffc00ff1	35
taxon_39c0c0f69339ab3bcebbb4baf964a8cb213d0b116706883afd5944140be589e8	35
taxon_3a0e534a62133adee89f4b9f841ef884fe1d52824ad0d07c19c33e5c6d95f613	35
taxon_3b5b04217afc432b42fdec771b72ed91a0424916420e560a64c4802808abec86	35
taxon_3d1d6a8c6a539e4bdd53d0a7f6bc772f6512f5cf8f37b9015e6ff52974ef13e4	35
taxon_3e76a31b509d176ec47cf2f0548b2af76aa07a9843987453885e4a6b6003180a	35
taxon_402f95a5631eb331c8ab4c4317998135af0449c893c6fc6f18654ef7f15c439e	35
taxon_4067b3ee99c0f9c2cd8dfc171f4b72ae9abcd011e98d092532ce297dc72c895e	35
taxon_41924d64dd63f166759447352ea8f2ccae5ac5601cd138299c55857f93bc5021	35
taxon_4227f4c65c9beac54aa70c9ebd58179235d5eea85f358636836af4cc56c442f1	35
taxon_46725617a1bce730808096b1a08922739e07cd7b6c0efd803ebacac384099dbb	35
taxon_48a7624431ca7e1d6cf9a66981178e99a67323d5643782551c028be78dc23520	35
taxon_5c2783f657d53e5744cf988b7acda61ae936e6b9ed721cc25f3b260b272e4e17	35
taxon_5cceadae73efd554fbc6af0620ecab6624f5667b7ff86b06929282cf692292d7	35
taxon_67bfe9be817cc2dfe6161a1095a5237e3df44baf1bc5485ae6c429ad3102d1b1	35
taxon_70d473aeadd0c55207c3a831ec49e0a8493a1ef72c776ae3c51dd2351875b704	35
taxon_70f76302d903490c825df7bfb3e141610f62ab7020d25b4cceba01fc4b58bb24	35
taxon_79fea037ffecedef4a0f06e6cc1de704cb4bb81f26304b3bef3561d97bf0a8b0	35
taxon_7d41dd28a4ad92cc800641fc829e65f22c90922e34d8beaecb86b52cfa15a329	35
taxon_809e166165ac2a14ac2b65e3b829527bcdbfcf52fc874d2e672424220bb072a2	35
taxon_904f84a4bcfe14c765b475e6bb04ef5f9f1a47efcd41e4a9bb3ac946fa90c504	35
taxon_918faa29dd34a94b68adf9b59bd6056fc9f45ed178272d9779b6a0e373f4b786	35
taxon_91b8d423d326c85fac65a179e8f2b6c4f9d3331ecaebe7cef8fb2e27df7b14b6	35
taxon_934ec761718d09446f19ffccefae677f279898ef70b985827e4144a195d47696	35
taxon_93ce606701a817d325200edb673fe0d3c2766a31863146ce8637e4eabd24b369	35
taxon_9488050edfb8a28dc16cc82f50e272e37d8d7a12c7c1ae78694e341682c8510d	35
taxon_953b4b8278c88490c3c967746efddeaa60745504372e95e0a4ccabe7d60ef91b	35
taxon_98a1dc4fd9baa5f6ce709963f52a2b6dd45d30bfe353ab84ecd64ff33f307dc9	35
taxon_a068b47601df2b8f7682a710ccca6b6d6604c8b09f1416310ecdf0ef839bb0ed	35
taxon_a45d83f88135237a0d44c33304082d9e73f9d996ae7966440261f7a4bb421f46	35
taxon_a4d6b2c73f6e2976cd055e72259828b2701fb2bd7570024b8c3ef88ef08c0667	35
taxon_a5014fd28033f451c5ebd6013ce5326b8c756b9370f089378d7e15aa5cb0ad6e	35
taxon_a64b8060abcb258f49abe367d5abbd67520de8d83f4c1786b2f0a052867a78de	35
taxon_a684a95a15326c791a44cecaaf20f28dd5ab97f12a50b3ede04882186bdc4da8	35
taxon_ad2e3aead40169eb64e2e95b42ef87d3cd96e7c31868333d5c2e52f508fb99ef	35
taxon_ae078b6bec64b4eba104e990ef0b712600be2d046c6c380169313e5df219633a	35
taxon_b01d22c52014e0ebcc94b9d9a8f0fc271f8daf0bef6ce20906baee87fbbec558	35
taxon_b282df62a2f09b251b775489ffca7628e3920beeb16012d2f6e36976a9c2b7af	35
taxon_b62d15080668ca746093382501aa928eeda3f6969b1ea386d165ab3c0d8e6635	35
taxon_b6d060351ae6d5b442d85716e3f2b7cc3d258d7cbd29f84cf8e8ea9a2435a968	35
taxon_baf764a505da58209b58f995ee9044fe84acdd67e67cf543d20161608c256b39	35
taxon_bc7d16f815ba3979f682444a4b93256c8b5d2208d3a01276b8e4e20f210d76cd	35
taxon_bd91c887e6e8bfa42b32c2dab569045620162c025af490ca3026e084281beb61	35
taxon_be69e682495fc0e46e337ae0bddfef1ff9e6302a1aee056a0c989a2b166b81c4	35
taxon_c1bb016c389313ad52d02a93b1fcb79858e18add5be644b347c09599e33159e7	35
taxon_c4d16c7159cb5cc899972ac79c803fc790e9b15e2401c3a9e411fdaf9a6d1acd	35
taxon_c62c27ba546431fd2a6b915fe850252389315d1e0387c49bb4a4ee622c92a07e	35
taxon_c76ef221540aea3dd1cf329fc6eb85981ae052c037f0805e9abb42e92f1a3369	35
taxon_d07fe46fd84c2e2100f4e65c917350fede2b654a20bf8d5b874014fe1b65fd15	35
taxon_d0b6ec07d2782fd895f25888e5824b971347b8d9f26c2137e103b6caecac97f7	35
taxon_d3a3a582162d4a4d77f2075506a6c6e9659658d473e49b8e148fdadb99ba2a5d	35
taxon_d59b9cf0990d35ac2004234fa56bbe15b3a873f3adf8b5c712b19a086844551e	35
taxon_db32638577c80ece0ca8fc37eb949dc1518c64c5634eb651c509f15b420a4a16	35
taxon_db8b305448d563468a50c7d6c7c418f449459fe357c1df15bdd6e9fe9c8fd067	35
taxon_de18031f34424b926e11b2cc38a59cb07ec9e38564ed1170b56e7352097158b3	35
taxon_dfc35dda1a31ddcd21a85e70f4b7ddda0e4bafa9c7b8e959c92026a470b459bd	35
taxon_e10ccad5924f323200e32fdbfd7a7afc046ed2159c2978bc5f650e519ede652a	35
taxon_e17a962fa7b1e720fb2fc4db70084a9265ab8e50fef080554ead6760867d5cf2	35
taxon_e8832a43807c434714130ef7731511ffcd1a06e890cfe6d14c70831aa2d961be	35
taxon_effa014beb5d46c6dabc4f3b07a55fafce559ce11f3612f4862590cf5a3a6509	35
taxon_f1a13fee216a52585e237b78e2ee911954565122b207423341deb959171d9ad2	35
taxon_f219b63be8c3a14306060924360ff22e011cd7256492c99f3c3ca970a37de547	35
taxon_f9d6be532a8a743dd1e54ffd15e21f387419b79f8404f02326eca03899a2f271	35
taxon_ffc6f7a0420e801bf496ccac117241c1bc6a00491eafc6e9b329caf78eb28cbc	35
taxon_00f89cfc0a8038f2ae9a267c69317278e90ec8847316ee530943d3b8340eafcb	34
taxon_07ab82632b004ce1265ff2bfe5ac1cbd8c267ef7c58995ce48102bdf614c7e4d	34
taxon_0e389a2009d266baa0ac5305298f65e9c0a53c38cd41be82b2a40705ca01c3a6	34
taxon_12b1f786cb88e272ea8a4f29ce556a5e5ffd9ae10da9fc00c07115bf76c504be	34
taxon_17a53cdb5bd92cd27305b4a7133753df30d4ab8bc1d566049db37f4a885312e5	34
taxon_20e1d2650efa41c1734c5e6d37e353ac4cdd434aaa8f2c56e93b0ac93bf6cfc2	34
taxon_22ec6b214b201804275a1a59ddb28485e73d81b346dd80e55f061af754e7830f	34
taxon_2ed0832dda5e088885f5ba0dcfb116dc309748cb449c79db0fed53d568e5ef45	34
taxon_328c2f43c8eaba9d4e7a8da67e22c248a7a4605b291cf0ce05ebfbb70d6204e1	34
taxon_3552f5775f21bd9d72822d5a7a0c39d792dd9703ba4542f802f3f28e3a0cee40	34
taxon_3599a6d9e38f08cace7b7dbd84105e31efd39e80cad1ee63c5c725fad7072e46	34
taxon_41b0f8e94fcdaf59059bb614028fd200242802c271b8577ba57ae3c710d8495e	34
taxon_4bb762b687c2205b6bef1b381b86db62ed5cd1f31665646ad9b95c544afd192a	34
taxon_5195fe2823e159348030ea6fa269c9b565754455e03c65305f9a10f2361a373f	34
taxon_532d9cee02f42a6e94ed3f07868fc902504ca70ba6ac5cfc13eec3e4fe11ac8e	34
taxon_56514c90ab1ab3904dfc653910433c0a682c22a1b5ab18bafb883a63b50367a4	34
taxon_5aabcf3e595d78856ba8fe9ba0a352a1d7d12811abeb773f8eea47d2d623ebab	34
taxon_5ee1fb1caf6a894e3323cf062fb524651fc3281c1a70438d38c4efb306dd52d1	34
taxon_61561a662c3c0ee93c53837a51710b792a9342b118bab3f0ebed3d65d4ab6f95	34
taxon_6542bd9b64881976d0abd6a33b41fb48861b9690937504dc58f7306a996b5a29	34
taxon_662e4cb21bbcd2dbf393aff7f57589cf58e23f1e40afe4823ff10df1fa3dae25	34
taxon_67aef5d67b4d96e217c8c490f2a7eb03a1545078606b051b970901e4d08184c6	34
taxon_6cbe0f33bb51aed84ef6c17025253f6278b0424b923418f8d8a308ad40c912bc	34
taxon_6fc2c23ff2bbf1a85cea596d8c64fb50372c95d0b9febc21aa7ecc31c2b67ae5	34
taxon_73dbe0a7e44b78c4b82bcf83bf58ab4db91d03f968d857b6e58935292df7e7fd	34
taxon_798d9b9125d454b32ba2152cea28d660d46d8271850feca0607a229a332c8270	34
taxon_7a91bb644a24ecddb46d99cb475814e8cf5d506fee93fe43b78f404bb5f06ee6	34
taxon_7b0228457f7149addced5a97c51ff11edda54679f3d1effa20afd612edc59c33	34
taxon_7ed36f8210b57aa32a894b94c74332997259c0992501d9cd91fc59d46ea34e1d	34
taxon_7f0e0bead4f5edbaf01ed5b5fbc5652f152f4e2302c91f927d83ce249a0aff69	34
taxon_83855f31fc618870f576ada9f7fead24a76e6ef58e2bed0d7233c752c3edba8a	34
taxon_8bee7463759bf7e648fc9391fcb09bf3abeeda63db94b83e736aab4c9fc5fab9	34
taxon_8d7bd6c3372cccfdf37fae679d4e98e0905b9d3e8daf02ccc6a0c7eafc2be0f2	34
taxon_8e58d28e999c6435366fd167cf1a59c07d623312068a5623eda17e07ed8002e0	34
taxon_9269b76fa67d9ed4e8f9d563d07c4767e93b2241dbd349ad8a84437e39e2333c	34
taxon_92c897dcec51863aa96a2f13aa962a4600c2b66bd25d18691b22122c20be0b66	34
taxon_987467ee2ae7ce0de5bdd58fcb4b46ea0da2125d422334c8845d6024f9e0f120	34
taxon_aa103862f887e80fff64c4da0fe13fbe4cd633bf24d83321516afd7e17213a8c	34
taxon_ab940b7142482ddeb6f23dd1c3835ae05497892a436736ca6e0802ecfcc9c1a0	34
taxon_ae939915398cfb9300458fd86fd73db77d4242f7809a8ec35a7f27248b031c8f	34
taxon_aef84f9bf99a40bfc7e36101817c72175c51e05fbb86459a2a00a2213d831334	34
taxon_b1315e90caf525a44b0d68743ac1a6cc7031214c087cf4756f5f6cbcd18d551a	34
taxon_b426286d60234771c1fee52c1fd0ab45d1d1e2a6fe08845b2562a8f49378f1eb	34
taxon_b80cfbf7cad4ccba932b97ea00021ef98802097372d8187ff0f8361e01b46278	34
taxon_c60bc0eb37b0a783d9eacd3a3f09b02f9f125df1b2b0434f0c3e1ac3efc55c03	34
taxon_c921dc1db9acd2dd58adfc564ada5b09b9929095a49cc3dae84d50a192c0f1dc	34
taxon_cfb7c0a9b7286301beea190363d679b598b5eef5f7132b181494f11fa8f2dd55	34
taxon_d03b38cc5f1cf0c7297f35f6f8c0a4460b2538efe665ef74014a71fa2e362e05	34
taxon_d4729324746492eec84f4ff69bf24de7cd62112e790b0cc32bf00f7ff4b03abb	34
taxon_d53f289bfd8da6cc5d086a3029ceb6295f8cb4eb721543cb66cb23c7a2655406	34
taxon_d852119263f0ca415fd705134c4a7e3fb0e4c55d51ef824de060e2f963b832dc	34
taxon_ddc0d0bcb5263ddc276953d201002c6fa3c56578a248ff6354ec7cd7e6cbf736	34
taxon_e05f63cc04ffbdd9fd911870f7676565ac3b840b0e6e40a2314fa9e0f09244ab	34
taxon_e1cdfe97bb2efa1f545810b9df51326973795c885f8a2722721d3c4f0ca54683	34
taxon_e1da2371f462b552b4a6bc5ac160fe9b9cf764276438da2a6a0b635e66661e18	34
taxon_e509bd1b998d45086debf504442ffb9983f9f4b0bb501e2ccff0f68a8093aaa6	34
taxon_e9cc51cd58ebff79ab2fed7ec2a03e5af4c2107c3c5a17e39872ace26b060067	34
taxon_e9e55aece118b99bdfe7888065f93e2f9e75e6cc037049bac8c23dbd7d8671dd	34
taxon_eaadab427ce8717949cda0fb3c0c3037f640ae3fb8174fe22162b7e17a1f42af	34
taxon_ed2e1f31c0a327ebd6a67adef89b71ea92e8abc8a2d870907253ef7cb12ad90c	34
taxon_f221033017961e8bca907decc767e4e2aa33a1939e98a3a260f79973d4583bad	34
taxon_f76900ba97c848f801e16646c0c4612eb7df194afc378155795d0ef32c8c7454	34
taxon_fc8c9b1486610ca6c7f56a011adb4ace74f51c811303a55ddd6c3a983772a4ee	34
taxon_fd1eda6460fa8bfb6ed87c830c329db0e0b806988955a0d7a7144d61fd499226	34
taxon_01b50d16e998c22915d43edee1a9cc19b9f0a1a459d44cf104b5e8b21aa6c52b	33
taxon_0219b946e8eaf71667bff07dd67b5523b97b33038b863dff28da55ef2f1c00a1	33
taxon_03614c41231c38b9c8f70aa2d76fbdedb49421161aec1f298b4a25f6cf2f586e	33
taxon_0938af0640ac0b28a60881d845c45c18abf4e1d81d802a746b5a720996960a70	33
taxon_0978e075a7a3b94b4a9a512cb1f044b59815d98a2401cb18d0e4fdb48c56de05	33
taxon_12c98c6d45f1a52af3ad23a6a3071ce1050792e631fa7a81674302ee99747de5	33
taxon_181ebf8265a7bd4654d117776addf25a4a74bea6655f78d7ad64e96fda421164	33
taxon_189a573762cec9082af72d86d126f4fce2e3eb06ec3fefdb8062d33be86fab9d	33
taxon_1d13eb39e0d5d5cf7dbade0748a3e86cba83e31f322281ed841ebe87bb7b5815	33
taxon_1f76d0a52b85fe7695693a0faee3770273edf03b9a02e9640c50dedc077eadec	33
taxon_2365e07d0f8854f75adba50412f2ac007f0116f50737a9359bb9b6b639e87b14	33
taxon_282e265bb2e14b459d848d8870df138e2d0b0e833c7a8abdb794786820532e5c	33
taxon_29a1d45f637a4f0faa3139e4b898745e888521bab279b5262a6a94909e92080c	33
taxon_2bf34505b73add74eed00c46a991d6d3c6a28ec6a5ce5f32d4cb85d857477dd5	33
taxon_2c68d47934cc948c68a6fcb9e7abcb2ab4b2ba595c2f8ef1fadbfe1fbafed7ec	33
taxon_2dee4f77d888737010a5ab3a4c266d7de97a45ddddde41fc5fed4966e00d6f5f	33
taxon_2dfaaa9ae9e75a27b48debeb5c1905fccb12e3b51a9cca382d86c5b6a8bb6bd3	33
taxon_332013be1e2c651afc04608d851f6c25a5835d124c276e03825254c6559b9c50	33
taxon_3871a958c65eec5c0b7f3341782417dc59531c1f36d930cde99f41ad5a5db627	33
taxon_392f5e6e5761b4930899fc614c4b85e6f2e3b17ec92c4683f1cc627f94d55780	33
taxon_3b4fdc032e177805f07b4ee11d937480372924720ebbb0a4bd55306f1936d311	33
taxon_3ce0f733101d3eebcebd51e72a96c2a3184609b998b4fb46b2810cff4ffebcfc	33
taxon_3d62a71811f259a281de18835dd6cf86a8c7e3baabb52c3b6d4fc7f6ef3e2234	33
taxon_3ed30b55a9ed754aae759af49c53c335956375ab5c115c1446a94d3ed00027c9	33
taxon_4baf69b570f5f4446bd809d295d36eb2919a150f50c7253207ad61fa4b28b438	33
taxon_4c5074688116611f6505f8497ecfab229b4ad7c326773854c754fdda11fa0717	33
taxon_4d530a3d718c12db13557eebe0cd20925d31a98e3fb878f37aa738beeb8e0123	33
taxon_5e424fa017479c2ab1789a8d98124b6d84ec1064a9a2842e4cd163f1db79c65a	33
taxon_664fdb491e104c5631c53de4b631367d46c67350e781fcc18ff45944aed837ad	33
taxon_68a79c260c6e3cf0d05c18e3acc9202bcb31130871b3d7d89585b755204a8b31	33
taxon_6bef793cc0310fedd692d7708062b496616456d8a439a0170b6d0a8beaa9f619	33
taxon_6d52353dff7a34397308c74e28107a9b3b357d5d6a9f71127a9ff4b5b9554c0d	33
taxon_6f0af7ef66f9dced1c097d2166d2b752a2de039e4c370682575c004fbcb2b27c	33
taxon_6f9077468ee48ddb081095c7500329ffadf4cd2e35e272e3d6eac1678e843e90	33
taxon_71a523f86b12c1f158fd32994801231a21270b9f761472b1f56a25da4734aaa4	33
taxon_74beaa59eeda2ca18b9b6c844fc7245fe9d605210a520a2c7c456ad801172d73	33
taxon_78018691715db4e9d8642c88e483e852ff24c22db43b5c49f04585371b47546d	33
taxon_78bdc96ff431e5c0407dd1152caef7525036da823d3faa17ca4799f67c9d32bb	33
taxon_793901dc68cc4f3b7c321e6852be6470d8951cf16bb3358bb0b44f5830fae68c	33
taxon_7d47b18709f30af2a215a8adce64abb75b5fea6ca9b09c5af7e4cbc64995444c	33
taxon_7f2686276807e3fa32f33fa2a9baf084d8afd03610b671b50ac4c7c469addec8	33
taxon_8146085f842d4000698790137bbfe253307ba5cb79fc06d0468a21573a9dc9f2	33
taxon_8724f7df08a313d161a22bf4e396bed130b87d4c5bc5ecdee09baac3c24ec361	33
taxon_8a2279fcb5eeb3bf9018a238ebbb30d68238e3f9f43caf29ff335bcf80037abb	33
taxon_8b4fa6d12218f5dd1a584af8e83479ea646b34cc30be298e6ab1311de3d5e108	33
taxon_8c69dee3bd9ba919e9d663a09c00d053331711fbbada30c4af0bd01a1e1ba189	33
taxon_8c78b1e27700244c1b5bf8ea2598ddaee29d3c688f02d68432a0b097ab4ae46c	33
taxon_967ab9018ffbd72519708cdf25606f655859442f6464ec679611954e4856a62b	33
taxon_9e3f913e035abfcc20ac2483a1b60c1a6c5fa57ba296a1306e0c82d8e6b3fdbb	33
taxon_9f7283b0c220a92c9ff0fc88e6ee9e6944babce05bc1e70dbba15a7afec33ca9	33
taxon_a250c2d28a7e106307c0ac941e2bed560e865a25c8d6a420960616f33fa318a8	33
taxon_a2c6629898c1f2a8d00c84683b46e7147a7cd2a64f1e568a1ffeca0aa3f5c972	33
taxon_a4bafdb69bfc21bc40ef90a59dee2232716ec0fff53b71a68f3b0879a1b9f392	33
taxon_a9b67a0454762cabeeb3431ab70eefac89e13dccc1d0599a1778decd3dc6ad5c	33
taxon_b2072131a575709d531ea9cbdb61e87fb97f858e23486838ad5ca0c3f50e4149	33
taxon_b39684d68be7e392b038e23302b05cd192ddfd79b11e6fc809ae851159d3554e	33
taxon_b5e397791059e07c5724be6b0e1e124abbeb23fa3d0cb16432a55ffa26a36358	33
taxon_b64df6353c32345e72c93fed0cfd977f87c8032cd44e95f01e2f78063aa53708	33
taxon_b995432922d500093804ceec97bcff2060ef7e3242db252ab800bb4eba3e4452	33
taxon_ba62bda4158cb5cf95f966af117b0effc2297f4c6d51710f1595162108e85d29	33
taxon_bb961e69112eb84010dc1669d65a6124a0523817b89ae94b252fe6a7179b56ac	33
taxon_bd8514cc55499a8ebc7f4b2dad27b92d9ebd09633fa3342abe1f2555842074e9	33
taxon_be4bbeae4c22f65a701da275ce947636ee83379b943ee4e785d1d3dc35aab050	33
taxon_c093898e0537b01733ed343238a2bee3e03aa6c2d4e579d541aad1b863b226e2	33
taxon_c116a480857567c439a6815e60c7873ae396275ff34d504e76d08ac277a5d6bb	33
taxon_c277911284c3c233e974215c765dd2bc7cd49fb0868116002be413dad0d82fad	33
taxon_c495f2a2facfbf0407f20780f95c55be5002a3693a6b447090f15f9396d7b275	33
taxon_ca40df1c3d2dba0dd7c3f5ecc02cfccd19ea07de2addc91b33e58e701e084111	33
taxon_d12f18bfb38672c919daf34cb3c1cc496637abe5aafba775b9d2136c23522ba4	33
taxon_d3cce3f04bf98e355f01685c25a7f0713952b29a77177c6826e11d5383fc1145	33
taxon_d6baee08040ed584ce2dfb8658cb258758b9b431b8869343eece9223219cc16e	33
taxon_d73968b019c157595cabde747b80d3c729bce9723571489280ff30893ac2fa4f	33
taxon_dbaf271b53aa749004921cdd2f3b63beb1f22427f7d60490a6e4c4d77964c589	33
taxon_dcf623b8e2edc3c66bc5f25ee61a98009b060ed7c45dedde5fc3825c169935fc	33
taxon_e412c644418626b34a6eef7652e6772e7ae5eaa62e5366a56d9fe18602917af5	33
taxon_e531e7fc91a1c6d8440f785ed096b41a71d199a0d1dc55894e35d70a67e4ba89	33
taxon_e5ae985f60df0b5d99dda90cad6c0bf363a28687f1900d01471120b43581e1c2	33
taxon_e5e2a7a65a1ed1bf2b2ff687e8f6dbf7b03033204fabc3c9c4c4db5e33d10010	33
taxon_e66b96b1480b336a57143d44584892002e3929a0e87465eb1d29e0344fc2bed4	33
taxon_e7d54a815ce9618e02e0b6418390450fc6df4af5ebccb718712fc0a038a7369f	33
taxon_e83886a445d57bd6a6b9b7b5f488e80632e9d4675c99b0c2a2319a940fed2fe1	33
taxon_e92fc0e94b1d55af3b17d18cb64ad6fc3e3037df7a0d6ceeeb318a3c96912a1c	33
taxon_eaddf7a498d25136799b06084181e3edc60536a6a794f67be0e6ace00db0ab46	33
taxon_eb4c2d3840b7a944fb49f4e4006b38bb9b23e9d8cfcb5a923818f7e2353bcb4a	33
taxon_ed3b7eb1871a7477972e1877bb50a2319d5830e5b3c18a346820443c34e044db	33
taxon_f3ca791d33fdcf291015e2c2550188a807ad698f950356dcbdc96cdaa970d117	33
taxon_f8aa55c421a0f0309d7f66b120c74ce1bc27346d619e91f8fc168db55fef95c9	33
taxon_fb79685a844d99f64b26c6c6047bed4c40980dcc9ec959f644a941064d0da6b4	33
taxon_010a72064c990c1d35a90cf06463cb6398a343289db4a7b4da76f07788f4c329	32
taxon_011938ad5df5fd7e7461f82a48b461571d2a30d2f467b0de6fb61a269f725816	32
taxon_0fc7c1afc6e736f20568e635b3de6256cd1c7dc4c365f6b7a745b4ea72a01580	32
taxon_10baaea77aaf957381c0940104a20d16f8ee885c3ca7e0abdc523b2fe33f1310	32
taxon_14f7e4722048f1593eacc10af6efa0808a1642d9fe7b1a9ac4532d9574b48252	32
taxon_166d7b1fefd79ed55816f99067fcac01a57b2f6b7c3470ee6a50e426641fa6f9	32
taxon_1fc7d799dc0b8b21f87388dd595bae96447cc12b2ab4abffb49329ad4ad04c55	32
taxon_3422dbe4838cd99f65d0084ab692f417f97a3793d2eb45b764d197bcdadb23b9	32
taxon_3987b813bde73a2587bf485638fe1d5d81c6f1fc7fc27844351919ad2bb01d3b	32
taxon_3b9ed15c4644b6779b93e48d852a833cfc09d4fb0bff7db6447d7723aa35d4dd	32
taxon_41b947d0ec559a30b10540b094391f6404ea713b4cc94e829927fc55d663e8bd	32
taxon_425d5e80876e39fb125795f4413aa7e2fea25f464c4affb36a5479f660a2438d	32
taxon_48e98acd67ca44125759ddf438d1d90ffe1aa44ec84a1821ea79164260e0e688	32
taxon_4e0c3e69bafbf9ae6df99ff10bbe691133aeb9be7b92e3fcca979bd33e0e608b	32
taxon_4fad32b7cb80dd58cab8d4e8d55e2b2fbc5df5f2c3af29113c84b374e269bbf3	32
taxon_5054765156687b2c22370cd371f5fdddeb8719220013809aea5d8e796d1bb607	32
taxon_54ccbdeabf3c549bb6405e256055d0c1fc1f9c7c6631e56dc5b1ee838ea77394	32
taxon_57d526daa240bcc5c8ddba9a81b6c1f8a4367b10fc04476101b8ccce51e462b8	32
taxon_584a9aa377f731b64ec59203b14e8683e84eee9f4c10f7a239862b1c447c3a37	32
taxon_5c5a56b7c13a5cf3c15278405e1955818c453e56723e4ba77a2ba53b6c47c5cf	32
taxon_5c947ffdb5f97e458966b93cbbee1749149f9ceafdebdfca5a402eaf0babc137	32
taxon_603c27c8b870334f47c74255a4737d3f597e88a7f64c048f7a25d330ac41fa28	32
taxon_69f57f5da6ef067479711c82d171cc92a1aba49310aa3fb2aeddf68f770f7916	32
taxon_6ae44b883ad491262ad1ee1cdadf562c46552b61579ede9b2130b290abdd5a16	32
taxon_7323cfb23c66306f74047eb2ceeacdf3c6bee733ccec3519fb42e0d1b41d9934	32
taxon_73a916b9767629f2b45e267186ae19512fe026e1ffcdbe5e205e2a1cfb03e3e9	32
taxon_78e6037e2bb5f034984d9abc50ebd9df86ad0b47fb2fdbc53db8274f99bf1b8e	32
taxon_7b323712e51b40ef1277d95d022440465c7dd4a59c8824ba8eb4fda639594e20	32
taxon_7e9405255c71f3042da8c0b41a47c109799d6cb0d13c93c01539e575feacf59d	32
taxon_80420ef6dd32826360b87dc236646a85c6c1c608519ac9396e551d700938f67a	32
taxon_843af14e838fa4531a17b998699a883b5401446b5b0556ee6c78249018102781	32
taxon_8709fa8fc31cab481b472fcfc7d049fb454b83d3b6164de89d015c9be8233d32	32
taxon_87904f4527f678ba98574413c14ed230fd18e6a42c4349f4f6a84c5a5ba87b15	32
taxon_87e918d9548842a1fc30a7b0b01cf51574320c713bab0a80012acffadf9cc051	32
taxon_898e8a824f3e8e645646ee54839328abb59ede048c1a25239d8a95900b766eda	32
taxon_8c8157c793c7dbd318bdc06743e39ae9b2b281ec9a5c35b0f0c866dda371d2bd	32
taxon_8cc5935f01bb623497c3103fe1ccc51011c5ae3d94d6b095fd861c9f81bff9db	32
taxon_8dc0a10a018a2d4d35024995ae12b356462c496f0c0d90c82509d3755681a771	32
taxon_8e3376bba243da80732f9cd3855e71e09b1715eae4c63efbe609f42bcee9ef4a	32
taxon_8e4438b4b23c720467b4d20fa654e9e85d7b519b8e8a6d3e1e0ea1b1f19ed2c0	32
taxon_91c5ffdf739b2bf66705cdf7c6b164fe4052a0edb4604575650ecf34628fb9fc	32
taxon_91cd87316b250443d98a0906d85399fcb8147252397d956ed667acdd26884c1e	32
taxon_92f8bc7f09379cd7e58ff7e68cad2dd0ed05642bdf20e0b450da8fd30d05ebc0	32
taxon_9cad8e1da8028f3eb19df8295f7e9ab53793c06630a853c0f992b215f76f1ff7	32
taxon_9e99fac2c8e43ec7c28926c68f5fa4ed3f1e889b4c43f9e8af9391029eee1b8b	32
taxon_a29b6512fafcc3a6234563b477703b1d0a78781544bcbed48ff10b2f2463588b	32
taxon_a29c3c60ab1c982548a15dffe1e8ad3d741fecf7457e7c1fb38d85648500efd6	32
taxon_a35d87400ddbdb0643fecf74118d344020fcb07e5a5aae73f261ac3d0eaa17db	32
taxon_a535dd7bccc9a0a1b717fbbb9274a56f170b1f6c894ff57e65a43c2c1214fb4c	32
taxon_a57032b4e6b550eda7dc9912f6ab30b07bee085c27f265f2245cf310990f85a6	32
taxon_a5710742397413d576c298bf26e44b4cf4341ac4205c682ba9a258aaefa56a18	32
taxon_ab7cbe91fa2308ab17fb50cc5fdeb800040b719dd89909f415a2735bc3638ea0	32
taxon_af5247e4888653b4cee251babc8b2de96eef4b7e4c4771e5bb2841aa6236f713	32
taxon_b16612fb9c2e0c6a43cc5f88cc89553135c095dcbeb733558e8f2ca7b2a836d6	32
taxon_b3d5c7c3e9b82844aa427012401d957043663287e51f06c113fe585b1c769f62	32
taxon_b5cdc02840e3f742f9739676172c5fd4f7856bd329a7aa84e65872902a869969	32
taxon_bf3aa7443e0ff15687d015e901b25135869a341ecce5a075ca1660574e8bd520	32
taxon_c04a44ec9dda7d362fae75da3c94a39aa72de7a3e1548088683ce5d81c7e92f5	32
taxon_c4ee3dbdc542c8ca8702d6c6d8740e98a243682d758bc85ab075266c49877adb	32
taxon_c84f511a11a1af341ae3ba0c70b696dc62e7d723e36d586c34ed9538d2fe8fa5	32
taxon_cc4ce8cbdac43c91f250a4a38396341906dde58c5af6e9841375cfbf7afe5f87	32
taxon_cffa06786479dcb95e1f27b29657fc4096245b3e6d27644c5a8d89aaeae98998	32
taxon_d324c07d10dcd5ec4b9422cdfa44bb97ccd7cb1037548acfd65dfbbd4c7a23e7	32
taxon_d61bf0ef524cae04845150a5e17b958f270d196318b6789abacf3bfa8d28b261	32
taxon_d6e0f2d44508a77f629c5fb883ccd5abe9cc7b619b4b209a85a66ba244174a0b	32
taxon_dab7a355950e31a1e4d07db39af5f6c8b1e80d6187766d70a79c2ed1bdc07268	32
taxon_e1439694ea18c616895fa6ef6ead519c2924a7151c86e9173b46064bcae8990f	32
taxon_e20424ce09ce8970b387c2e6b009bef7fe56efd00653affc8e58a935ead78610	32
taxon_e372b8c14c839b9b2c64afee82d6aaec10e0d40904aba416227bc5db9b51391e	32
taxon_e8f6840c6543eb373854b2def3addea5af162eecb3962df1d471c20c4f2c404b	32
taxon_eeabd58b106543a40da4e558a578f9c6f55b135a3dfc781a145004d264eabde0	32
taxon_f0a024ce9f5cf45fb55913946bb16cccfe175789f5ab1b970a779ceaa3c3e213	32
taxon_f25845cee7faf220574b2f30629d040921bd343cd4695060169d661fa0169469	32
taxon_f59b4fedb8c30e53009bfe4f1ce949e477af7e1601f294fc53a9404c1b01e849	32
taxon_f5a092199f073632e6b631f3e121802727c8bcd08110b81fb5fa9164a39de8ee	32
taxon_f63296e5ff8f44d512550a259d9f620e6f018e553fe31ccc906b56064173df39	32
taxon_f69a37edd5b8cb9b35725b2fb95b17ebdb7e84f67396cc3fcf4b5d267644e0db	32
taxon_04ef50bafa5088ab5990b2c95de8c5d09a152448682a1a6dc900b6825daf7b80	31
taxon_07865c79adcad4973ced16c4a33020548f7843c9f78e240a011bd2bfe0d3f8ea	31
taxon_0f5f4ab76ad657f56bf4f02ce12d1c7d3686fa86a4da96fb86e42997bc4ecbdb	31
taxon_137510692cbb772f6c5266b22546070d603a72bb74337ffb7ed667f43d69d72c	31
taxon_14f8e2d356c322dc6460fa94c343f5e822e87aaa93b9cca122e76c160c4afe8f	31
taxon_176e18ec62bcbfc04b78800e275417ca20ae4eb1c9beed4169ec870237bb8908	31
taxon_23a57a67fb289c2a6099c0c587935f701043b31771b50f115b0fc098c86b58b3	31
taxon_25ebdf5cc231eb03727185ffaad0f17af3d24dafba4d17a8aab2d5d4c8a02dc2	31
taxon_2cc58f7f27b2a7b8dc5a4f03b6b6e9d92d999b75f966e0d9543d4141e92ff025	31
taxon_31dc69b5ec9d02465c4e7bc6ccbf746ae710bdea5eb0deb1430377f7016a2e69	31
taxon_334a30b28558022e79a39d6a1aa1aa3033f5afb1b004ff134b4fcb1d35dbdb14	31
taxon_3548876b6dec6af498dbba640aca75fcf67ee92dae48a85d45e86e16f36683f2	31
taxon_36c3170c9e11c1d3d6c1c5b6c4a76d1072a831363eccd3164d04980ea111eded	31
taxon_384575913d7b619e0d72fbf169f260dd6d43cbf49809a71be52fa27dcb7461c8	31
taxon_38519a57b1630c2f87622628b4fe302a596ba00b1833eeccb9c2cca27deee8cc	31
taxon_3963f61be322ee97aeb05c98ec92ab980de73e89724fadb80e82ed34c79e64b6	31
taxon_39a9794f791bfb9b0d2bc5733961644a8fda0abd8b23daf667f0f38c21b2a967	31
taxon_3aeed9e3ba936cb5eedd027c943c4bed996113f8869efc2e0e3a92f591ce7cf5	31
taxon_3c2c78133b0e14b14a60258d653ddb6e04ec475b7ba06f8fce955d41e2995d10	31
taxon_3c310d4bfb7856bd350ceeaa7984d87c99d248e1191d0e49b0a1821a193e2839	31
taxon_3d667e3e2d9a314c5d486b230cb17c0131baf2ffd6bed1af4eb082e3d3e47d2e	31
taxon_4051ebaf422d45eb8943a51e7dbda318dbf4049c32a3000ec13872d22ab3e7d2	31
taxon_4329c662a14dd14e9889227d2dfb8f8385a4f788605865356897ac8c3630db4e	31
taxon_48fb0ea73621368694f8d77ac1dfa9b35b9bb31b42e99b56c92c479f895791ed	31
taxon_4931149d80590c223148d82b816bcc4edae8f66aeed025c96ecb5af3613f7a59	31
taxon_4a1f563aa3b3afbac535dd09bc7cf8f41f2f93cd769699c0d74f74b313a5ec7a	31
taxon_4aa0a3fd6a480f43b77bbb17f7de5bb775969598033ce01f8019d9afd7f4a5c1	31
taxon_4c7389cd90c95bae8efc71e3ef0d15316b1f7ff583927fd7f4ce31e5cfa25d51	31
taxon_535d2ceef19960f0f06ef5fda7f68370527269e3e418bf500ac10d787d6b58fa	31
taxon_53beb4546ed6636ae091c95ee05c78f057504bb3d45c0a6c6d59fa3038cc1b5b	31
taxon_53dee03107545c9d0706db687ab9dd1409dee4db87481d157afaf84d41dfae9b	31
taxon_54e1a028925f8f38028ac5e73a4b98350ac82473d70d97dd94a434d03e58e779	31
taxon_55b62c59b630c0d26900fcd27f4f9149a8a910201c27d9af3408b93a5f6b66e2	31
taxon_56261c6f7fbc7a09db463e809a418ade56785930f8f90ec5a3866be05ca04c8e	31
taxon_574f59272c0cd0ef603f117bd59161eb7726a72f257cc0f47ed634f2c5418850	31
taxon_5bc2127631dc0340bf2907c201342f4c8824c108428e185242bb96acfefc4156	31
taxon_5c5e5a6be49ac397512a16045804c855a487a6462d303998473bfcf816f0ad10	31
taxon_5e321d67acf5c79de5240426aac5b7caef9f1d1d543591e4550c03d983d2f441	31
taxon_5ef60bba4ba065a4e0be8ca7e359c809703b624c8b9ffb7b06a4ec49b35a0649	31
taxon_61021714adcf7035d6ee0a5beefa890e881d89d7b1556f6fd2a7a9df1775d6f8	31
taxon_62dfbb751e67f966379f5d0bca974936f6f08ecb9f8035805b79fadb68b77e84	31
taxon_66ba714650587188a9178f56c3677515d3ab7b0f95351e8d84665b33827a4923	31
taxon_678e626dc9271d479e06cdcd96dfdb48a114bee6a095929d1cd0b26c5cedf877	31
taxon_694be346a29e8958e8fe5bfe77c3742bf02887914ffd8fd70ecc0e02e692be72	31
taxon_69b3c225d4c27d8a389a2906ef08567af08c1d37fbe482e2438c2f50164a93b2	31
taxon_71ee752acb2ad4956507eced197c051339eab3c25ff7476ec2c000badf2ccf39	31
taxon_83be06ce721867c86083fcfec44b0243166356107149df31829f614163801e42	31
taxon_846b5af7f09a4007df412576af45b6d22b56dc0e5d5245cb6456442f0975fe70	31
taxon_864ed9fb35eeeaca741e1edfcbff3e551fad975f48fa07cdc5c01f8e85ebe2fb	31
taxon_8ae3ccf692dc2838de86c1ceeb05a902b07e8f5df298085275961599d0bd6727	31
taxon_8b3d7ca2dfdf8309ed38ab1f70aab70a4e89555e54135e4587342e73c4c2acdf	31
taxon_8b8f9462f620803ae968bbe15043fe9e1e8837cb3d1a4d9b7a2d9749da686394	31
taxon_96b6cf109b2037432d108b0202a4d16af3ce91c2e6ec166f0ce8cee62c5e77f7	31
taxon_97489f4d7d76e83578a255aa7b9e47179eac5b1ba3045b17bbf05d44fe38903b	31
taxon_98575aec1a7737755c16830ad74f712e40e887424433faaf1dfb896c7cf377d4	31
taxon_997f5451617ef02ccae02d91102fc6c88c90cad487722ca003bddd0ade76fe55	31
taxon_a08e9ede22a0cffa21454c9551596cd20380b8edbac59a18d6cdc834d526df4e	31
taxon_a3621264b003bea1d168b253a5881d7d9da0dd4365d346da650abec7ec84625a	31
taxon_a62ac9c972fea0f51c6110571e4db7325f1e29d39ed437e7366470a164252757	31
taxon_a730f1aa28f4b61f436c1b7f7ca9b973c0b7e91822f81eed93edd6c0ac650ed5	31
taxon_a87440487f4813b7684bcf8b5b9bc14f4762d6a6f7fe96efd4b8dfba265630c0	31
taxon_af4348ecfd98bd4841594efbe182c3818a75f48ea3cf58b7f86a3f1d1cb4848c	31
taxon_af76744df9bc6da0ddfdd0c917b0b489efb124def228dbe67b333ecbe3b7c693	31
taxon_b1a0978750e05aacc909f8de0629d5f711eb536cedec3d4e525dafb4dcca1c7d	31
taxon_b2b5181cfd16759cba6a8ae68c5a31bc1f98e34fb75314975a65959746e52403	31
taxon_b9982bd631daee9c888f0ddcbf83ccccc88047caa5bc9504faf231d2dffd1060	31
taxon_bc93cb364af0fb057414d45a9226d4dfadaf0c6bb6618aeaa6b088b52c34a612	31
taxon_c0b047c6747d3cb15b113f68f232baf67641967e51feb4bcea974cca1141429e	31
taxon_c1bf780055831398a5968a51b28f1e35d6f7df1ae1ca56fb31ee4e3e181e3b9d	31
taxon_cbaa385caee3493e130cd8b0504e1e0a84cf31f845edf5d7393709ba18a091b1	31
taxon_cfcdee6493e77fc44661027a1ca4a08257fc6b6c81627d81e3cab7b17ef0b2f5	31
taxon_d18bc957d846285574da1e091a553438d1f8fde245870243eee9c0b0fffeb08c	31
taxon_d26eee7c60ce8e4138907689ea2c83d0d1d59393729042bd22eb3f17ab6693ed	31
taxon_d2bb883ca8068dffc4bd5cfa06b69cb32141480ec962023098023353bf766d81	31
taxon_d5b27ec3adf3c8c36ad6bcd31234699a4c02b54455f0764e41bdba60c46b1293	31
taxon_d5b5e09ab4f0b82df171ae20910ae532a347bb4d3bff251b423a5eac4847a529	31
taxon_d6c8874c03f68cefeb0888a938a583700237bf99536a5be44e438e9a348cec58	31
taxon_da1039ec0731e077a5f080fbc214c8aba584c60dcc90ea18597173c7dfadefb4	31
taxon_da67aff957a77092a2539243ae922c7e720fe15aa569e72703e3fdf65968fa8d	31
taxon_df3fbc6d8b0d2f0929914aea134bf340442c855aa9b126196cc2279758d28d0f	31
taxon_e0d330b02911745a1fadaca196267157e2655296d6a4e7cf231f8538e55bb3ec	31
taxon_e1a66d1ea13f1e5e9e92bbc648849a7b938675a7d88eeedec042c8e35e0f012d	31
taxon_e30d2534ac0dcb6e415372ac56ec3fd2ca8d7921307d8029e1f5737d9caf3f9f	31
taxon_e6e513a6c413c2b091c3160efa97d9c94c3e56d34dcdf229e46114f14bfb6600	31
taxon_e6fe31216858ee7154b5b68b142b65cdb88440959e4c297fadee8c08433b57e1	31
taxon_e8107b3d4340f90e64835a936e9acf02d2278f551c9683ba062dfccbebb990dd	31
taxon_e9da98174f02e8d4cad2ffdd5736fb0a9b9c23d27156213bf9f30af5ddd2bb8e	31
taxon_ec0f28cf27ef12a97ad9368e6bf22c43a7d561eed38afd7de8b611292e475a2b	31
taxon_ee16217e64b948c0b34980e15a09d4f67c51d32a45047b118c5b79b6e42c4d68	31
taxon_f0ed248c175feaa21d911e63c3f80b63ee57b437e12d740cb8a88de62593374d	31
taxon_f1c90a758ce92ad67b2efe3a42eb9d4785564576817be6f580e60da5b4ca4fb6	31
taxon_f495d29e995541feab389d1bb0a558b284400b421fea6a796c4739c2bf16366b	31
taxon_fb56d08df8b439f7b14a3bffeb8a5962b6e8221b7b2cce82e1b564beade07278	31
taxon_fd60f0c7563024d6d69b2ef075dfdded2e1f6da3fb5ffe8ee56b8002182f5f08	31
taxon_fee2f83242b11a1a8e8b05320e55f685a1d659437cc75a1a9df6749710a5f698	31
taxon_001f128b82c43f81a81d073997ace40b12c3b039fa79163178bdddf597b34767	30
taxon_00def167c2fda9d2da47d3383c16d3121faea9592ce3fc67421b5ebbf9e125c5	30
taxon_03b448ff7ec4f6d9ebb37af7db9706ed7ae1263c82c5d20639dcd9063966406b	30
taxon_08dddd3624adaccae5d17da28b6accd5a6e6a70d254b83f1bd10e592d13bca0e	30
taxon_0e317e3b72669c7addf0798742d65ea1a6f85148b91ac57ba11edf14a0a91019	30
taxon_12a309cd2436dc91c80dea10bb9d4dba5a1af94871537bd18ff50196485ceb22	30
taxon_13fd215a5a632d92495d9ac77c26bb50275cd76e1fdb78d2b71c29cf02bd3cb1	30
taxon_19d150cdc8516cb292469bd8afd71dcbe6acbc4d649c8ce769d0bb01914f145f	30
taxon_1eb7d2659f193180b8b23d2d82b3c81b0860c0e7bb7d7e136ed5c30f2bc82d64	30
taxon_22359e8d93a9a6973427c3b9fdb6d22cd1efc608d6f5b069d30aee5df3053eb7	30
taxon_23636be4e9ac7714a1b35e9e54a098151955e149d1aae05fda97f31ab67c8a45	30
taxon_2528991c3a59d234fa0182892d4a697ad3bf474ef835479425d0f4382ee525ae	30
taxon_264b7728c8246eb10e38c78f6443fb25bc7a8df840b210f4164c6d2f1e6f0cdb	30
taxon_277d1e1fe5166e0b6c22bdc7e845437c3a0104205ca64de494e6e18690fbdffa	30
taxon_2b8d3987758b54e2f643bc5262a929e892a66c77a1135ae823e16e6ef0156434	30
taxon_2e620d0648bb0d3c2b6568bac2fcd138758f49ee146d0135ee7966d775fecbac	30
taxon_2f5821e066492e0b7e70cf1363ccac5441922d7db10cb8d782dc913b9eae543f	30
taxon_30c3218ab9504f873c1a70356e141bb0ff51967bf6c475fb1bd142d4ef3041df	30
taxon_30da4e5d6be862169c59142b5e8caf8919856980119c171d61055074c32a30a7	30
taxon_3157a69611b5a7739712480869d284ab9e373a387aca55e434191d147c9e3620	30
taxon_35b54287a1436587631f4adb43c96348bffec4b5bacfcaad8e453f556287dde7	30
taxon_3addeb34cc58325217e3b3164ea8464e497ad096aaad1651ac6350950ea92412	30
taxon_4207e6bf320c61886a41f6ed67f73ba6591507a60f28a89ea3f0f0c685f4ba64	30
taxon_44602860ee8edeea9a371926d74783158ce0a505819624cdba6510d81b321992	30
taxon_453b2b99f2fbbc7fc94003bef53268af635dff81536337bd5c5e7d3fdc0b9e58	30
taxon_46fac50a9ba27b96efa3791a9467221ec2822f1849fb0f955efe9728b5e7bb4e	30
taxon_48a57c55b53001610fed438c616a32a1c54566884323a207a3ed5571113f5254	30
taxon_48b3197647fe06ed91c93afd82fdae25a2f20bf7632d8648d24cab122446fbce	30
taxon_4924b2adc86672782aca12f37f268e6f2d981812a5aa19bb18beace5563c0cea	30
taxon_4bd5a7759cda9f319bc7ba97609f54ab316eb19ed834f380634c89e0ab672573	30
taxon_4c0c9637c3aa3998fa3dfd9b35af28b64efe7278f503182e52566dd196c41ec7	30
taxon_4eaccb84be278d38b6904a4b3cb3a3e55d92979ba80c3fd1142d01cc9e958bfc	30
taxon_4f5eb765f0782421409730d7a7d0e1bc2b5b0f67ae86dc9e78c6133c8e1edac7	30
taxon_50d073873911da85ded933dfe735baa949f72afe0581a287e3365d223547b798	30
taxon_51f3240e8b9ad84c52f96e0c42a24b7e05992a1f21d63bb3b79f2c640b43f003	30
taxon_52e6f8597e5ef4f52156df5c3808064710f58df2781f2a60d4a503a8874a1714	30
taxon_58e0898b2fec1485b5e36e02e60dcf905c8ca93c62dd80d1cc78d2644659b337	30
taxon_59233e384b9339b90580fc720829b795af97212f266f1d2bcd016de963561ddb	30
taxon_5997653958054783735d3238345f5f7a9ff4dd773970741447ea42b1e8df9345	30
taxon_5c78382821644eb83c276c7d233b4ad69e1fe644bb2899f1fe6f5cbb154e039b	30
taxon_5cb90a3a9be8856986b756638c86ee87095b546031d9dece1012ce7174079923	30
taxon_5d38e2e3b12f82e86d6b1e27b0304f3ea6c5a9a4df4e508d0d809364c7eef50e	30
taxon_5df0288bccaa5bba6b4f2250fd94669b34448a93afdea8389e6a86024242af39	30
taxon_6140519d955cf5482ca1b0bbcb772d23f9928617f8fcaf081a2b68e45d8eb2f2	30
taxon_618c14cf68a861bfcdba92ac5b57857e28a6a2ec59bb41d6bd571f7a244ca495	30
taxon_62283e0d9152af93c5ad058b17eb9c4eac0d95e30b6d492fd3f28fa51f984837	30
taxon_684db866cac7e86e3c7f7d61865929689aa893c31703b8bae4c46821699367f8	30
taxon_692a6d9dc8174c8b47ede494836441f2e3cb37076b5ab2ffaa900aee3b2cb70b	30
taxon_698fb37ae279c6c59c1c69bdf3eb78c0e37e0a47520f687b2f6536e122643aa7	30
taxon_6db1ce2e55070b708ecf00d9055810ee91fec6bfa2a62cd8253fd002af8c95cc	30
taxon_7113d139a3ff5b09d3b7401fcfcd92af3db93f7b4a6e40b677544dea5b0405b5	30
taxon_723ffa5479dce633c122afa082bc239556f751b9f0f883773de4fa9a2f9dc19f	30
taxon_769d91dc04d966d3f1adecd42aa36ca7ce205c41dc4cc1db275f4e25ca6fe489	30
taxon_7bfe2b5a79d1e32a610bed43f9154e4487905fbac3c2d1e550d8835bb3353ef5	30
taxon_7c49cfa29cc3c506e2a22c39eef01e5c91076c0159e9837fccaf85895fcfae62	30
taxon_7d886dff8ff363e32673db460a9a097b8e10528f8548604c77dd0d58ac2e13d0	30
taxon_808f7f4bb2e911892ce6451d840f6e7d2a4c422380f2aadf3cbee0cd6fa86218	30
taxon_838ba1d65ef125abd6de87721c8def09384e072633f84078b3613a8c96feb5bf	30
taxon_846717435a87789c1b28371d7c832e683ad1648a4c1ef30943f95368317235a4	30
taxon_8ae00986b2d4a57376511cbcdf8a340eba020dc6e61f4880d4807c89036b5817	30
taxon_8b52d64e47c1511264d638003efae3e1423c929e6f5b1d1b778c1cb6faf894d8	30
taxon_8c5ba812535be96fd829b69353a58642a123f15a7db9a3b97de93f9eb9d7f586	30
taxon_8c642030d7a968129176ca21a14a55be34ca7a222b5332108cfbb4259e7fdc44	30
taxon_8cf7daca803b6071930aba59c3928db1c515cad11e67ae08c2dc49aeac9b254d	30
taxon_9049732e8d18fad84b495a1098cd2e3349ad5d7e83ffcfb40b9f2c0e55f27367	30
taxon_93ee036391453d0abe27f73b130ca71839654552229c7d9ee2c824cb1d10c8d3	30
taxon_9678f6c4065439d908fbbd65c9f6ec6d2a643235188a83376646791929665229	30
taxon_97eb676a45f1cf58c5ec6c11868a510cdbc3e630b5b7b2173e9a58c0f2f319e4	30
taxon_9b3f62cab257df3abd61b011922c0750c77e0c622f891f2a7a11440f386a3246	30
taxon_9b95d832aa3a2b1530e7df2f3d0668dfaeccaab1965e5c87ae2c40cc446f2e79	30
taxon_9bc34de8456bcd9d46c552f182e3e3174b604c3f98ce1fd6c5bc222d949bcdb7	30
taxon_a1bf664b804a58b9da24360481145c58ae5a9ba0adf5cf68839320e8a222a438	30
taxon_a2b77d889f1222107f584d09559210ea38731693253f09fa553b85cccbdbe1e9	30
taxon_a37fb66e515bc3436d1ca010cec01c49282c980bd222660460131ef3b76e2903	30
taxon_a397659f9420cf724098a2949965638188375ed58de00ff143d6617c9131da5d	30
taxon_a6135433b158b93cac679c71a15d756abeb63bbc70a3407df01d9a71864411fb	30
taxon_a92d76a68e96276e3803edf82e3b5d4c3b8403dc6ec31b92c077962bbedde366	30
taxon_aac6e78a95d916b23a1ac08befa405771f34e14f1b514e7d87c0e10f83813544	30
taxon_ad2ad6971dbb94823ed54e8e3e29f2415dc609fc0f1fb0ff63b8dd03c7bc147b	30
taxon_ae0c3a21eed9deb177bc7a980b131ee7a6440088aaece4a75012ac7300085ffb	30
taxon_af8ef1e69a809dfddeec982bf943f98c912560bca98f94bfa5c9f70078dac08f	30
taxon_b0b15307933e88d32c9f344ed061031f85c711243756265022c53530290e7792	30
taxon_b1a60282fda6962126ea390c9b8df75969ff08cdffbc52c605cf4875295fa647	30
taxon_b1ad8cf5198984747fd7f6c6473d69e823176707eb9e93bb41be9effd7ac9033	30
taxon_b369b55fc83b2749e71405cde6e5d3a8a7f7c4e5ab6b4f5a6a74c82c87108a99	30
taxon_b52dbb8f977ba160b48ef089b934a6dbdc6d015312feeafa8031d924699bdab4	30
taxon_b676b1ba3024e347f54873312dd7f7dcafad31dc257fb436d95b7049d7366252	30
taxon_b74478801d19476853fdcab32e46e73c6412b441a102f6a1763444657fec25d9	30
taxon_b8f214512e950240c058e7a100d8b3d478810b4a4fbf15af6d5cda93b2b111ad	30
taxon_b9c45e3cfc03358c34824ffb252ec42db20855cb63da2c0eeed20584d32fca6b	30
taxon_b9fd83726478116b2f1ae0ddfcdddfd8c808a18002154f2bdf7e3cb01929e79a	30
taxon_bcf0bff8e1f3e6cc55ca68eceabbf0afbe1ea8412b86540246496dc60abbccaa	30
taxon_bf1a720e1a17028579b147609c072b8c62d7540e03cf6e8aacd241f02510251b	30
taxon_c31bb79ef8806ea470c0c65742099255b6248c05725137046186f360db7bf03e	30
taxon_c3854cd7305a293379b380296396630620fc96f1008ed6ba0889639dffaec88a	30
taxon_c5494c487c4c9478eeb2e528fad15cee2b0706509d5d2e266df969079156cba4	30
taxon_c54fdea35afbae63866a834f430e8c5e08235d48d774fd1aecdfe8fa30838150	30
taxon_c6e54f21ded814ab49d43805a4f115eeefa3318f819c0cba5a94127239fd4ea8	30
taxon_c812c0a77e405ed7254f70113e13ce24c90ee5877970baa38bef4a6404bf1a56	30
taxon_cad561c10273221487c5e07907cbfcb1d63dc6035816adc20015832a54ebba62	30
taxon_cf1bfb92492a283fa854917a609ca9fcea35619746d43a28df9d5ccb8b8a42f0	30
taxon_d032f42b9a87a59adecc8846dfea8f835a5ae6206ba1fec5c88180c730942b90	30
taxon_d052436a05f4130f595d6234e3c3c392105ec6e0f5e787f8d54d0eb9ad0c39a9	30
taxon_d2853072eba4c615494fb16cc17cf9313400105eda722e4df0a668da2dd23e6b	30
taxon_d2a16527717ba6972e715438b487bfc7d382be73d779060924af8f6b6014d91c	30
taxon_d30ebfad498a51c773ae39d8e4c5297e81e1c8b57dadbcba2ce7aacaef51a1f6	30
taxon_d3332b8bbfe7859a07724acdd74d937e0efd4d645cbfcc8de44abda42137ea3c	30
taxon_d4098f0d5c59b96b214fa63c49066c16ea781aafa8d449c3ee428c4846353a5c	30
taxon_d452f53c3cc9c2f1137fa6b54337455e9f7ddad86e940fe890588aae9822f84f	30
taxon_d7aa072a91ac8139afbc88735cc0dbf37c38614cc377676283c63a7352504f03	30
taxon_d9cb9135abd8113a304ddcad002cb68e3d1cc37ab0dbf073eaebd69c461b3fae	30
taxon_db1e47a21112bb92cea983d73da9abdca2a55837fb8dab321f771744a042420f	30
taxon_db96778bb49a14514a64a7e846203d1d0862159a1f795f94308e8602af95650d	30
taxon_dbf689b2d13f00495099400842af6e00f37eef1ade94fac6079c8c97f74d98b4	30
taxon_dde948fe3f1065c89e78c7ef549ef7f0999af603a2f403ebac64c2cbf75f22ff	30
taxon_de14cf5e6ceb3b22c8ea54fb332a9587442bad1d34ce37e7c42a9263017280d1	30
taxon_e10d15b6133c7fea0e32c1a5e0724c53f6df3bc602b8559e1d63cc2409bcf4a9	30
taxon_e71d89cfb05c8351f14c103a239df78e37ec6cf982a76b05e1323c9370bac259	30
taxon_eb61727f70589afd48403d5d925b4b819da79a386cc0dd3ab2a60c84062813a9	30
taxon_edecbb877e18fb363b3ace66d4b61d89ca4b16e0fcbf5ad13b891fdd9348be69	30
taxon_ef0fe803a37afe688d75f9fd07b59107602ed16bbbc4ba9ed860c6d79d8e6ef3	30
taxon_f621390c5d2205f44a30687c6dc1226cca2394e3c945c5304fc87f2bde2eb408	30
taxon_f9b13941627bd431c560740f78274bb2ceffa7535997cdbb3639e89c0d2feac3	30
taxon_024bc22e852f934bb4568c013cf0f48f7de17bf0677b8ac7e8a3a7af597b05f4	29
taxon_04514202637c38b195fb71eaff6fe9603960e5fd1d2ff0ca16c862cb818f95f8	29
taxon_0ca27562aa84c910282c9117f527eef57b2c2c2f5af0737e05e7f1c23606b1fe	29
taxon_0ca8d377ab092a0943cce08b87ba2eb6e50c1771ac99d09dc4213164447228de	29
taxon_0d9a0e7dcfca8c7f08ce7196c88063e001a9e52ceaca9c9c9d301f23f5e5a511	29
taxon_1073ffb20b8f1a92d4d2cad9e3405b1b30e07e7af5157366524f0264e9657a20	29
taxon_116d1c93afbfa24ec3c902430c39a8c2836042e6c21991fe3583555b7431f42c	29
taxon_11ce3d32fef465ff6022d389fb04f425790219b9e03cfd77fed1948a691d55a7	29
taxon_121a68ef86024e1bef45893adb66bd78fa15260f0cf54237479c1baa11ec3e45	29
taxon_1372335192a89a87121213274b41da9323e641b30df497da46667994b7884dfb	29
taxon_1448405d7ac6eb9a187e1b4b50872465a5406b294bdf293909b6647c44ad58aa	29
taxon_1940b93214a99c4fd19fa3cb0eac85790d94ad1c3323ee9f6f6d5d60e0c3f420	29
taxon_1a226d1c4625a3fad70e5d2d3165e268c3427eab40297fd6522c21bb218d5e3d	29
taxon_1a34ef17fb745428f3b67c068343cc88fd4d0b3d0c776c5b739ff4410a733711	29
taxon_1bfd7ff3658dbb61933b28e7d877425e2c3fefe320990f798852571d9b9aeb59	29
taxon_1f985dc9c27beb4302ff0608260eb0052c87ab2eb8b2dd63c1c38e6bb96e9110	29
taxon_21d44a97bc2443b5fd0041c45749df8a0fc7c744fc06bee63b9504b3538cd668	29
taxon_22a081fc3e58ace50d1dfaab5d1a18e6b0f5120e66dc2907d0752a320a682a3e	29
taxon_24223809fe7b1a56a7705de0ebf4d5604800e330e566ffd0d038e7ab6da8139b	29
taxon_271a3a1fbb20381ebd74ccc78b57736d4ffeb7694cda79a08036d2ce8327792c	29
taxon_3125aa0d642c6f7025b88e11f84bc634856119197436dd27c581158c4b054794	29
taxon_313191d318e32af271e81fdb4dec5d40fade8bdd64648256774625234d7e87eb	29
taxon_343c390deb8b356d1b2388b882b9f67548020107605ebdf4f87d83ac994fd115	29
taxon_344c08cfc3e8430dcbbc3a8c26d8a8af5ceee2b729c1a740392aec387d345da9	29
taxon_3a38d7d4831f15c1a065ab4d408ce1157c0aa775ea489a5898c2240ddfa8ba01	29
taxon_3af778836d672d59eff57cb5b9cca7961771e8fe065a97ce6f201b0c9fe9beef	29
taxon_427bc2a347318c59c14ff91eac04056254ef3b93be8c135d0f66b9ba4e9ec057	29
taxon_464f622ddc8e8a76135febfb9e851161ea994fb41da9fc9c5d4f735ce9e403dc	29
taxon_4732f87ecd55a3e0d8a170714845773ac72742935ee57c5c5c774d618414653b	29
taxon_49deeda97aa53fdb8e28088f48936e4e765c23edee36c511b40b53e709212eaa	29
taxon_4b0fe217a5d66e676d8623583557db320eb9216de14d3e8ba46adfc586a1d223	29
taxon_4ea22a584d12e429443dd4c2686836970cfcb244bbd07b2e2ad00d2b47ebd1f4	29
taxon_4efa26c540dfe8e3e984c5fa79f32437370b11828b38b62332e769fd974e5fd6	29
taxon_510fa27644e231764419bb7a6115b6f6bdd3c7ff20965ed3cec1334d48c23d15	29
taxon_51e9285c816ccc3cf3436bb9a2a4380c85a7097a6afa7b3506450aa0dcbb4121	29
taxon_537fc9bb610ac6c641d977d3317cfd91019ca3b46566b377200af6f1df95b148	29
taxon_55ab0459d95d1778d43286a4d2b148cb93e27d2f517fa271b37b330c3a4b52a0	29
taxon_55d2cf763b33c1037bfc8e0ad065b0c1d9659406e20e1c4700072494fd6d1d49	29
taxon_56ac34b6bdf4a17a390e8def9f14a447968915f99e2a1e549499b0828ff965f1	29
taxon_575372faa7c49eadceac34393ae1bd21908aae23495f7cd03dc1cb394649c78f	29
taxon_587831e1648cdee01c1e7781d7fc71bfa19d7946ee0e3498d5f8ee460b79a87a	29
taxon_59bcf8986ca8b40ce6798afdf239a2d37ec0c1f4c1075f8f4ff3a28a1540774e	29
taxon_5ac52c5691544e7e26cd92f5b87d9906bcc790a836468491a5458a3b14bdeb0d	29
taxon_5d698ff537a52c4fff0c0d655fac1607f7680dc1683da83a59bfb9154e550126	29
taxon_5e9c965dcef322bb4c5fca4aabd378ea93b6c2464232be4aebe7e66ad8857b3f	29
taxon_6129fad89825135cca4280fd42e181bd84f0f2f6fe666c748c630759918b5ecb	29
taxon_644441e4cbb1494e906becf5443cb205ff385a70f71b31e707eae1542dd31bd3	29
taxon_650e269a66ff0dd97375366fea3a85cfeb9155ce2431fb21a2fa9dd45a1a266d	29
taxon_68907f44a212abcc91fd5d986d5bf950e98caf9a75806fa92b1b160946a7e15f	29
taxon_6c1dead727ff427cf4c28b31c1839f4b32f3be2a2eadc0836965585134b2a376	29
taxon_704105b418320b49771096cacd84b3c7bbcbdcede32ba003112a9c43e4de86b3	29
taxon_7174b3310f58c097f09e23c2b6df2d6715aa7a82e50ffab82fbf872ef33b5b44	29
taxon_788ab33ca28367eb298e03383ad20b5398bf2ef03a3b72759bcd04182bd017be	29
taxon_7b81df8b404c4b7ab34343c56c9fb312250bea7e39c9b2eb306414809c157461	29
taxon_7bff0b7d3071421a617117ad28ee3b216f845ccac118a5c744ebf32f9686ee5e	29
taxon_7e4b0262000a587cb406d7b110b5571b234e558c04c3593dbf3544a2aab7971c	29
taxon_7f5d90a08b53ff23849bad1517ba1cfdb2808313802570cbe4146c62f00554e9	29
taxon_8425d2221891225be386b3e1bc0afa24af9112a88a7068d84853a645744a45e0	29
taxon_8484fa49a45fc64a2a66358832390bc31513e4440c76c05a8a88ae881dc3e6d9	29
taxon_8a6a428b75c7dcb5ab6f48a681299f7c928c963c36baf9454aab702d16745565	29
taxon_8b8d9acf2b55462f995e7ef357d55840395612e6f8bf0b73da4c2aae11637a63	29
taxon_8c3f68ec2546cee10c79d733301ebc5eb2ec6f057267effb3134bfc6334e8070	29
taxon_8e2bdb855004f60cce088d27b3dd8ac4440a6af79e43e56e5c1c7ae8c1cde017	29
taxon_94caf5f3c07e36fc2624dec6c9bfecd9dddf82fa28ee1d9ab7e53d08cd9f0140	29
taxon_94fa9997541b9c66dcf9cb9c9dd3529f9f060dcddf5b5112508b5b4cdbfb2d93	29
taxon_96c4c407eeef6bda1066b8fe044e51f48085c65462914eb68161c18eb95621b2	29
taxon_9f807144e81f1e12751cdca51d1929a3e931ff84f276dc36db0c94be64a1964a	29
taxon_a0b5dcaea7306e55390fffad30b997db19a26cc462e8bc1f440ecdeab1269da1	29
taxon_a38d07c448e3e754415362c44a7871b9c18eaeb2b813d3478611d2bab25f1766	29
taxon_a455930ae00d71536fc2a4f047206bfc51ba268035472dc8d2ef0e5b8791e2b2	29
taxon_a47c83f8e2faa9d991f503f437d17325b9608d9d90a0c616e686d61d33054068	29
taxon_a93c09db5efdc3145f0243d6d667f8ffd7fd7ba3d73cc410a02e465b1caa6b5a	29
taxon_acd5bec10969691892eeee956cdb81d0ca6dc76d4f82af675968e91c111ac87e	29
taxon_aef02429f64e5d63bb52181127fd484fbf6fb91775c2f66ba13d741af58e5814	29
taxon_b47fe6e28479f0e044cb9bceec0ce9d4abbfc8a975ce520e70b33313852c5115	29
taxon_b7c156c6fdd276c4f0e24de3fae5319fa6949e3769a461c1a2d0850bb2048916	29
taxon_b9a4b2a8eeff4e856a8788ef6cd44528b93adfbcd1d6ac539c165010ba258682	29
taxon_b9c172a9b4d26ce7b65c478eef218d1ab98b50cf50409475b4283b1513f6c07b	29
taxon_bab7c44244901c6952f112e73c0d8e6440af2ee9696dbde2ba647b4b2c8de493	29
taxon_bd81505fb4dfd7dc3b9d9641147967efcef45ca21c95b546dc405510e787be7f	29
taxon_c44599cbe8342b78a9b8efd270ce9f9bd74ef7577a9b1c745be635dc45e23abf	29
taxon_ca4ebadb6b3ffea370ec61b4d230c8830600aad2b8aeeb6f3f1175bb6a908789	29
taxon_cb88cdb0ab6f64fa4dc8580e836a7c634fd0d6fca4a6776f3f0a4aa4c41f8f61	29
taxon_d7d087b28c003d3c54d9b42c687f2bd17ace21e9b6805d1f4990b70816537e3f	29
taxon_d8e0c751b9bdba270334ec00efc7c4eb1c19fa0dbcb958e48ba051bf80b74857	29
taxon_d8f9d771eb2183e84ddc9b922c432c26756dfd6b3c756956b69b5ea7883ce108	29
taxon_def13d75d5a0bba262f61345ca0ca3b841f29438cc1c962f5cc417282a2f4e17	29
taxon_e76b30441427fd711f9367ad9c1f4d6633ffee2dbd704a64ee5d22f3683a3330	29
taxon_ea2ca1bb0ccf32713b2bdf410cc3532b9dda00397056fe0d9d2d2d4872f96e99	29
taxon_eb254cc2c3ce1b75a08419f95fa3bf302abc99235a0451d385c5b494caa29ec0	29
taxon_ef1b65016390929fb90331564ad26f17fb4570a2939f862fe64094f14cbf7034	29
taxon_f22bf6451f18b14580b19b3a10964c86ec1d19effaffa5f5b0ff0973d4230649	29
taxon_f5ce076f1406df7592da9b99079f76b6cadd80158a09afff6dc8897804a80ef5	29
taxon_fd5ac1efa70ea22691ac1033679de159405c7b28a893f3c4bf0b32b27f737b5e	29
taxon_fed59154ce57c02be1729eb8e16257d9260cc0a68a3e476e4c794ec3b5a0fc73	29
taxon_ff59c1ba015abda74a4f9b8611d8b81b0cebfcbd33db53e1fad45b44e5b7049d	29
taxon_0abeabc62897974e564a272fd9b21745fc56564977d838a74d550f5e912bfe8b	28
taxon_0bb2f2d83276c937b3062868abc464e1f1bf6688ff222ed9cbb1f610042598c8	28
taxon_0fa73751292eb8ba98cb99836fe3b131dce0d6ac25f9eeeab2ae1ecc1b8c46ad	28
taxon_1287ad5ec57cd1adfc5d7e72cfdeeb452af1fc81d310fc624983f29f4140b27b	28
taxon_1320fb1614aea56f6741a8e9a21b7033b902176c12ec426741f93f44feb6449f	28
taxon_13343714f18d621e84d735ec2193a7227e33693c6fc10c56f7145db606b6149a	28
taxon_14550ea658da02ebdabefe308902eab487dd578ea21f12fb8b756778f3293376	28
taxon_1658bf0b792e356e9f8fea071fe570b21bc8f86f2cdb3d61bf078c2b445ecdfc	28
taxon_167641fbfa715e29ea715d2a6e69db073b93ed2283bb1b04fbcaa95ab9c9e01c	28
taxon_16f84f6ff9beb60d6b0f3c0d3a13805acdd397d4503b3f780207963883f76bd3	28
taxon_19f85969d20cd509c9f2c0cd1d54684e1ab47490c7af56d310109008d455dbb5	28
taxon_1e8646e713f449ab826580f3e4eeb07068c48e3c2a670c2f1a6ab49bef3ea62b	28
taxon_1f7ef6665caf31b633f98fc78581c8af500f8fbc47650f2c5ed4bf4eafdfa69f	28
taxon_2148d2052432761ea2f17475f2517f2fba56c41b072dd1eb49a9d650869c44d1	28
taxon_237b39069b2948d7df035b7ad62778422f7848961f4f678e761e8939d98b6628	28
taxon_25f386e63810daaec23e8d1ba03d7df4a691d32b6b5339521bdb101e621b603c	28
taxon_2d70c4f0bb5b9edace4cace28997388dc057124536b95b33130cf497898f3885	28
taxon_348c351f11825a6722eca348663545bdaca747e242632c6c3319531cd1feb9e6	28
taxon_398e76fd73921678466c41dfac863019fe62377031bcd8c6988d4e4bd9589cf4	28
taxon_39cdc1c2c17aac5b928e447b5dc3ab6e2ee31dad9766f44b850f9437bf8f7099	28
taxon_3ae1aec90002f20f5cba3ff872538c4db84da0f3354bec5bc44a9022aa9cd534	28
taxon_3d52f9e6c5e5f97a3428d3d063416665f1fb100838475c0f1653f5b4911e0c65	28
taxon_3f33f5cec2d5c7633a10aa3d44916912e90911b0794bb9d9d5f2fee4eee3986e	28
taxon_44dca266e0c2f1c0ffd15c4bd19d7aebad3cfa1d61902d49a27d2a0d1b2a3abb	28
taxon_46507e5f304443fd196381bc79c0cbb2b181bd95b7228c22dbae914f23114bb3	28
taxon_4703c5af78299087dea6ad0fc7ae718f5c6d926b38386a4239bc6bef1fa730b6	28
taxon_488032e42402866296ce837895af64bd122d9903afe93a6f27fc1bcfaf09075e	28
taxon_4dff3589ddcebf469a8f379cab88f58e982a9b5bf8e4b2bf5234a29774ab2fa3	28
taxon_5328e01cd01b796f8cfa8146c561ee25d5f51485841c3f6d048d678082045433	28
taxon_58f3c9f0de699e1ef4f8a180afef0662165bc5bdeb1fc2ca3762853f3525994b	28
taxon_594ba4c47ce299237ce1c59bf036c7a212fa7c1cdeb540567aad56225135fcf6	28
taxon_5ae4040aa80ec177e90b573e01f7fdb897b2c819b1ced395380b622ef5f4315d	28
taxon_5e937067fa3fe67425bca5a88410e0776a9f25912b94e91c09d3a4fdae749946	28
taxon_604f81af3d8e94df06ad40b979b3b9abb19546014dd8ce5df3da8afb980735fb	28
taxon_616aff1dd99844a4dd992eec816a8ef9200f3c49c52e8ae33d55c12b888e9376	28
taxon_6726e6d56d3169abe3361429ca7ff6fda0150f768d34464e62aa617afc130846	28
taxon_6aebbfe6a87b423b8ca4eeab16ade308bfcfdb74e09d13d939b3dd7e718988c8	28
taxon_6f4efba7ef417d9b91895dc5b08625a206a9a1d93cf609be44aaa92c84c5b796	28
taxon_71589bf2c8f570279599b8df512dfb623e3bb9db8fe4ba38c0f58801857d1483	28
taxon_71cdef918f46455efa73f70958f09e7fc7854b3d84bfeb7bd6dbff792d91f5ae	28
taxon_71ebb8c541b3ad32597a081f3eb052ecb95af07c96bd876c2f201fe92ba25f2e	28
taxon_75dfe68aeed5ff45aca72e32a38d022dba319bf2ab084d36e74115837fa6c5df	28
taxon_7b1f0fad0ad385ae224bae6fc9d5432b1230917c60f61ed56f403bacc6c1a00b	28
taxon_7cb07654f380763a106d3efdc02ae269983809bbe0f2b17dc26f221d76581eea	28
taxon_7d70fbb92cdc4cf75439746a0441b6fa94b1d0088688a39e74ae3c30559da0e5	28
taxon_7fd325d3004569b279fd945ef3d21a4de7b68953ed2ad173fc307c11f60f7234	28
taxon_830eaa706dbe50c99177c1b159471f32b841e8ee3f041928df3a3fd0cca99a25	28
taxon_8623bc7baa07a147ba86c84848e226ad6236960a6e0bae82f411bde1ea2319e6	28
taxon_87108d0f57f67afe38369d74e8bb6b22214ba20830e41386ff59c7ed4f5e88b2	28
taxon_88c3a99d125d40e210a3ff88746b1dabae62a73d232e4925b08d9e596e535757	28
taxon_8a781b9a502256a27e6105172631d4cb06f054cf1eca10b4e0af45594cd7f547	28
taxon_8bc05a232d08ee1d53e4cf3c4a41622efecb81c1e167649947cb1bfea2e53b58	28
taxon_8de8a4c2439ee38b6fe45a00fe361c6bb0a572e85c52295e1d9416a8aef53449	28
taxon_924a28a48c4427ed3c1d291ac0ccb9ac03f07116272a0a86d0c16937824bf320	28
taxon_94bfcda4549f4cc0d378f0ca6c165be160d46f9789239ea60dc0080ffd4655d8	28
taxon_a02ca8e59132cd7dff17449a9be4e1e2a9d4bc0e2ca9a2396e563a26c7a06c5e	28
taxon_a1d52cecf965cc12b5b7cdc8c2f06d43bd3acd1db72ee43bfd041141c3302b7d	28
taxon_a259155399a13dbe0e1b6130adaa5dcd32275485aa0001d0c032db5da9752d48	28
taxon_aa735deb5e9743c7a5e9547ce62d2bbbbbc7fe723e20b807cf15f7316cdbd1c7	28
taxon_b081b2dcfd380cbee7c86957302a9822344502ce2b8d5f2424221d0cd21b0af1	28
taxon_b661d66371a6635633b49dff7807d63856ae8ca1a656f01e7a35819c9adb1384	28
taxon_b76839a3a5d92d2c255f6862f11a9dab8b9e0ca69fc1cff3e6fd45ca531a915d	28
taxon_bccfcd9e9e01e17437d9ef121ddbbf5238058f017ff64a29d10b14469177397b	28
taxon_c79c3097ab36825eaa560b8df922abc1be9b24304e4c8f9a674c64cac02b9f46	28
taxon_c8dba203bb6a0742c8982042e984ba4c390dcb2976ae358ce58fc81fe1bbb5c0	28
taxon_cdb49a5b38de3f1e1fbb920fa38653f70656094f8b9b603fc94f272123b9784f	28
taxon_cef33d91623e33d8ef655dd085df0bcb18ede609ef2d082727ff97cedaff91d8	28
taxon_d62fb29fb600e6d3abcd324d6ad2bc688f13cb9e60b576c4a33b4bfd17ee71f5	28
taxon_d6d9917a43d6c131180f6b9c6068da0b4ce154887b21155f87543bf7ef77885f	28
taxon_d9483f808169e7b2280a8dde78697634cd14f292c6e92351ad9e1bdac1a2c231	28
taxon_db51fe7e425f974e8746387a01a1a2c32085f5c199fbf1388b58844d59d71753	28
taxon_ddc78b8d7a3d3e8ccf596264d6ca7f5b1216cdff3cb0d09a92cf229bc076b6c9	28
taxon_dfd6fadb91ec234171d521cf378195005b53f34b7eea072c4a76bd1b08144b92	28
taxon_dfdfc65dab6a507a4c8e265b0a79f44370e7e27c8831dbde7daa19a4c0dd6113	28
taxon_e29b4d7d0713785f8d6f5f4956b7ef81b17984fdcc4e31a71170a245dd183b5f	28
taxon_e5f2862a16435d0fc51b2227406353dfb0b12bd2a926a8e30978a580f2e235a2	28
taxon_e6e92b822bd22ae0ef3d357d6b41bf9df244b6eaa83e3daf9fe8b957882de33f	28
taxon_e83ad59a301a795b30e5d96f7ff940f20b11f8a13f0d980f368d66d6e79f2d50	28
taxon_eac7456cecd334080bebedbd6a74cbf21685bbebf1b1fe173adc37851b470a3d	28
taxon_ec4db2511d4e66f464ae7942290d167b80e9b04e385a88e212dccc095dce5cbf	28
taxon_ef437deccbef7d498d6f45f4ba35aaf1782f9d0d3eadd3ba66d5f636377cd630	28
taxon_f180325a7c53ccc4024041920ea439517ca9b84b6cc7dab2ce109ed8dc2259f4	28
taxon_f27884ad8530b4e75494427ae85bc838845a24d51104b1259713debf5d96477d	28
taxon_f41094148cdf1a39c015bca6c42733dc0ddec69fe2ddc54a393aa80df6dff2b0	28
taxon_fc17b58fc0f91e3724176874abcef1b20cb1cc63e6f01753f4405e92cb7e27ff	28
taxon_fde7beb7e4d7b6b425e9127dcd26a811fc7f1615bd65a65e56966b5cc99add5e	28
taxon_fe22888c85049d8ec26d9637ff1a59260b0df55deec70f4cbecd5fc3ac276080	28
taxon_fe986db4b476689f4ab208b8f54a5aa42c0042431bc48bc144dfbb026a085dbc	28
taxon_fed3761191c4b9a02d00f713b49b593b456da8b08ef4c2841f09834379c68793	28
taxon_ff1936d782a16e6015bdc3604612e25aaee9b86582a83d5afc41a332ced576bc	28
taxon_0137f105cc8b489a8541e228e5b5a965f0bb381ea82d1c943062e2cf306ac743	27
taxon_0b305bb96cf49bd406fdac091e75ba09fc9dfce7e5c16f61a768e7f5e8e93bea	27
taxon_0c24a04c3b23bdd90093d10ba15c5fadb3e4570b26319ecd96360d3dfe4756a0	27
taxon_1384d2946ab64ff80f7868c73915b9105732b1b4a1def715226c9631f9dbca6d	27
taxon_13f947de7f78eb945cf9eb502f3ce6d62a4b9fb32fdaec9326b79cfe25e7fd07	27
taxon_187ad80ce931755e15856288de6aa54cb66b755a8c34570d1551de21ed8183ae	27
taxon_1bb06d83e66a56f0f2dd22f6aaa1bd28dea2e39fc6271f3f16fc0b86a9c4474b	27
taxon_1be8be8ab7813cd96da485fea83bc5705b67ef3d0c4ac94716b12bbade23922d	27
taxon_1cf1829f78623285e42cde5f817fda40c4b15ae8f7db0f27178a3e27cf5d1b38	27
taxon_1e3d7229439c1b22b378a581cd9fe0889e275841db78b3b7859afa1a533e5aa8	27
taxon_1e59671a1710b01f52b5af3295201e856664e26d005ab02a878f7169706560ba	27
taxon_2163569411b7260b89f78f1fc2b5d8638545db32240c5167d4e82825296c48f9	27
taxon_21dd7a2ac1684250fb5c71a332e16ab231e43221a62aedeb2ea05f4e044ddee0	27
taxon_2311333d0c82a37dd2e531993762b58de2a956cc27fd2b931d9bda43145a0c74	27
taxon_25adc90e25bf9858a3a713b7fdb986bc012b22f7a53b94d5812b6036ad764e0b	27
taxon_25eef6f2141a81b5d50930eab38d17a4f5d777fb6f3794053bdfc3c59e99db67	27
taxon_2607dd109a725cf0338755c629e54392ba172cb336a1defd8a21c15127e501c8	27
taxon_2679e75ab5a4e1e25ca966112f8bb3cc7fc2b6a1afb8f28ce4c9bd74865ee8b6	27
taxon_268441967e45ba1247357d81c1fe35731928ed34954b99d93215e365b97256ef	27
taxon_291ed34c40d6e3388682159fe7db46b184d64c820ed2407377e35f725f6c18fc	27
taxon_2a223d2d843f5bf2a07620c39364acc67e489b2e0e84c92651c6a5e50d856ea0	27
taxon_2ca839b1de7a830d2e7625ab888897dcd1f90807b1b1f890cf10558bb01670d4	27
taxon_2cb015db7d750cc85ab7dc46740482c0edf712c90ca2c6e0a00617837e4e518f	27
taxon_31d18be92acf17261a01dcc30289855bfcc8b6a0d61842e7398ea2466b48965f	27
taxon_32e69cba3fd93d0ab94e2730e3708ddbd78882435595c96d078b8ebbe21eeee7	27
taxon_34fcb11ec9d0a9b2e40ef431d3646345fb8baa65acae1e3743c822a5cda899d9	27
taxon_35b786a3c78bc1893a22dc524af6de66159b9487373a03a500901b4132ec6ca3	27
taxon_3a7403a73d1d77c7422248ec2bbcbd4559ae92a21d60ba15a36a4dd643137d0f	27
taxon_3b28d91666240d22ea282bc8f3ef8f899b5f4063f7ce5533e761dfe1701389a1	27
taxon_3d059b52d341cba65c1440665eaa7ddf255a693b64f417c78fc652b3a788ff57	27
taxon_4247b052205cc0a0206d1910137b06192d0434247a546de906edcdf091481a9c	27
taxon_439482f74754795ff384a5a888e8e47c27c4b2a37dfac89719154c75255d03ff	27
taxon_44449253e89a45b1f7959c2faa8e1c0528c06e601cf1fb0f9adaff0d08b66e7e	27
taxon_45a9d8a81d75d6add7b7d06164cebf117de2f3174128f1654a98f368661b3db2	27
taxon_45dbc95bff8e5520cdf5a02e476647628df61d708d68207e011740868cd42fb3	27
taxon_4733dcddb04df942266aea1d911376452690ae239f2402d266b7b93cfc5261a4	27
taxon_47cde13ff8b7040942116e876cc93b1dd511de3fe53f0858e030e9da253a7e29	27
taxon_56afd5863fdf24466c32ca456375ba57b54616a4d189f8b6b7f10895db95a23e	27
taxon_5dfe71eb805d6810e9c75bc8b84954950fcad4744cd85f7faa4c2e15918858c6	27
taxon_5fad30dbe094ed3e3f9f37f0c80adfa0f53ad8fabb6ebcce23a1c2d3d4d7577d	27
taxon_61332a8f46fab61778f5497cac852192d1606bd4b251ab54dbb6b4ee57e6a61c	27
taxon_6a061742a3201fdbc138edc1cda222728bcdc436d7fed047ea3b00c437f43b11	27
taxon_6e844b146db371e8e5e44e5d3849d93ba9ffe031d11b873189102f1d948a3406	27
taxon_6f93361dbfef3ce35a5b80bd1549060a2b1e3cc20b8a13611eacfa9e9b906ffb	27
taxon_70fa266497f024ae06bd74b6138f6e3ec7425849a901d8be110f11da36425bce	27
taxon_77ee94e65e6a7dc798d992e6b15c9c81d05548312f296c822273568fc7b52bdb	27
taxon_79b7bd2c485f0fd59a638734dc6c676e042697e50c988e465e33f3b073031956	27
taxon_7a5c527a5bbd837318c3993a5fd8cf3eea03428fe1feb33e3ab72711bfb1a117	27
taxon_7aaf8bcd5f183fa61c1d088964d5d80f9c5585e2cec85bb2ae835820f4db9266	27
taxon_7d2024fb86acce2c3a296af7a64c3a1e0352b88485a1cab48c93349af8ec885c	27
taxon_7d9cdc7801056bd2a22978a465b471c4b6460d33d6043b33f745fd7b77ff6ef1	27
taxon_7e1ffa48947ddf9552ead6a881e1bec39960adbbc4a7ae0745420be5088e47a2	27
taxon_809d55d138fe0bb43205acab2aad1d83bb094eaf84bbf39de7cf5c27b6d1f1f0	27
taxon_832df79a0418c8543bff0bf3519539ce2a621bbea926f38902675f8915fa1fd2	27
taxon_8a9d4cf6116b334d02ea27fcff9b3ce8c1a136bbd9533f2dda2f351058249b88	27
taxon_8aff9c4506f7f751f2c9296cd99fc14f1739b4c889a4fd354458eb79cb52cd22	27
taxon_8dee18e87ad794ee370e4aa19384838a777fe3a10442a2aecb462fc778d40332	27
taxon_91652a7d0f9cac2488636ebc802ab76e9f1434415c3cd057bdd9510e435bd60c	27
taxon_916bc6444529f86d8525b74f299d9f7e86ee4666d65b4992397c9d13f69bd8ed	27
taxon_94b4559a00de065800ef0656b8ca2d214758a2d7352847ed60dc5eade0dd8c52	27
taxon_9582e6eadd9ef95ecd4a1cc20ef6cfa3177ab24295ef697500a180ad175fa692	27
taxon_95b26799629b5d85115c87b0afad8fe58ef7fa125f5b50afd714663f4b94c195	27
taxon_9cadeed3a349a1a91968ddefb429869f6a659f7176185df7459f45733d34c3f9	27
taxon_a04dcc93c989676bfc968680db85720d6126f91d68fcec80f6629f4f79fdeb93	27
taxon_a31af0c649945f2bc3c1d886f6dc307336f97252e346a6dde006aee05f78d295	27
taxon_a4feeef7cbe6fdc8b5fed8e21ee2becbf82ed6613aeadf57055da925fd56c2f7	27
taxon_a658b73f64af6ac77a9aa458cf79b07f1782edef9b2ce33bf32934173c2b2ee1	27
taxon_a7053e17b7ae6f42fc2a4275495c4435f36e4164654add9d663c515bcc32a375	27
taxon_a736fa39fbd76b5bbebd291d8142331ea00d3fb46ec3f421d99071b4e8e5e186	27
taxon_a870f260703a815a5a116d7d868a11b86aa107995161e97d8bf3f0bf2ca2ee15	27
taxon_a97fa588af358a2e4e3d4498c12f07b4291d7cd0ffcc30562717683550a247b7	27
taxon_a992c1a789e5659cfe2d922b6126acf5927c399424369b1ca57239361174802d	27
taxon_ad7938ddc8012005a6032eba3a59e8319a5c857f26add5c2533d0c22585a3740	27
taxon_b685fdb9715e249217256da4a0a0f9b0f20e28263146ee47b8d395f79606aff3	27
taxon_b8ab8e120227d920bc6ef2320f816548ad76a9b59ba0444b6ebdf02db448967d	27
taxon_baaefceb74b82e51101252de256ca2d5b826f7eedcc0b645dcdef3450548f0da	27
taxon_bc0b0a9f3653c76a086d234ed3e35f081d423dfda141384d609b28398dea6d34	27
taxon_bcda0006405ad27f3213569af7231359cdada46fa605ab2b0e5e1f568c100b25	27
taxon_be292e267833d5d5b9849381b4496fa4b02f113188f28c6b8287896c3cd40497	27
taxon_bf592047c858810893931af3bdd8795f3b0c8370927e67442e663d60e39d3759	27
taxon_c2fbb38c736fd5ad069476f0cb2ea32874e0d3f8f48d631e10329effafece1a8	27
taxon_c6916ed8015cdafa28ee6ac4507fb170306a1b3a32a407c953349ac7fdfb5824	27
taxon_c895dbf54878f9e8bbc4354073f81f71acf26c8809a45848034fabb63c050d04	27
taxon_c962e75d4025c2422daaa779e1ffe5847adede203939ff43c0615c085f301257	27
taxon_c9cd91248c9e9ea5056a71f7b9a1487297e214bc05a34b0282958e6741533570	27
taxon_cc492dbc06ab8987ce798953c74d9db59fc08fe0e85d51b3df518eb855ced6b3	27
taxon_cc5adc581686b5d55f9389a3cca573b8982512b36162db980d9c7e387e9a92b5	27
taxon_cee297ac5232f00e6f16a4f1b85e817d9fb61835278f844cabb7b4bf61d18a1f	27
taxon_d436107d56c35528a9693cc732510a030eb8577f93db2f508ed442e6c81d9768	27
taxon_d4c6e3a276dbd1637fd366f0115579180214e0237b285cea97dbea22f881091b	27
taxon_dc8e54105538ab34c8492fc255ae71ce5bca9408ce843a90a219c987e4e3834f	27
taxon_dcee042252462058622e0d4566efb8faaa5aae7b789fa21512bd1c9f1873e1a4	27
taxon_e1e3c0a270f5581edee2b69c6812afb7d079befea8562540c829031e61498420	27
taxon_e2bb3f7d7f71d2c0166c9b2a7f6c1d073ecae07bc252cd17e43e23f061569e67	27
taxon_e445c5093226e83d57c4a8eb749407d604f41f9cf155dd29b60d9fcd82228dc1	27
taxon_e51baf477401dc445a6f604379fc790a84a2366b767be7ff2ddbcedd99e68b64	27
taxon_e621208604dc2bbc69918605d0dc76c9b42eedf157097163ed49f5964796a08e	27
taxon_e6447ebcad72b1ad817e350067cdf616c1e10577ee525cd3978cc2abfe242cca	27
taxon_e7349fbd8e2193f4110c911ce591e769b016709e547ba29d1dffb7a299820dcc	27
taxon_e86d2a8fdc324812f08cb8d3127a8d0fd071c5cc6777d70c236d56e450b47072	27
taxon_e8a8a43e9588aec2b533be266be57e981816ef0c7dc5ba9da238264f3511d614	27
taxon_e9a9ef5f097ad853658a55a6f56b467bcf4cea7c87e3ef8b7a3c8867bd564b92	27
taxon_f2f9d1b1b51e276270be45e9fca14ac99da6fe05d91d7ed338fe7dbf56893bab	27
taxon_f4877fb92275768ca5c225ec572382b25e5d4c265a688ce7a4a9400f9839b7fd	27
taxon_f7adf29d3283d0b5568e0f241a7091689a374a980990a5ad15f4d294262cc972	27
taxon_f934b47acf7e5157b897b0423930090819768398474a936878d101492d478943	27
taxon_fb014b40296ed565986eebf4a8417b3ca5e7953667fc95425b0fefc7e8a25533	27
taxon_04519aaf5f98d4a1d6243a4279642910e334f79c90ede4ec1de0ecf47274d644	26
taxon_050ff63d075b238b147c71f2a071064f3991f176c7b9363586a25e87294f55c4	26
taxon_062107161bfab1cd3291e7ee4bb0b3feedddace1324e5bc399c08373c3147a1a	26
taxon_0b60a55fded63526901a470e96900bd9273dd9b8c0b48969931fea80e2679c74	26
taxon_0b970db8500267d114ac61f4839417b44b04bbf3cb955dc11977e8fedeeadec5	26
taxon_0cf4db2734676ad54ef7d417d9994e14943016de991349d2960aad2c7248548f	26
taxon_0d2aad78cf8e050162f7a6b8d542adce91e0087ecba9ff1017701135ebf3ad09	26
taxon_0e9541eb1843a147b83ee118e35354a5c0e5e399e798202853d25822e6f257b0	26
taxon_0fba2739f1ac23dc0774da2a3f55157d04bd38d2a2feb32890d49f3249d550cd	26
taxon_1037bc3e1372a43dd03d8bf1c4bcdf7e22c8f6de630cc34a26eb84e9fc95ac43	26
taxon_1213e8df265be007d37f57cfd025fc60a41d69dfbc09af258347ef785a38c00f	26
taxon_1265ee8b0f74db670e6147fca615bbfe96c58809df8f67b1c7dd3138837c5139	26
taxon_14b7b47e2a51aaafc20bb14f09d1cea033070e17b557c006af04fc71e98f19c2	26
taxon_14bcacab9d619cd8d44d841d51fd7f4458396c750374327b28714deacdc85f73	26
taxon_159bc1f518048b96286534c2411f4f6bad38bb6a4a3b5294711acf0ce90896f3	26
taxon_15e1b975d568a482cd1faf0b0393722710954333fb080e1bd7331a9de8bdcc47	26
taxon_18c88d49188bb0c5b9d0fe427d232596e3cf87f0fd10f1674d9c0971c94ca567	26
taxon_19e75f509b38c7132aa918389ad0ccfb083e73aa3a49703956924291924cbbe9	26
taxon_1a93d4ac329efb1353e446f1538aeb2a6ec678dab36ae0f35af76eb4790d9c80	26
taxon_1bebbf112a60669d8fd0fbcfc9190d887cd5122cb730470f4cee56466cab7492	26
taxon_1f8fd77cdef1528ed0992de41b819d25b5ff2c911a52aca15822a34ebda6b3c5	26
taxon_213fa2ba5b00617d1c24ca15f4f9b6c51694f5e1ebe6289fbd40380ce20425bc	26
taxon_24998d66419ca7555f9e0883a6df8ee84683db04d9165376beea1e8fddbf6e49	26
taxon_286790d52307970d86db85e2a10a85ea45a5f4207eb9f43af26b5ddc04e4682a	26
taxon_289b086fcbf09c9f5faa9b4d47682cb0813f510f59754221eea07d10c32592ec	26
taxon_2af7d6b7cd2f2a6740d23192818e58a68da8e6b5f6fb388b8ae89e12b6b8a43f	26
taxon_2b823e4f010c62b7f3d7a8010c1d02dacac6df94ddf4bac71edf3a7b284564b8	26
taxon_2d9cf06d29f85b126feb04a288a326925851e212ff88f8b2e1f7b5e5806c2ae6	26
taxon_2ddc24f80ad8f21332eaa9667b7e6377ae07b2eaaaa0e7b3216c9c16584b512e	26
taxon_32bac0df1e931380eb6920d0b5b2778d72226d8f41d503641498fbf8b9c0b67c	26
taxon_357b15e0a62545d8396c2af488b2bdaf71a13e2208e2d857a93668982bdb16f3	26
taxon_38735bf8269b05d2f5d9635b751b4f181671de67e3fff6a83364ee770a1cd742	26
taxon_38cf21b80e10299cfa12913ba8e996a1c4da8c120fc68d965a0453aa69f4eda6	26
taxon_39503348104b0d5c3811f6d5f08e9ac5470038af7345831afa189180dd678f63	26
taxon_39f7d8b202d010e475d7418a2d020690718dc18c90d193b05d588e57ef0de392	26
taxon_3a4d9bea74dba076cdd5678b53745c66817899d473144d51d81059b5f92a85ac	26
taxon_3b7ca24cc85aa1a433bf0e46af4e16009ce13fc235b720d1341e229c7a81794e	26
taxon_3d23d8dd2c870deae00c65cf73c8ee5af03bce5d555d5c7be2ab1a03402163d2	26
taxon_3e054d77472a182c3d3c96ceb8260137c7a5a869fd083d1fbb2369e7bf11dadc	26
taxon_41215995f4676ba5a06eb3ac6a1e3437c1a8629e21cdb70c87ca24bf442c706c	26
taxon_44036a5a5a34307282fd107be3ece6130bb0c0c86b88919046fbd248644736f5	26
taxon_44b49d0f5cabbc082a5f514dff166633cd2087bd6441327a5b9b44378a432c2e	26
taxon_4b8bbd7406cde1fcd43f376ac7ff0046723e04f46571f3c3f53900b84c6720c0	26
taxon_4c74c4534cdbdf3a0b2a0593a9c8816de546b82330be827f4f1a243daa50c771	26
taxon_4c7af7b818d08512ad44d6c03d180980ef0e515d9dd0326bc888561413116d01	26
taxon_4dee08d17786319b81842d340d4ed8a03f5ff6659cfa8c48c8270ed57e94ef8d	26
taxon_51e41a7f230c51e885bbd66a7632657443244a1a3e5dbc1c805b9add308a45ec	26
taxon_57c6a9c9b2a323445a50ed617ab220e30204c708ba09f970c7872b5215a0ce1a	26
taxon_57e598afcc860693930be5f68dc1c2e71575c5d982cb6651955d6981ac45da30	26
taxon_58de6c82a24db7ac7254ed65b5912bfd4887bf7aead0acfad4532b966016262d	26
taxon_5ea39f4cac20142d479f790a91cd426e08fe190595a5226e3f69197bbba0bb1d	26
taxon_626dbb3e458ab6454a4f0e2b797be8cef05d58b4794fe537eb50fbd2a360da10	26
taxon_64534d2c4c2cc23c0d9e9899152c49de1f7a60566b38bd7e6ded669a818adeb6	26
taxon_655939cd8bc99550611ed5685a881c91e43a629b2c46bfd9c6b6a77d267780c5	26
taxon_69d3c1809f25dd688cbe193090305b0c6837bf8d05d3b1d3f6ccca29bf33ce04	26
taxon_6d74feaa269883308dd728b814a8d5d9129e2d008f4fb0cb240b23e9223bbbc1	26
taxon_6ebea61e5665a463386dc8e98224da61b0d3af221b120e40a5d13ab876a58c21	26
taxon_72f6581fee8c20adfa3004e7630cb09521c49a4a96d634a7c9e93b7d4ca95a97	26
taxon_735fe28163eb9ed08815a59a5749c16c67c9a9498b6e8bb99bec20cf7aa183fb	26
taxon_73f3ce904390104f530080519643c3631de17dcd3eb0ce3963954930a00fb205	26
taxon_742f2c3a8281a6e527301d6ec8ae99c486604c7b084f53e6703da843483f4229	26
taxon_762e9b89c24dbd5a1d241ce79d3a0f6b003a73d241f4daab8530d65ddca02f7c	26
taxon_782477319cbe533edfcfad196b5f91daa88ae05193b01a1bba1c996098046c8a	26
taxon_787b9987c46cef6c5f9329814d04158860e506356551a4475f6d3f24e988bbea	26
taxon_79fd7ac2a2cd68253612d5277ac8b764f2abc7aa8047eb426f63c4118ddb31c1	26
taxon_7a870b215b0f44d8f98b10a64e8b3dbc9a26c3c46395414760993634109ba8b6	26
taxon_7dce377daf8ddf8bc76761fcbf9c61e22f692d2d8716d2a5f77daf0cdea26b02	26
taxon_7f493922dffc89b1a72f05104f4607f777f6e6acad08b35ffe3d5e29eb030ed1	26
taxon_7f89ea3ec5d06c43342fa08a8ef3bb675694b157a3edd666ceb2dddfb8429ff8	26
taxon_82a17c72069d0cb47ee011e7a3f823d69fa5d3b08b7b8c1c9dd168742d97b0d4	26
taxon_835e71bbbf0c733a85799b538fdf92484ad4b15c350ad5b01a293ec4180f4469	26
taxon_847e5bfd92dc8d0b481de918be6b2f4720142aac6419afbf4775801a9c132783	26
taxon_8514fee3acff5470d6a4ffd63f2da63a692947d65bc9380c7bece47af91d1836	26
taxon_87bf417a9a5844df172bb191bbed1a13befbd0732564f67191d1c9612022965a	26
taxon_87dafb4128c31b5528d5c3bda3f3c10ad2d682b0ba48f3716e983f3c0a5a1f6a	26
taxon_88aae43acb95bf67177dfdf6876092a17c7b5fd0da47a0f373fecd2e839de8fe	26
taxon_89bd1d54361ee818abe75212a41d4d04b6efd3a3ba5da36ca49f237ba49cc3d1	26
taxon_92a02ea47e51ce93ec10dc64c024427d36387d67e70cc1e966f04259f76dbecc	26
taxon_9561baed1bdd7936682a8efb157565b1c0e21890f2f3e0d2813da68075f745e8	26
taxon_95ff3359cf7f06cff74821d0e5786589baeff489c2aace3239cec3ec3d503242	26
taxon_96992d6c3534aac9f3bc3fc54426bcb59c5226d3367fa85a2f9df72530785cd9	26
taxon_97be389066de5af6e0bdb32571134760257e59f33972e4fa2edc694f4682383f	26
taxon_992a21a7cfcdebd00ecc281b152e9d351f6661708d6fc39afa96cb8c71b4edea	26
taxon_9a5d296e1dbb54577793ab52dbf37bfe7925a192d200b544137257573561f4b4	26
taxon_9bea1d6af07113c5bf442db65b113a825ddaaef276d513aea9670cf860d1cdc5	26
taxon_9fa7552978e12b6307ade8db19de6ed9af64422c0b6d01406a9416d81edd2d5f	26
taxon_a1ea5a17a750f966d153b50d1cff640cc062669988e7cc50a2a8173366b541b6	26
taxon_a2c825c3050c315d46b2eb8c8348b82ebe906a4650eedb7ac94e635f2b53253c	26
taxon_a3d6c28cfa4b41bc54244d734367ea48e65c8b1f93799fabe0c1217c920277b4	26
taxon_ad108309d5abde0d75d1cdf70714971738c9be3d1279dad56cec561f1f71d4b0	26
taxon_ae07691c004ffd9d55aa4635ab1b4c3217a5e3586785363b267bc3b6d238c894	26
taxon_b9a9cc44345e0d46b7227b33a4fabb9de33a3487c3c287f9cf0a0fb346da958f	26
taxon_c3346cffc243b1f0d5aa8a466ba644807375db46012a17ae16c2ed60864f613d	26
taxon_c60f1b6f150466028d5e6418103b96562f02cae109c8611fa05dc35a66932440	26
taxon_c82f9f8ffb4739d6397f1e6fb459e37d6eb14a2e8393f5ed6fd9535c9c745d1c	26
taxon_c8aa28e6e05ef532e04865bdca281136af1febdca77d591c8e13716b6a61cf91	26
taxon_c97205939138007fe5b90ce466ba8596adac2ac68e0d60d8aa0a510cacc10507	26
taxon_cb3eaf065f96fd0857fc51b629249045af9889359a02b4d3c407eb1f89951183	26
taxon_cc53234f54e3a8e5ea687472047ab651f24f08915e4f0402d69da9bc8dcf0754	26
taxon_cd362df459d090178922c8594e93e16a1f870632dee0bd21d82b755f093e2dea	26
taxon_d01088f81f9c79e6f02855faa68e550d89b958e8a023132dca2f3a2c0265dc52	26
taxon_d63f2c4ceb903349d530222413ac12616802454aabecc558f6796b95f5486379	26
taxon_d9a131ecba88dec1ec733a97076e3dba6afc88d143146f8ddbd682d8e049c563	26
taxon_da69abcac22c1a3d38494639af6a3ee15144bbce9f35b9ef53a69323681a7047	26
taxon_da6a56ac978f7d3ab43aa973a50136b95114510e01f04192e6dbd440976a3904	26
taxon_ddb06423d1835ce0bf3d67cad71177edc23af7a76107072a20b24c63ba263e12	26
taxon_e17eaa3fca4f374bb8d56040683eee375c0c5ace3810a1c2feaae6e2b1b46d58	26
taxon_e23d076051bdb4848bdc78cf6a0c304e9660eff8563eb5ab6aeab6ed860049b0	26
taxon_e25ddf76e2c24bab54486d2e2485a388367d7b576b7e90420571a14c8490cff4	26
taxon_e646e6750c7e2ea997d2b45e621a5293c78dd1866a08dd5631e697d12af58cf8	26
taxon_e6dd5ec838a08afc7e68ea15a3b8a1c2e9fc5abb0c5f007e28a761ef2c6ff4a5	26
taxon_e7310c894f81404fa019da6e31f56e9686a525fef336705ae8af5de4c02cb5ab	26
taxon_eafe5bd505f5911a4736c1977903ccc613a67a2be7a624a1b5d4789d82d030cb	26
taxon_ec8113be053adfab869593e694c94b917ebd9576cc3481f3f5930b1e053d7d23	26
taxon_ef164df004e3e53bb2ab38ab7f3332eebf83d8cad483c5d8e7028b497a28d8ed	26
taxon_efd76f165604f71126f697f6a2b90b9205102b3f0a6ae462f2880898f77cf660	26
taxon_f04f8c52b6bd7027358a24e71d0d554274bf7317ff037e39e6d64494440677c5	26
taxon_f1824b83d09b7f9677f367fdc0fe153412af6ab700e9de4163eec9a4acf36c14	26
taxon_f334d0f62f33645d7b8a4e1f5c3e0f0f39f3ad9b87fe3c343b53e8ed1260a8c9	26
taxon_f54e717760ed9c58a156abffd0ff2d5663856eb1fca71bcd6568eee286ce850b	26
taxon_fba0d6d77dade47d3b29db7e60b2e42fab49b23b9a408595bc6938674ed2b653	26
taxon_fdf9203858cdd9ded58ab510a1ad286d6b45371c9aec96b674e611e0b2d43e88	26
taxon_fe2fd778ed24a23df2f3a1d0e8d16f99cbfa17e8c83ee376565ba7e058694067	26
taxon_03a5d8ebc1a95271df1b5097846ecec0ea890eee7bea1da07b983a67e51c887d	25
taxon_08977b910b5b12c01bdacad88d1faaa8e9656d076d0a15bc46d3414eb1bad577	25
taxon_0966d801c4c045cd78da2e7c5f6a9dee14bb3fbc74cd2427fd3adbbe8f296212	25
taxon_0a66baf74834cf59677197e79d45a2d6d897afcdaa38e8c1dedc485c335ac5f8	25
taxon_0d2b8f03145fb4f3b0f2fa7f935aede116ff98e625c30a3d53468ea16dbd3752	25
taxon_0ea98c6f129dbd7fe433fb8ac42474216511ec16151efc68234f83c1d71346d3	25
taxon_0ee963e2707545b2b91422e87bf1c5ef15b5b9c66f96b7a34d99393dfcd204d5	25
taxon_1116de6f9b7af829991f2fe9b7c7e1884bfcf656a3499ed973fbe23f4d836ae0	25
taxon_11ed3243bb33cc8ce5d4190a37123acc68ffb22ff78e795e7cd8936c50ee562c	25
taxon_12748f5bcd439f0eacc5a19fe54834b71ac96296b50bf36b184b416b794f967d	25
taxon_13a93e1c0a9ff8bc79aace7f9314739595e1e0270a93b2d2a216bf67133dcb7d	25
taxon_14c7bcb4ac5a3f4d6c921158a1912f6f2f6d1697aa2c2c7cb255e1451b1c430a	25
taxon_19664c147326e702f2d47e434f410fb4148663004d7332c567da3a1f2aac4c19	25
taxon_1c03ca1b4ea6c583b669a1ce6ffbe963466210c1f524fc3570182c11a0b6e3ec	25
taxon_1cea9760aec24458414f43c0d7d8fdf35c335c4f163c97dc376dfcd784b8f266	25
taxon_1e6eaacf67a3677ce32378b1d96247ba71d877729f3998e8290da628b4e2d9bb	25
taxon_1ed6df232d408145b5763b78827c0e90d0ae156bfef596d86002ed4d1ff567cf	25
taxon_1f6f4b3136048cee1a656012e3878fe0ce4fac6fca54f6e2ab6a22d303a62fdf	25
taxon_20663bc07d349b2fed9937b0817108798e2418f27eb77bfc774e75db8750f8a6	25
taxon_21d17c2b868d6abe7313bd07649823777364abdc60237a29ce28c469fd2aa616	25
taxon_25144ac36ac5f2e2453cd4a021fec7f492c18478fcc229e51f8eea4d7bde9027	25
taxon_2704171759154250683271248b1c9dc23de010523a16fbbabae75aad229f4122	25
taxon_28a598968a392673b21dd020f8a28604ce2c81c34c0f5dd8e7d5d2e8c6ab3920	25
taxon_296beb7b8066afd73bd82a1aa5f8d888d7faf044d8bce8859142c5bcf2c04db3	25
taxon_29a1fe36859fe9f5249c44b96b9fdf7ea58759b8f712e101977c488cf5f2cd7e	25
taxon_2a3fbf5cedbb2a68dc5688cbe6d07bcd46fccbf3d596ae5331c7718a558eec67	25
taxon_2b6c97d9af1d1be7dbe828df22a9ec3149d0374aaf16caf195760b7c93b7c414	25
taxon_2d15ed00d380da16f80ffd6009a70cc0dcb35aa6082e19636d73b0f08596b9cf	25
taxon_32a10152665252de1448c95a776008934d1af19b3164da2716b373848e2e477e	25
taxon_3335af02b9073aedb8d7dfaf09ee6b8b43ace108e1845d9777f7b8534b8b9ae4	25
taxon_3407ac6ac299893e3734464bead91e58118a0b458f8f9218ade1895078e62dcc	25
taxon_34eeb4eb56076254a5fbf3d5190daca093ca3935cd422bcd1d13f45c452b58ae	25
taxon_3546d54905cd7e17fc6b99ec34a3d7c5ce84dfd6daf83a635f55f9e1faeee487	25
taxon_388f782b9e84a73f0798fb544a9ff3d0f849f5ec011f3f834329444a7198521d	25
taxon_3b37aa3ee9e1fec081f26f6c1f46c72ea72f37063275841cb25ea95b63b94733	25
taxon_3b61e66817dc80705a78001466d25ce552d0b7cc72cb83e4783f9bcdf41cffe5	25
taxon_3c8b62a9914c26f1db38325464f43e021d853b8f4ec334b232e57b6fa4fb3748	25
taxon_3e7607c17f89151fc8555751c363a226a69c3753580826b99a1ba0c3c8402a23	25
taxon_420737b047d28b486e7397d164318188c43f2a8ecae970c8241b78df9938aedd	25
taxon_43f0ce43a6f4a8bbd874f84e8952e7cef82753085a52253bbd7ad9d960ba9c4f	25
taxon_459f222f3564919df9730758e804099da21148527ae5d0f64237a8f7eb06b0d8	25
taxon_4c3e1e474776444ed54e1efd3f522984cfd4b30372e0ffab273aee48e10b7eec	25
taxon_4cdb4f3cb6bc6921a40c34cbf32dc8d17392534c0c062f21a8d24d8e17512949	25
taxon_4d3707fb5b83ae4307fe5a8a9cab091e1b7374962e167769263ed800983152bf	25
taxon_4d924089c993b8a07c565fd307d855eb5014b39ae0b5982bb22a74eccf43dbd1	25
taxon_4df0bb4474f7dded019edbf82b7ea6fabcc25629fd0df50f3acff23a67e0fc2a	25
taxon_4e195c4b0646a43c857dbc6b7a8141233dc081b35f6bf70abcca9ab24c962bd9	25
taxon_4e84d5ed959ac0a71a2d7cea2b34f6f6d8c440ded98ed3b29b15bcb9ba6dff4e	25
taxon_544f56461127bcbdfd47f79ce0617f91bc41066de248c4e62c1655ad4b295ebe	25
taxon_567b82e192175f61304b01c3e2e98635cb49c6969b6f1e093b2f70f02018908d	25
taxon_56a00b2245a3186618297650e34df0d5c386cf8c8c40800fc72c9a21031e1fb2	25
taxon_581ad9709fbbe02d8bbfb431632742c483fb5540c79e468afdcb6e8e7e41ae64	25
taxon_58a227f25be172539caf404d20b9ea2016f47410c506421cfacf32dca345b41e	25
taxon_5bc36bde71e0d950db27c6c7ac3d0063b76b520cd1e1dbbd0f5252a6b9b567fd	25
taxon_5c332fff44d50ca9797c86654fe44654c055422e74066176c2c334ae43c297e7	25
taxon_64ad0bbc1a88696f9a1a12081f7d156c8d53098a322ebf1709a7539ba304ad57	25
taxon_64c4e4be1edbaff1fc35b87ea91076ab06647ee535857e3d7841a9fb2fef798a	25
taxon_653d903ff00f7b0af9c4b0a011083860ed807b604c9e367c0846c9c6455e6dab	25
taxon_6789c95c8455dee95957e4df5eb3c4058bd9382db4f0deff1c0015366d71fb49	25
taxon_68ac338e279dd2e942f39a5ea2715653d5b05319d4a8665ba8bf109303d33c39	25
taxon_68b02a074fe343d1f99f73aa7b314125df36a7489159d584494196d599f7cc65	25
taxon_6b7b8a2c3e1aa493241b6978c207aedfabf8adaafc4dcb9ee7fb93829627142c	25
taxon_6da48f3c802a4d630ddd3d75ad02f027b2cba65a9f062647f7bfff95fa4ce1b0	25
taxon_6e1875cb142f6b442f8a8310cec51ee73f793ba546f21db53df517bc67db759b	25
taxon_717524ff871510556a7aa12e15c230d2a6bc4f7e89b85afaa43b0f4c2abba1f1	25
taxon_73b1ef2cbbef1aacf1112e73042c81194b5e7b0043437f417d5534a8c4c88458	25
taxon_7744569bd49d35669e1519385e29a423c04d8f753f5beee3ad4bd7fbf638c200	25
taxon_776e0ad4b149d426f742f0139abc931ffd15edef019dc44f107854bb6801dc4b	25
taxon_784245e69f3bb1489662643ef521d7401953b9fbda86ac978fd70a047d9b5090	25
taxon_791bdd278005caff856194661dbe3200a203a84cd00c4988ef1a0174fd7916f1	25
taxon_79fbd4b419c667bdfa3d6de94bbbc538432cdef01d94b4a329dc8f2d6fb1b805	25
taxon_7a4cb6edd5e12a74cd3001343652d0e20921d1eec666d829a953b90425e686d5	25
taxon_7cd075c19d4062a6cc95cec55083b7cfb862bd959b102cddb09936913846d4c1	25
taxon_7cdedbc95ec5edb1d8da4a99566bb0d960691851f4e29340d6819ada54587094	25
taxon_7fe53542607a8420aeef8fbd28d438a9a7dc7c210c5f0813de6015d95b5ad394	25
taxon_81ec138aaec87b6f6675e575a838a334ff80a30dd7d6d5ceeb1be9d881aa949e	25
taxon_83b03a1b8799960a4849334bbc77c22f4684bfb80ec7aa680ac421da52f27ed3	25
taxon_892ed8182a5c9426bcd0344c5fa28334868884fbc3d4dd3ee3a47e648748100a	25
taxon_8b38cd5797ffe9e71f8c5754644d94ab757eba2221af96b93789f41e45a20e74	25
taxon_8cbba898a74cabc3185c2b0cbdc6dd33d6516e11374f1e5f24755df307a6455f	25
taxon_8dce6f4ea45f5fdf9c18e2c8b44200ee2e58dbe4f5dde361330d4332b8c015c6	25
taxon_8f4397e73db226d25dddae29c7f0291ca421cdd24e203c80759ceaf36629b82c	25
taxon_91e135f82af0e8408ec0c7edb7c24517eb8e7de8352cdfb3c17f0b61b349617e	25
taxon_942605cdc93d4f079f0879ead83ca3d444cd1a9b1c91ba4ab7493546462bb07a	25
taxon_9788e502495991dc654bdf248071866b24a2ef1170f38053da66e1d98efdb39b	25
taxon_9d5ad8dafd64975a14770578e3106417216d463f770e189de89360f16cafea2f	25
taxon_9e824c72f79d8e300cd6ed37c527b584fed0089d8d808a1133fb6aa226fb1cba	25
taxon_a041e137d780d93e241505b4ecf03d8e36133033a0c8a6ed5f509b0ff6595bac	25
taxon_a22865593eed11f54e001c1126e7e198e1998603cf9c5a60d1ae1898605f03e5	25
taxon_a22cf958d4dfca3b8f05399a34734d6c81d2770b5e805791a324b0045fe7d7fa	25
taxon_a358b9127fe8a2bf655fee7f671f954c4e01c64782390768ae84d4fd85a1151c	25
taxon_abadad5bf06ad054e9afff4939f1093ce712790c8c2278a669612930408db280	25
taxon_aca2e60901f5396ab7103dca68b888984f4a13cc8b034dc36520166624b379fa	25
taxon_acba9950db6c76d0ef3da5076e0fffcc9913c90c1ed6c4e8c270a9574bcc2ab3	25
taxon_b0dcac81fae8ecc76244e49208201f8b5344c6558f803604d325d11ce7326783	25
taxon_b2eba4f969e9f6650190aa943ad84dfeae9bd604b1cb820a39990f08bb923002	25
taxon_b3f2834a26b1804b604773753325e69c44e0a68a00ee5af79f541b077f059360	25
taxon_b42ae9c307a4a613831ee408b43657771a9b792ab72245ce3e69276e727ccb38	25
taxon_b517a98517813863dc61face0a29876b3c5f109473432b22916e681422e96caa	25
taxon_bb12689c12b563f7326fd9ae593d95f13f1d70eb3daeafae65d408e2d4e40032	25
taxon_bce342b712b7f488361944afa06f3bc56231b18ae54e243b5b27af1bd7e7ec6c	25
taxon_bef8b30482b4be325998bc231f892d9127382aaef79836a6b69e9effa9f784c6	25
taxon_bfd6abff853b733d887b0402b97366d26573c1317ce15c7860e8145aabe1aa47	25
taxon_c36ac53513874159fb9c14a070ecefa09a42005b743cefc5b5eba25cae192ce7	25
taxon_c53eb8f576942169a227453beb0142aaa4632114ac8b2cb47f390e470ce214a8	25
taxon_c5af83d669155bcf9503c02acede8f334fdf81cc4c9959b23eaf8fc90a5c758f	25
taxon_c6ea18be5976ef02d7ad64329d11a14e535413e5215b5302468ad2df8333e5bd	25
taxon_c6f3d52b4a581b5431ce604e9ecd36aa443837c8389658dd2ba3bf774e119fe6	25
taxon_c6f91d9e174ec1fc6cb016c8e9bbd1fe7fc69bbcd3e997729abc8706c41ba9df	25
taxon_c9128b7f0753b8414bc923d13aa5fd54456506e9607ce8f080b97c6fd15d179d	25
taxon_c99781e1e7e71a11c0c384d0f6ad66d6a74e82c7e55f357a2bec35e2f1659ee8	25
taxon_caee3f549ae7cb667108888b9874ebfe10e08e1ebd4df660fd1a9455d4234f84	25
taxon_cbe5167a5c450003ce90b23328db5da90c7771587a0f45dc94877b521a575ca5	25
taxon_ce92eeab60190fe94f93df2b7c7578a12d83f1425d9881dd249c821fc71160ce	25
taxon_d0e8a6f2124ddbc59ea6cfd464bef61ec979b08679dd9843cd6072046315c9ab	25
taxon_d13ec479f993aa13c22a89d71c4d422a1c15d8992cc0bf80f2344e2176c070e8	25
taxon_d218cabd93dacf8a923e104dbefc5089cc14033f5e14c505a1143b7dbbf47f61	25
taxon_d4d5f46ec9ad14e64357ad168e415693b35f12a2fb6d9b5cfc418e0ed70084ff	25
taxon_d7271a200665119891b6403e256a8a026d3890533c5ea73332efa68650cb84dd	25
taxon_d8d214fecbd18dcbb769c872f4ce53d84f1cf135193099d62723c0ebe5cb3745	25
taxon_db21a30a8a7b51092cce84382596ca8a17e5e47cadb3e7fded534c5c86fa7f9e	25
taxon_dcc9e233c7081c8b13afdabf5422b5a9b30f6ca056d5bebeaaebb8f226813e6a	25
taxon_dcf35c5da45a4d72c2d7150047df43eee183f8fd1893b57952283aaedd78fe13	25
taxon_e0690fde3b1c1b050472f136ef6c851567a742e888ee4df6c578a9ed1fa5d9fa	25
taxon_e1ed34a3778ad0d513d20e08a8a22249e98b353581329d8ccb671032d78d0708	25
taxon_e22efe00ae08560f2629412f06ef6922057c5b4fa97c1be592602f1420e42be3	25
taxon_e4324459f83f4d713808317239e1b3544cb4e748185426af55171f146897a8e7	25
taxon_e49a242123470d01e9a1c9f8ac7f3183eda16e7eaff0d4bfb203378f37e244da	25
taxon_e6625e6a2c1dfccbf34c37108bfedb05a898f62f0610c5900b9cba212fb105c9	25
taxon_e7a198dda050ba112fc9048fb4320c72a0568baff760d07ba83b322cf7bd659f	25
taxon_e7ebde924c9d20376532fa809c9d45f72b99984755196ebfe1802539d59ae5b6	25
taxon_e9a862506f81f7a6e4e22c2654f263cc513c24716c1bce15c59ac1755cbe904e	25
taxon_eaf402a41e606bb4d66296cf30ffaed51cc409022175106f890ad47a798adfe8	25
taxon_ede2f08c588f2d55a6f9dafe2ce9a90e4a5bfae2536baf03708849890b3e8e8b	25
taxon_ef5354bdfbc9581306b94d20cb62a5e9d41e3bf8706ee811ab4d81ac1fa4bfec	25
taxon_f4546d4d4807f7ad21034a86bfd69d04b32e80ad5091ba4c1d4046e3a3d56c81	25
taxon_f557b73457107cd2846e246d4051b56774e29ef44729cf68350f07cd20ea202a	25
taxon_f62efbdf0d3a1442cbe5c75c6f70f50e1a96072a9fa702585aae7f459cf8e27a	25
taxon_f7ced83070a7dfcfffb0c28ac36f76724c9a7899ae34479ea8eab604aa115d6c	25
taxon_fdad906d4b4e4156221891f1dd9b509955aa9a9e34f3ced459698080c8799656	25
taxon_fdb77c68f6a47b79def3078807baf738a27f2fa880f3e3d70152979886aa0e7c	25
taxon_ff6f66749ed325b7811b11fb03b70d488b9cddf93b3d7fcb97d2b899e467f14f	25
taxon_05ddc9c0d019709fa24318f0962c87e324a2cc6798afcf363107423435bf2a10	24
taxon_0845f6390f9c15e56af5d7b677a0e25f9f8e0d0e230fe815fec33d8a76de2c32	24
taxon_0b7b4ee1fa0dd5617193e42d18ba218c1e2085b5f68c9f85a6fabaaec9469f1c	24
taxon_0cd122d4e6ec1cd338f54c90a48142ce36dbc819302e3070002351ea7b42e29f	24
taxon_0ecb4160a8f1b135f87a8ebda4436db05746048bb8714fd2e8207fd67478df95	24
taxon_0f0bc47b42036e3718f69bce0db4b85507678dc3f11ea237904dfed3ab2ce8c2	24
taxon_1028e3578641c8620a883571619f36bc0fb91617fc9db46a9c8198bfd09e71ee	24
taxon_1332e9212affa35b80ba8bf9233a79a6eb4fe42c43344adc03b9a959da897841	24
taxon_13d27a7bcea0855fd9d53a8528fd79ad16409cc2ceb5b709c8a86f65139bbd9a	24
taxon_14c18428ccef8c665371dcc7b511ab51609e74d339cdae2f8f5598403578e916	24
taxon_176c4c1d0ad4a85d6e210f96780ea5fcfbd7a028ce211f0986d66bd96443cea1	24
taxon_1844a0092f23b0cac5443581341a6b5e948bc21295f248e4c0437525ee0d50ea	24
taxon_1933d429fddfcdd427fa720577f5f12ce3f1d15fa4aed483a66f19be76b6bab8	24
taxon_1a3e41e143f8bf1896cf7a6c9d0c0a1c659fccfc4ce3d555a12162eb36d1907d	24
taxon_1b36b44539264fc252492e42700fea94683d0cf2d2853cfba0752323c8b963b2	24
taxon_1e18ef8f8cc6fea2dbeeebce1e3da7ebe20ed1fb0c19a04166c435421643d130	24
taxon_218c4893aaaa84bdf3b4dee7b814a66b198750e85fbbf627c6b6b06a038936fc	24
taxon_22aba5fe0707407d29ab7b69950d988e75b4c1bc144ac2cc832797af21f804dd	24
taxon_26881d486e3ffbf5065207d4f60008f4665695a4382682972ebae0c828be7dd1	24
taxon_2a772e3e2eb1964488feaac8b91192bf05bff9b0368c7365b93df1e446a759d5	24
taxon_2cb98f3d59a7538ff640b63ed21e26a74ccb6b4fc4a5759855fe6610afec10bc	24
taxon_2f001dc85a9e0ba9599167ba2d057f2d88d39837d0fa535bfb455e09e3871b72	24
taxon_2ff8c0a41bae074bcb70f2feb116f29125c8003a480c06c852ddec2bd8f2aabc	24
taxon_30c9f7479ee99f7d3843e26c63861f2254cf3dc30fc4d001cef532af75e9fab7	24
taxon_33c67b262977fa07a743a692d88a18e62e5c7a3c9103f3daaba7c23e82614c45	24
taxon_3558663fe8de51772fdf7ce0c63daf00e2bd5b7333d5e8dee640a829d75b5d8c	24
taxon_370e094863b67e0d9b8becd1b0fcf9176bca1491afd61dbc6ed9dca149a2220a	24
taxon_37d5d9d2d189d7a9b72f81428e99cc6bd921d905810af709f4025232387999b0	24
taxon_3872670d2ef194c180cd4a1eaefced771a73ba014fad3fa2af190b26e0742389	24
taxon_3cb646ce147aadac758b420372b41c0662953c3f498e5f577038e15a74521072	24
taxon_3e04e34ea9d34456ae0fd43b46f27bbc053a990be59a54b87b11dd1bc97985cd	24
taxon_430be864664e56b5c52b84131aa3bdf8b0511cb3c9c9d887e17d351a30f7fb9f	24
taxon_439ef1a950eff0250c51c531b357556ac3a42ccdf72e7da2083986225cc3f2d5	24
taxon_4888b8ccedc3c31360129a5e4431d1deb42fa90a672a67ae05c9148ae178fd8f	24
taxon_48d7010a82a5252e2a4dd16a1e7e83d4c32a103f19be1ce84656a0c9483b8510	24
taxon_494665973c5556486ba9b016075333f6f02e794ecca28c6be3d1183c5eee8f3c	24
taxon_4999aedd83e944521bdb3db404a8fc7604fa7da9d1872f8a3bdd87e5cddb4d7d	24
taxon_4e3676cf0204d128807feb71bdb0a476c00a40e9d80d3a47df147ee1876063aa	24
taxon_5085bfa64d7f1741832ad680e8cd8b3feb3f3c59f48e23c5f45b92a4d408f653	24
taxon_52547df5a7930cb5a838e5c3d29515f0d61eccc354cdd04dffd33423ee81a701	24
taxon_5289b2fbeba5eefb3eba5bd21f342abff287cb50fd8778341793fde8bcc1cec2	24
taxon_5354a2e76bc7d5f5394e028937a9168fa88f616d72c33523b5b64e888af01638	24
taxon_552da8ada36998f504e45cbaab13dd4e3121393af7cb2403405d3d11daed125f	24
taxon_565a7ec04b218d5b629adaec41893322d4decb0cc07020e60d045f54c5a201c3	24
taxon_587cde88491cbbd5bfa65a1fc7e0e6460d7e266c3ac1c42de5b29bbb223b6327	24
taxon_5ead3da6dd8ebef1dd305affc6d127b345414b3d4871f853cce57646aa915d46	24
taxon_5ee08237275017fd318900700a428233c3c5e36c65941f87d2b71840367df73c	24
taxon_5f9f350c46a8cb9b66e9686ac1c9940d64fcdaaa0111d7fe8430a03916f033c1	24
taxon_629de04ca6945da41e7f7e3d610b7c1948c386f82770288de7bd4a87992185fb	24
taxon_64f1be329a0ebe0214bb2aca3f53e00231c58a1b38c5f207cf3390c800222539	24
taxon_64f691fd5b39a89751840af0dc9256e5d904d4a122389620f9e984d728ffc3a9	24
taxon_688cb8b77a2d44bb9a75794408fcc39cfd97f5958405d270f670e4b54acd634e	24
taxon_6a05b0158431072a41d2a8328c665cf8b99ea6bb620f03149d21729a0e2f40ed	24
taxon_6c0ea6f070fd3a2d226d75e85a6ad901c3aac5a4779a948caf02e8f42a9c323c	24
taxon_6e80f1bd3cd74282d85a5fd7ef1baffc582659f2991ef577ebe260acd232ee68	24
taxon_70b73fa2597d05509622eac1ccef9e6dea8b6744a17655f6b71134db7e1b74f5	24
taxon_73afa884d5076f630a8ad89c9970fb231d72445b54907919fa86b9675774fb15	24
taxon_73f7cc1748381488094520a86f1e68f2a1b4851f792abeac5d33ca48c953e82f	24
taxon_75ded107338927c84862d36d77a6480fed65448130b37725ae2aa129379c7dbe	24
taxon_772ad3cc9fcfed1caf20870b7a921225908594b8206df5a70f711b11c22bf5d1	24
taxon_7827011e8c5353c743df14723e0da0e453bcab3e36e37c42fa939550457c16ba	24
taxon_79c144d246869cbe9e3b48c1875c6cbfe41810f4d0a009efba47ec2119c851e3	24
taxon_7a6b0389e5f106fcfe37daa289b5204bd7097769ce0c63177f2bddc6dbd47d17	24
taxon_7ec7d614416b8999e77ef01f1366376250099dd1811011e5b0ceef2d9c5fe438	24
taxon_7f20fcb6c91e9b63c7926ca6dcc5f54021405f5cfdf7e2e414813de17a78e6f4	24
taxon_8361921ea2a5f60c30da1e1048c1b8dd4f81592b3d5fcff20740c4fe2d12e087	24
taxon_865e4517f178f4cbdc8263799cfbeff599831e5ab4ff9c7105caa6ad509390a5	24
taxon_865f862b32fa19880c65db2c8d48ec49f65544a0c109df17a313d04a16809390	24
taxon_86df19ebca1f462320bfbae3287d749aaa8434490be6ffc6dd188e8543159f06	24
taxon_88437df650167ccc8cb352eb3c54b1d0fc3ec7e9c215d41c5bd8fc2d798518ad	24
taxon_88bd6027ba33fd8cc599e92847e475e74b2fb660ba2ccd24c200128cc8bdc943	24
taxon_89be74d560d3bca64394c4f8c6da7cc61fbd75a0dce55c3597297e2c01df4e11	24
taxon_8ca3ff8d580072c1a52e775464840586a7afa8632f76e27e087a1f6486b8124b	24
taxon_91edceb1aebcd243aeeb77b7ce088c856cea3108ecdd440751452c6b02bde405	24
taxon_9466a479924de3195c565d3a195c3166b2c46e0c449389769ac0c715cc6f3dc0	24
taxon_979e2bef4885c215f763a34918e12fd8dbe41440d78e9303c83fe09383fc285f	24
taxon_980dd8a7aea1750be6bc4469a13feb96d30b93380496a133172c7f8b49361c4d	24
taxon_98c352e0c6d59997a0dee930caf6a4039eca90a1724fb386943deda64af63796	24
taxon_9c2fc766c442b68493e8ffed55e3f1b958b8807172a4bfe0d2b0a2ad76b25b64	24
taxon_9c30b4c5f3ca95fb9cb24c4714c394ecde0125d01bd7ce02945b62d4b804d0b1	24
taxon_9cf65b2cbf7d494fbb3f76016be47982a2064c4c99fa060f413ac00cb71652f2	24
taxon_9feaa41e026a1a9f469baff86434eaca741f3ccb9399a15a5f97a3f9f1a47589	24
taxon_a019fceaae7049a0df885b0c49b986da5b95981c1d763653b47428fde0e7d70e	24
taxon_a3fc482e95b39a85cfe77791fc0236334c0dd65c9b44e5fbcf60e65dc3de96df	24
taxon_a56ee71a7521ff965be04b381d49d87000e052ef38e16fb58e4f59e4aa4190c1	24
taxon_a619631203260b0872e920f9a77c9897b2f5242d7765bdfd4a2d01943a501c49	24
taxon_a63f400789b9fd498c93bf084151042d0a88a07a8d5e728aa15fbadfe926c420	24
taxon_a69d87bd2bb3f65d290a4d61e14c51c00f9071a0f258ea8e4cc44b171ff7922f	24
taxon_a91a18140e385285ab8d3cae505f03dcfa01de5a3222efcbcb5a6294837b1ef3	24
taxon_ab44be9611911fa5f23ffa31d627b59c1868e38bd7ba6ecda75d55ce56f557bc	24
taxon_ace88f56ccfa195814a76453fdd3da98abacf206f76515b443cd15c3f75f05a4	24
taxon_b045561df516ffbd04632e8aa239ab6b481b9715f80e4a8b92ca69707193e9b0	24
taxon_b12e336199968bba60e95b1e61217824f2bb0af74b31e6ba2fdfc605b04b0157	24
taxon_b13efe44d9c214e16205217531b8acd199481039a84b986b4585fa02a1b44817	24
taxon_b7eb36362788a9e4c0fa7071081827b1ef590f5f30ce0deea7a3d6f07bb0c98f	24
taxon_ba758b3ca82b000b0009f387595450b1c94256121a3543abcb7cb49c352a834b	24
taxon_bf4ba8e6e496edbae1fe8ff60ec70c29ff31c71cac52b9e816d6c8cbe314d094	24
taxon_bfe383a39be3bd2622db9440c592c65088aef91ae7ee31bd59a92f1b88f61ed1	24
taxon_c5ad0bcc85113b177aee7e4ec6c21755b79c9f6c40804429956e003ad7fdb55f	24
taxon_c78384fc0cd512671c4f1c6904792ca29e65f09f1b42412d7f77d9fcae960cc2	24
taxon_c9077b2a1a1de7ce224314ae6224706652cb8f8eaab83de84536740d0fd04338	24
taxon_c95771a2e8d2b02a16576a20565a489daa8cf6af13676de91712c8430945f574	24
taxon_cb1bea0c8f179531291be922055c5a5f36c7a736da04c9d0ef6b029a6444ec6a	24
taxon_cb277c80d2503a4ae6685d9ad42b1550f004e26c3152af4ee7b1efe41cc18368	24
taxon_cb393d2f952373d05559229f1332b99edbceb0491fdba340b2356098e0f6bbb9	24
taxon_d1308db786dd0deb12d266eeb307d159976b1a68df6bb427cc7338fbb480b14a	24
taxon_d159ee462a60ce834392f620bbcc6fcbc7852c64e7facf8e87884b9b7085eef7	24
taxon_d19a69d5c23e80bb8eeb591b4feef03fbfec81b010adf8484718351e7ddd4797	24
taxon_d76cdd33844fbfc84879adb55a172585cdbde3e7345abca8772ba3cb2bd85bd7	24
taxon_d883b9ef17a584c0573a8ff37dca0d4cf309a8003a5a2b97fbb1fe80261e8d6c	24
taxon_dc2556fb25266fc2c315bf862faf3ef1553bc9fe7ad37807a3ffe3925d7c88d1	24
taxon_df2710e27892111be1c75197cdbea626ab3cc52d957220ffda6ec8fa4253265d	24
taxon_e431775a1941c065d86c73de491952fade2718ce8c0f1cd7bf1e6c2471618530	24
taxon_e5e608a712a16c8f05e4de263bfb7b9b8d7144f8f266c164b731bfdbd7afac01	24
taxon_ea985c63dd194aad0a72ce7fb0af7429937173c7840e7f54137054cd03ea6338	24
taxon_ec9545962f73234061fd953d0f1e3b75763fc3a28d77ee3b1e86503fffb03ddc	24
taxon_ef6db34ce61dc3ed92029aefca75f14bc6ecab9969803b9d708da00b570b27f3	24
taxon_efc35dd8f697e83afe68295eab32ca7121a41a03b1106f4934e205ed2aff80c9	24
taxon_f0a7ae3cf58409e9d216a550dc17ae94195e0c87368d922b9ad94cd22cd36544	24
taxon_f1fd1516d352549e5ae89c3e4dfeffff41932df8643f02aa91d527c5a121ee8a	24
taxon_f506c0bafe47fbf66e256312217fde945b36eca30ea807a30d838e460300836d	24
taxon_f5d0d6a8d666936c19126d1a6fea82b871f2afed9b66a02be6107ff25c72b7fb	24
taxon_f681978dc16d4940d984a6492f806eb9104f2687f10f71ccbd1016d21e73a208	24
taxon_f6bdf76461d4f9da30e45d61c58741d443213be9537038e9279b861350ff9c6c	24
taxon_f7a0760c7f783b884445c6155e20d78ff3864f320db1ff389c764b0a16062ad6	24
taxon_f89a8cebffeedaec8f9a48939623a1d3dffed6d213456786bdc79e78ab1cc1a2	24
taxon_f96f8145bb797e9238422f93c316ebb3075a216166be59dc8c1b693d4b0247b4	24
taxon_fa84ee6a441f2adca679532134f87226b1d02db2bb3586613582ccf32ecd2036	24
taxon_fbd116faedb3c856a1baa8215c53282b4d713ac0000f0ca5d6970f4bd6950c13	24
taxon_fda3f9933ea2eedbfe419ac4c0bba00bd1ed6b94945a17ee2c1c71a53f020611	24
taxon_01dff6119ea426b8a641d6415ca87de51e5f5b78eb0870785167d514853feaae	23
taxon_028dcb5290134f53330ac16e0298888329e7114371ee9157c3626b7af5fccd2e	23
taxon_04b3224167f2a89581dbd7c4fe1b643ec70e7ffee75145a97fb829e373b1ec91	23
taxon_069c1e2604a696c52030ab194b86b9af176c9d6cfe73311318dd074a85bf49fa	23
taxon_08e74d42e9f139023debf049d6a6e545b1f328aecd5496d070e519ce2bbf19db	23
taxon_0b23e1432acc90bbd236f2bfadeda69f7d3a74b6b48e38a6bd6bdaa46d5e0410	23
taxon_0bfa164398450175ae76b13580f4161e5407a16513a82efdacf6214d1f1f218d	23
taxon_0c57f3cee28994bb1479cb868463d29e45ea3165cf10f4ac3bccd53ab1f2da2c	23
taxon_0ed208de7cacfdaa710e4f5e69fc9a7b36091ffaa1ac425889a858aebe3dbea3	23
taxon_0f80099859b964d0568872bacdb530de264f59af21ec8224f5b932ec34a349af	23
taxon_11fdd6cc1712129cc77937447d19ea2c2bab28fe409af6d8e9d429fc23c8ac53	23
taxon_1471ee0c0bb333dfb28929939d8b4948e634dc6f1978e2eaabcb0a14453d16cd	23
taxon_14edd088409c79eb97d272bb050d036d9c2df3c1b49bea6e87bb07b64a6c473e	23
taxon_14f35f9f9c3b9ed1fe45a7078e727f2440412ed8d1afd2cf05b320731f2b7760	23
taxon_16a67fc2e9b941808764e74158000b1897a89ac239ef19d71202c796fe7fd3eb	23
taxon_183a338c3baae26493be8eea31bdeb3c49f2af4bb0713436d851fc07e64265bd	23
taxon_1917ea0d1653fbd6859854b93eb6d9d2c4f56f064b2d6d1016d30605177d3d6d	23
taxon_1b6927fadbc53681f241c9fb0f96a4de248621079160b3500db0a7bc927efb3b	23
taxon_1cff37fe2f79e45e20ee43e43712b5a7dd2fabbe30deaa6650c6dccb00a048e1	23
taxon_1f3be21fc699389a4a3c2b36e3510d933d6ed6ae117a12e0dee5e850426dbedd	23
taxon_1f77bd90c5380794b4f25f5a1ed4feb89ecdaebd27770b22be04683e5345798d	23
taxon_223331d0e883a89a1608ceb69ee0f6cb8f464ee33b7dadb1db6fb8edd321cccf	23
taxon_237e62f52be480131ba00a990084f505ec896e8fef26578cfd64995974b4ebd4	23
taxon_23d8099c670be890a28ee2c772e379951dce7a6b1708f23d9ab4b9dadb36e24d	23
taxon_24c823538ac64c1d5abd8aa28fb6f4ef56b6815d6133a2fa9a9ff4e1a72076ac	23
taxon_26861fc27d41012b7663a814af7fcdbc6a2bf335b39cbca776787a302a3d9efe	23
taxon_27ca044834d60b10711443833a48b59dd8d26ab3b6cc15b98185c55600ff0c7d	23
taxon_2818ba3a51356bdbb57c6b3b77b2d2bb9c07dec8f6ffabe88f88be9108af1648	23
taxon_286f186ed03e37c0815d3d99333f5354f4375b00d6dd2156377e1bf17c27e8fe	23
taxon_29ba04fef6d0311ceef41d3290a2295dbffb500fa8e619cb012c807527f567ee	23
taxon_31d5bff0073b19cebd6512b7082ac7a7234c775414de41a230758521ec44480a	23
taxon_3665ac59dd84f7d8cf217ad0206db3107c88fd89b982546de45cbc8ee862fd25	23
taxon_398736e5dfa9350968ba664da9a0875a561079c380490a453507dd2c79fcbc51	23
taxon_39e2c1500f2cbc3f0d7165f982c0a42895f024a6effa7465a085483de58e6867	23
taxon_3d56c1d9567121dbcc04f08dd306fd6ae0a6917de153fc0d328203773ea93631	23
taxon_3df4df5c387cb661a5289ade89e46e53922a3525b97e1cf7eca5cd244a8fa3f2	23
taxon_3e21468cb0d1a25646391d2e154b4aa2f753a593be14489759a83ff00289f5a9	23
taxon_3f4a2fb1ac26c30f89002d6e0e9a986fa94e9a04aac50a052d5686c0035cfb25	23
taxon_41d92a48e3ac36f74d422def59dbf756409add7b4f9eb193c4652fc007366cc2	23
taxon_46e5d71a97a3b66d780fa918cd3ced1348fb5c6af21ceab1f28aa7883a886e79	23
taxon_490159c8c8e4a284db323d3e9f641dfe9c23279b0c7edb2e8e19d57e5199313a	23
taxon_4b6324274ce4347e709a1ff812f42bd8ac47d02824db980b1b6261e6497b792b	23
taxon_4cb3f3d50cab5af382f519f1564729f36abb0b22db8122ab766e4d9a22eb80e4	23
taxon_51351b1d2f8cf4c57fce27d085a60c13f561d2858877b1af68743f19ac5e0cda	23
taxon_5139a96c45d94e1b4e0a89123647074844e50346fbaade082c9a01e928de9f06	23
taxon_522f58db8eedee3451dd301e70a3fb5da457a07494b92bb12b0c407834c4804f	23
taxon_55487b72e30be9d1841908f52fc05518f3a1d2e5b077401143916d9b3cd009f3	23
taxon_5573b481776ffd07270091a2f31780a684cc005361a743f26bccc4236c3d8312	23
taxon_598bd48822923c9d463d9bcbc41aeebc92015cc45a08d747be1606da2bafbef9	23
taxon_5ab01e3cfa310ba36e70fd3e0a0886173748c231e3cf2c1419b43a59542cc674	23
taxon_5da6e081e6a5532ba1dbb1e9155479961c54909b63d0c378c021ccb0eb3b85c9	23
taxon_607fee997e8b9abb44fa58772f3a747ec2e0f4c0ef3f3b6d87a57b72e8a21fcb	23
taxon_6157bf3d0c9f7ccbc4174f82fccfd15f76b0a6b5c5ebc4b2a2f06944a7750e6f	23
taxon_61694fadfdb33b0616dbac1191bc15429034b881d827e6bffaa4e63fadb4965f	23
taxon_62e895c68f5f6d2928569243ed470af6506616799c73fcfd4306e86491eaaf88	23
taxon_638d766c679bcbf874a4ba6e8d328a5dd8972ff56125f179c8fa50b45e5b1ed4	23
taxon_64ab714505a1093b793ba7b7196200fd1a80eab5546194a02525af5c3ba2fcfa	23
taxon_64e9975fa11822aaab9cd009f4d1bf44d5cbecd97b54bb57d3321662c1b9ce55	23
taxon_6594223db46a3aa08c6341694133b7ec52f1bcea604cf748887de2992d030439	23
taxon_66de0eb1ab7eaa0b48198fbf3a59ac69613733251b9707ac975790a67173f366	23
taxon_67ba5c3ab3e4c1dd3aa55b76c25c6f2af42aae54ab6d64568f3268a4891b554b	23
taxon_69074cd9294b0690dedbe7e5533848ac1a7159d655c151f7191bdca51c9c863b	23
taxon_697529e32665f8522fe2a04bc73a2cdf7f3d4a29cb93175419e02a0e4172233e	23
taxon_698255077a39438460c56ec4b20237e9bc23901537bc23feed658de8154e0747	23
taxon_69f378c3e3fc471d5ad415f85fb2532a0910186f17718ee16b7d033dd39b4e27	23
taxon_6aeacc83bb6c3eb0e4c3447df61b0d8d6659a0ef556ac6188c318bd9f1410014	23
taxon_6b44b8506676f4c32b3da1dd679bed1245d5f13608f6e60a7012c91b29e3f34e	23
taxon_6b65464b52dbf9ff0b9fa43332e59d730b2f095657baa522ea9fbabf7228c7ae	23
taxon_6bf63b67893a894713d5325688c093e33f1bfd89a971317b92ca709f24576f34	23
taxon_6c8aff426e5670ecd7387a93c54e8da8b49387c9a301fda97319e78da12f8a9b	23
taxon_6ced0f0e6de53522c2054fd8316ec982d106cc661c5d45e1efd9bb01c9ce1101	23
taxon_6febf5c6abf5baabcd5f19d9c9564271c367f4041d2051323b10e4e62e7b5e1f	23
taxon_76a54443b6a617221a9fc4869b61dbc1de8cca67dcefa7bc36b7e5319c3c2d89	23
taxon_774667831470c0dfff2ba8540e8bbec8bb4772f392f04810b20188c4f59c0320	23
taxon_77c4ab4c0cac1a0cf67ab117598dd77d1da8c68ec7888c8c9da0341d47d5977c	23
taxon_7c2c8e68250f470edf2bdee18e07456b682441ef3d89d2aff7ec43d95020d588	23
taxon_82e7181d9a6ee76cbd4d35534e8f84ca6f8a24f29e96e155906fb1a3b54038b0	23
taxon_82f3be3d276776fa643ddc52d96cee1c6423dc40e9895e639f66ab861e44ec1f	23
taxon_830896733dc849feb3d483e9bf70ef4ccd9f4c19c84218b9e0d202d91a26c858	23
taxon_838d7ac321bf1b7ba75e9eb5fcb5baece4317d1ed7f14ca9859e9dd49d7e2861	23
taxon_8562cdd50ddb972ee884047ad856e2925b4ac33faecb340e40c948a250171f10	23
taxon_873386230061a9424998dbd5be2bc5f9bd33ddd6ab78d6bb6246af0cc57862c4	23
taxon_8770bfe4db68df7539bf106d8177f3b032025725ce4c78a234a584498d93f7db	23
taxon_89515f945be7146a4d2bb33dc515ad24e3cf2ecd2f8242d5041cf4d3cba62921	23
taxon_89b7d03e6ada9b3f61e1037d98e1fe936cc6aee8a3299c92f203b3a88bbe6e27	23
taxon_89f4abc6b796b5ba77992b54be0fd438ced227386fd7e4b6f2ee725cae5070e9	23
taxon_8ab366649d952aa2e80b71e53f6eaaf40f3a25ee31cce9c07ea3b83a32510b12	23
taxon_8ab38ceb749ea357217d0fe2439dc123e1dbd8a43c24e3bc991f6f950b191a03	23
taxon_8b81462eaa65965c85108c3dbe1b8df3a0dfb1b53dd1efa9a115c41bbd23e5df	23
taxon_8d903b36519d52965c4445fe35945989772e9150ccda2da8354fab255bbad14d	23
taxon_8fb2e701e75aae74bc7ce2a5b243a9d5eb662f4c5de4124bf1af63326fd70e36	23
taxon_9035a8fd762b031d0e5ff1fe606c3b73a358934c9cdf407a8295f2a16d26322b	23
taxon_910cd28550ff0ffdbd923efcf97c960ab87477ccb1cb7931360ac0f923623d6c	23
taxon_919ccfa632fc4d12c3caa3388fc43ea3484a218f32b7f12a8c05cf04378f7dc4	23
taxon_91e5dee96e8b5bf551c9a3d7177ecf915a2cb4783b48e88600bf5d2ff5bf8922	23
taxon_962e1b59e8a1a81a7f8de7ef661a54ab3d7b7600b7ff158d73b2fb4641580806	23
taxon_96e7664c6dffdb3164b289811fc6b3cd7833a60c5eacf61125ce2fdd583a2014	23
taxon_983e6c803bd79a4062dc2b56c7645e16371e3f81476420066b70e4544f749b4c	23
taxon_98a8cc5353ed740ff69bc6f022474b493dfcc67bc90d27adab9e8803e60cccd7	23
taxon_98b4e63ab364da0e3fdb00495426ae3ec08e3e60b6c24bf73bb20729a325ee94	23
taxon_9cb17a189217fd03c75fa1513e9d58d7748c84473865ff41d8dd97b5f4e702c3	23
taxon_9cdb4cff5d071fa30189405eefdf6e0c7600c8ef0f1fc80227037cd5ffa13e5b	23
taxon_a10626f6fd7c9d883ab9af6e0502f1c32b426b837585e942188c5e901ba38b41	23
taxon_a361e9d9013ac6be745a69543cf265d2d3ed4d8a441d7680587ab0e946ba54cc	23
taxon_a4784a7ce086ac52d4a16028096d2644f5aa463ef96c7ec12a5225c6a1b1f9f2	23
taxon_a5929c32ef2a95cfef5490cdaf91208f8d1fa486f1b42b8d4b8888b083d0c08d	23
taxon_a6f728e46e7fc78a9c71b303238341aace436c03bbbfece0f2cbf2710c3bcfc8	23
taxon_a86ac28f84152fc247393daecfccf0432a93ff2848e9b4cdb4d8e108810749f7	23
taxon_a88c509f66af7fd135c70bb0822e210f670470269f7b8a5cd86da27463101be9	23
taxon_a93eb86b4e8d8def54d07993009cfcc77095f98c210254d3314ba83027aab2e7	23
taxon_ab8709a44a12c5b40f47a7cf95ed6de72e570eb05bb7f3fad1fa8cefabe23c60	23
taxon_af2fb95b723bfc7894b97e68b0940b1cd51ff29efbd75c39c4a2c93418732acf	23
taxon_af4ab51a044e36dbefc46c20b081a04a178995e46b07cc12d7f36b8878b92883	23
taxon_b0214e56818b0f85a1e00f1dfe6c8b2f6ec22b44af29db8eafdd80f2edd5dbe0	23
taxon_b51f9625f938e20c5599d61dcd3134954adbaf39bb575d3c68f9d4e85afebcfd	23
taxon_b5f4c943a8d700c6543880dc7ae4e46a0ad1ca4bc398e808f0ff7e45cfb04dfc	23
taxon_b9dff20da3c5595862bfe6f9bdf0ffd38299e827342dd29de8daf75efe6e79c4	23
taxon_ba35273410a026459bb93e2d9e5b0b8bc858281849cc93400bdc71973e873600	23
taxon_bcf8de73887462315edfa9804a87b046e64a86cfa18585278aa95522d5f6e142	23
taxon_bf69f5bbd66841695e58cbe9c91537225ed21187b8bea6dcd331e4f9c73d0e43	23
taxon_c0e57a6e9e0e63516597618ce79ce89e69831914106650a5a114dccf6b8cffea	23
taxon_c16965f86e2ad46713bdbefbd7d99558aba0dee6ab59d54f1904cbd1dcf87587	23
taxon_c1ffffb34054dee600d959423d86d5fc7235b78b0afd0bf7dc17bd734c070ee4	23
taxon_c219a81dc84d65169fe40d364de60057627e8402f199d3c838340049b8208b39	23
taxon_c42026d328a2e65a96cff97f58d10230c2247e82eb3093d66a884733ac7f8f7c	23
taxon_c8d4e86ef63e179ba0336f7211e420f7087862daaac34bc9ed95392c08bfac93	23
taxon_c8e420b8dba52aace19aa154ab5023f7943733abad9ae150407ce49103cfbbc8	23
taxon_c91f7a2d4ed030a0d33c193c300d70e8e899f84257072f23e89561840e36ca90	23
taxon_cb5797f2c94fd4ba1a83e19ba1c40a22425a036be2ae02b253bbbf19a3a35717	23
taxon_cb5944695146c97354f7cf049165d5d81cea712a8123b3c07de5c82d186b0519	23
taxon_cf83b6a0f742842cb61dbcd8173d0f6ad31ffcc56e2da642af015f0c25477c80	23
taxon_d10c389487caa9864ece8642ce7af17a8641fbf286a7855e314485d81d5f7909	23
taxon_d25afe71dda1aeec253f61c99d245107718a19334dd585cb42f2a297b57e459d	23
taxon_d3d6a6cce649cd01a33f13a4633da686ac9e3b2c064c326b3fb399af8709518d	23
taxon_d4475ce5c1a794d623f075e34a12b2b3f7e8acbe3af5c041cb15e8e728446c42	23
taxon_d51935442f54811bfe18f97c5ef6614858b198f009c8b82264668121c1996fec	23
taxon_d54e99d32f5419684eda339320a444ca02b2bcc41b1915b45b57b5a6a129f2a5	23
taxon_d55bc502dcbf0650d4809300260b76e30246443b5c57b59bd5507fda1cc78709	23
taxon_d57ef56269c4f44cbd18098181539f996034578422752851ed7eb519652e9731	23
taxon_d6cc3ba69db94211fec1564aa366d9464556607cbf830c2a5af897db740f5281	23
taxon_d7349f3e5946659e025192fb014036901eec81c7a1107a3fbd390aecfd4ad0ef	23
taxon_d8b9b850f26e368dc490725bb55b0abf567b67281a6d50dbd796d84d3ee4f6a0	23
taxon_d9fb1efda25489b8c37b58c6f522763755ea5d20c9f7ad8c4bee691c2d23dc23	23
taxon_da30cc005a42962070a815d75760723d31e96949394df962a6b2e09b769669b4	23
taxon_dcb2335dfb2442184c561aab20eb7f62aa34fa4fc15e517a9b96a9e70cdbda03	23
taxon_dd4cddc844881b2420e69a6528d9171cd0f9952910b8c6e27d95a1a06ba20b9d	23
taxon_dd8c48ef52d54464de393c2725a5549ea1e7e0a5f35ba7515afc20782296041a	23
taxon_de0639068b2f3808a186cdd93ab22a00210b2a0959b26cb7916a4647d51903f0	23
taxon_df59ad7d6feda68581bbc638d856521c7c427550f2860dbed596faf21b706c42	23
taxon_e099d681498436a23c70807893e7c9909ee203f7ab1a0d99aa76c74520eab16a	23
taxon_e0e42ca3d15519636f3a6e8db2c0d3423c524bc227928e34ee0bda9569240d4b	23
taxon_e1a77b958105539f0eb3c92c1f84c49395c1a23dd99642f23816d6e5ee0ff4c9	23
taxon_e2085e3959cbe483c6d4aeb7865d380ae177370b4876ed23869bf78ee791a9ff	23
taxon_e3149a48af3b6256290cdb4c91f95235a317def158d3536627d127e20aedf9c4	23
taxon_e31a675cd7f6f6abb52fea14c0fbc953b14ed701a433c0c7cb56da32496e2379	23
taxon_e39d566ae38f0a693d516effdfcc7166deca7076e35051b8e2f1ed345fab3485	23
taxon_e3c7176e66c0a2d0d5c634855e039f044a2ef4f5b02278f036cc2c65a1c36baf	23
taxon_e3dd019d5fac4be2a5148e697191fc92357af6caf20db303c6ec10d45f66dc32	23
taxon_e55fbf9f58d8577fd2160cad2acea219aba434f9278455c07e36f01a673a128e	23
taxon_e977c454a074f88143d07d1c76a63e2e723d13e4858948cd99e3c3efbde81c2c	23
taxon_ea078af3bb35be105bcd2fb08acf66ca68ef4494defc2c20a1085c74745b5432	23
taxon_f02f92b102954eb55ae661378114890c59757749d519976ae3039f7f1af3cf08	23
taxon_f15b2e6ff7a83b6978c8bdf3bf7719aa8385c872dcea535c2c4b362c249833ae	23
taxon_f5246deb591b54263b2ae3115f4dfd41c7fd9955290e860994a0c0265b337852	23
taxon_f87b0059ce3964b3b8889e0b796189a563025aacd030e5aee62776fec71b33ff	23
taxon_f8f5e05b061dfcb29ce3a0e104f72af9ba9d50b2ddbf4af0216b7d7914d329d4	23
taxon_f96dcb994c325b901b16ca6de53e02c5cd41018bfd06278cbc7ebcb3035ed244	23
taxon_f9f6cfc3b49f2ec29f420d713984f78d0c46ded5cad34c6630b2aaffddc819bc	23
taxon_fa6ad55a87008de917ec2cac9ca2fd989fdf7ff8ba0f8d2dfa36fe2a6cd5dc11	23
taxon_fb37271fa70da4b39e8975b54112ccf22646980ba5fa7d02aa0e3beadf028cfd	23
taxon_fc2e4906e20c9469265404de443116c237dec411f0729535c4452cd48e171892	23
taxon_fd3768652f5ed3be3f2790a445fdd4ba22e0614413d9da8272648323a833d876	23
taxon_fe8ac732268695d88e0280a66d4817b30ca288fc9eef27301cf33c1f220dc0c1	23
taxon_ff9650b47acf728c87cd15a729c1c89b98ed9afbb54bc770a2e9013dc967f70e	23
taxon_ffbe75fadc8d543da03075c36357fa29acc20a1b3d866d893924ef4cfecea921	23
taxon_00d8fe8ed9f2a85d0e15f2530667baa7f2e5694f245558ce10367499a588684a	22
taxon_035fc9ca4e7954bfed610c9e49b247a1aeb19758e5b1df4dedfbd23f572a3b0f	22
taxon_05111a33561702b4fd4a164da214bd1bc053b57843500abc4999395faed71a45	22
taxon_05298e2942492e0f452305e206fa004bd115f83076340f9724a9382b7f3870a0	22
taxon_067ca161a4a4391f22faac7d2dfe63b3239b72e5f3025974c6dfe376ef2fbc3c	22
taxon_0740990b098b0f8e237abc747e60bce0f605d2ac64849a9bb2656ee4721e5132	22
taxon_081679edf3a5338fd34ae54f20c723f47ec8c3245c528ea9483d7ef503cc19e6	22
taxon_0cfa81019d16beff54a68ec268c639437ece0f99211d13c78c59efcc63e109aa	22
taxon_0d2300203d9d51343118d9d47b0e8a1ca9b0b0f21e039b4ff3dbad45ca56ebe1	22
taxon_0ea64970dbc893f67df09359cd8c756702e8d37f51ae081d279fdec373f0c9f0	22
taxon_126253daa5aaf208e6adcfbb105b62684589d16104541fdc8a8a181732b0e506	22
taxon_12cdfb3e3254f4df7ff4a2e14f5fcf09fe8596593ff837f01bb007f5b4e62fef	22
taxon_13b940922b7fc4d2b7c41ed5cbc301fd20430114ec97976346f625f8cb544ac6	22
taxon_177afbe6356934cf37e32e3b47f183d22b4d66fdaa551f2da0c7dd49b1d3911a	22
taxon_18b3a6108a4a04b5adb4379ccab8a7f6327d16cf4ae358c2f45bd2ccb676f8ad	22
taxon_18e0513bc3e166892f6a14c6d952ac81f64c1028904d3497cfdaa852f1bfcd0a	22
taxon_1b373e94d69ba0cadeec355236ff0c3c0e51018d6318c151b4c8bd621ecc32a9	22
taxon_1ce29bf19ddb3a83795d296777d5b5545b2f478f4b7b6e6a91440fa6324e0f15	22
taxon_1d8d4e8a4d2926843778d5479f94dbd02f354aaa0d46878f524331c6444ff6a8	22
taxon_1e0d1496019a9c26fa89e0f7092588bac7c4c6726e0379183d1a25ae784e816a	22
taxon_1f1aa12c9911d5a29e8df096b6282239d1af925d975bbb19100840f9ff897e8e	22
taxon_1f601c6dc6b7f59032242ab50e17643f26e5706c83efcec8b065fff2ede1352d	22
taxon_212f5585586d2dcdd31cf6389df6374f021028de6377fdc78695c9271a065a17	22
taxon_236cea004d5c7ae6c63267ed92106d2a86730e9666c7952c4ca87447a70c64dc	22
taxon_245e8d5e9fb1d0a374934bb31b9297aef1451bf7f4846ab49be682fbd1f381f0	22
taxon_287f8346dbd900675843933f0cd32584478c51a0506d5a27c63be06456aa9417	22
taxon_2a890a4d278e53e05050edb1a290ce0c0ea6b896ae5d93b906537d16cfcfc64d	22
taxon_2b29d678d1d8489afd43f2ca37f13c4a3679f4e953373986071eafa3d5835780	22
taxon_3084dc09cd132c25796fbb3231f43339d1dde324f265a46736352b736eb93abb	22
taxon_31883e03efea3146a630ce9f97b31ee45e737b3a0bfc2b3bd69a07c2c87f038e	22
taxon_338c6aac30a060463e16b67c9fff5aa69ca3376ef1b110933a35e1f84ca0dbf6	22
taxon_338d8602bd6d7842ec485300d7ba224e68e8a5c7a30ed2e56dde4ec07efa1a42	22
taxon_37beecf7d86de1acd3978ef38ef8d3bdd2516646610f2a2fe4aa2086f5fdf066	22
taxon_3a63ccf5c0313e8fb224472698bc3f640cb9a0166ede9507b3e159b4e44486c1	22
taxon_3c1fc0315e56534f3b21637163f7ad149f58195e67480ad93253525fd032776b	22
taxon_3d29fa953bd277d3e0a40885caee8f372f830f644c8c1ea7fba948edac82233c	22
taxon_3e00b23b5bda6164cac6f5922c5f582bbc024e94928f676ecce394b8adebe5ff	22
taxon_3e44c40245dee3b757461203998cf747918191a10ea1a8b98871746b88724926	22
taxon_3e6ea8bc8f74c22c4eca09f458f0187f019fe9bd91a35b5ce032359c045df132	22
taxon_408c8f4d42f31c159ab9ca919f5c1a37381b6238ed6c92f2144c156f4334cfc1	22
taxon_4223ec909ddba091e0a1416e0919b77d1c87a71a680158189c6b439c824f5840	22
taxon_422ca29f4892843abe842a2982dc8c37152a6134cb066182c178848c2bd92d40	22
taxon_43972fd38c2ed701e2606440e698ae0460f792707c8971b89f025f84729441e9	22
taxon_44708c3c3bea66f913b28d121620116e4cdcf0e578722d6732124ee658eeced1	22
taxon_46ed52582dcf232b970d231ebccefa66eabde2a2c98e4cf8f56814cb63bfe922	22
taxon_471b3fff99e601f6cd0430fcee969e7822a09a3b1e68145d14bba7aeea473021	22
taxon_4ad2c757a4b18e39f69ac9a8bce8e1e7a23dfa4982786400691782443a600a41	22
taxon_4c6fb84e27a2e678282fa2a553767839e8943a805e087af8d500d82bd473994d	22
taxon_4cf3feb2db715f34771f8b5411602991195efe10efa9739771bc1697b7a2615e	22
taxon_4ed1f3a6b5deef9a713d9274097de34ae06095ede82831228bcdb026c8cb162a	22
taxon_4f39b429ecbddadc6aa98bd0826a14d9bfbe4c0c0a08edf5666ffa64e1534e35	22
taxon_5006e7f99e3023fac40daf3bc3c07584fa8cba1a6c1adae955eb72ac5acf6e41	22
taxon_54748e3f0851627925017e3d9a34157b37d761f1220acffaf86e41f873db143c	22
taxon_548e10498f7d526dfb670946f4db6ab7beda4476667f5c69bd811eed99fdd7f1	22
taxon_556b5dada12508d28bd86c2bc45210b5a9ed9f9af4209d462207f1dd23b11f9f	22
taxon_5c177ce2817436116020bb0787245046e100a6f32e5c47c09dddea489e3b55e8	22
taxon_61688db950335d83324373eca38eeb9fae57e69e032b1facd3937e3c867dfbbf	22
taxon_61e8b2db8a2a2bebb37a3288be4d46cf47ad4987029a5b1d37c917f2c0906ba4	22
taxon_63741e1711bd16f29539cae11f2c848062e7878725a5fbe2ea748ad235d360b9	22
taxon_653abe1afccd083f2ef54fbcbb0dd35d541f09284aa636e04259833842d41728	22
taxon_66856af5fa50c1e35c9e9deecadebcf378da8e849b3e779d43d9612f29bd884b	22
taxon_6712372a75e51a19742cf1c9fd8acf9003b32acb36c451c52ec3552a7bc9fac4	22
taxon_695c022d2bbe251cbb1d5ad8f7bbd9c416809a084d1f77bd407513cae682cae6	22
taxon_6a83f95fd161f44a9d4b2299d2b892a01362bd620368258c7d4bab6f0b319463	22
taxon_6c787513216566aa7600d48b4a4a76eb558db6a6400dbb3873708aec3178cab5	22
taxon_6d6113ff868a05e4853c83e40b00696abda2cd700518757986e1be82f7729898	22
taxon_6e8c62d4e615c13e5c2cd42f0da1e9009a929ea39a44762bf95a551809b2ee4e	22
taxon_6fb9ebfa4ca2cbfd1637244aa01079bd63c9b19cae86e839e0524ba7dbf8b63a	22
taxon_7054d779c01b806a0f22dba52097aa39887108fe7b5196d72a30a029c2f47add	22
taxon_709949b737ea4e58b2f6147b1b6b6eb9c933fb6c945b894fde29b1ff654b987d	22
taxon_73505c5d1b36f4788fded0a92027e110ea3b5617e8eb377da91e48e11101b447	22
taxon_78763816010f0c72d8645f8e78d4eb3d136b2cca4703f531ffb3b74c52b0b317	22
taxon_7a7b65c7d1b23e8e738c366803bf3b6b9e859d47e624a2791df5beb0f6c08161	22
taxon_7c54cbdfcc19fd9c088fabce7e726958f8bef991bf6102776e989301f03072b4	22
taxon_7d71ea3f5bbe3f744f6b840734d887c39259d3c23ec53f7c6b45910f97bfd9c0	22
taxon_7eb2a5253ac6a001bf7c5532220fd3327af593aa8a25a3a73b1eb4375a108a14	22
taxon_7f1c7db489adcc938569b9368f6ba3f6832227dfef616806c1594df8c978722d	22
taxon_83a41e95a769de745056c6614fbdd31890755ed9bf39c354589570c5800a820a	22
taxon_87f285594c17260bfb2de34040b1b21382d36e8a97ca0458f3aeedefc8ad9dad	22
taxon_889497d65c062530f643573997e03fa5bb405a2744d9fb10e819d592ff3c87c6	22
taxon_8b1dbec80a21866bde27e3710452dc18d5f5206921966f0cccb10609409e0a23	22
taxon_8c2813f3a0d610254b2987342d4458d3a4e08c9a7c51e99ec1bdfcdfbe9a8674	22
taxon_8de07891b6c05da87efeffd1553ae6a37dd8ddc9ced917a478a362729d27c355	22
taxon_8ed8a70afea8b83aa97c7bf101e52977cd067219ee0f4c8f09aa0df30c21e2e5	22
taxon_8f164c9c123143aad4459c64ab9976504be9f2efa758cbf6a2f182c52192f10f	22
taxon_9280b00780e3cef8c5734157af480a310c1fc150f96631b4f87caeac67928955	22
taxon_94908908be59d3a4b2b826dc8a6763a4f208b27b73274c248aa5786c00c35126	22
taxon_94911aaed777526e908291ab77bb1743b0b43c13537721ce22c73b5954377bfb	22
taxon_9584e8aa4a0e4d07bef5fce9d451e1c1d423694b6b9cfdb040b5e5e8c179dff9	22
taxon_9658ce11cdf9746f2c0214f185224d7f4a15928a9e773bfc75be1f1ebc497a49	22
taxon_973ae38f05c9a0669a7901caf153235751f5d17e02d99bc61eb44c7403536cba	22
taxon_97dbba4016c1785c9d6dacb6f139e29701006b358cc770249303a4de444c3b3a	22
taxon_97ec84ef15c3662b1caf7f9ff51f5d817a35376f1e7c8a055ef51df3b4e99186	22
taxon_9a18b6dafe324bf875b1c2f6a708e189e3a197dfde92eff056e188f929d23e73	22
taxon_9b4ee34ed3c2ee215ca68254c5390953607404923777edebe73e80ececdce574	22
taxon_9dfc31a9aafc38fad419b4691c73241f3e94b036ece89448c7d2b30b85f4132b	22
taxon_9fb73e34aacaffa83bbcfc91b544ccc71c0f49f0039988595e48886e62ca4fdd	22
taxon_a071dfc5f9e826db44107d79869342480aaa30f9705546791392ed7f929853d8	22
taxon_a2bde3e44fc0613c238f8151708b381f880f50f46949b2c833367e4b0c31b731	22
taxon_a6049ce41ae117bfec7088534f65fc67b883dc7721ea9b1af14f9c996a5d2427	22
taxon_a6c00322348f42b445d817f072a16ea15cf4c3c7a47b5e1a10aafa4180d77c5a	22
taxon_a75cc13551a28a31621e5e3e06100c377ef4fb5461fde005f1448c7d46dc3707	22
taxon_a800676debe727d922f8175eeb9486ee2f5bbe701cb85e9995eedd7538548042	22
taxon_aa9da520f98d24d5035ba3044ee2a0a9f6b65bf6af4575c255dfdf492d527672	22
taxon_aab73491672a672c6dbf55a4fc943c778c7d48b90c5814d7721180d3df81967e	22
taxon_ae300b5a581b8ee8e0c9df239d29d6715f725f77df7e0be5d5c3b009c9d8d719	22
taxon_aeba29bfc1a070ac6b0dcb5dcbedf0f9a088c8e9402e9346edb6d33dfbe870d4	22
taxon_b06f7cb72f558a51785da964fa24159702f3688135ff4f5e73c2dc4003a427aa	22
taxon_b2263ba0f242bcb57dcd86b62951be966e5007283e53195ac66a0ffdbac4c423	22
taxon_b4a5b8317e48365630636594cf1f8c06bc49524c59ff3abd8fa975fc3d4fe0d0	22
taxon_b6ce17533d73a0f58649ffe62d1b0d7374014c4c24763e2b9113de45b2de6f8b	22
taxon_b8796fc49016e71b967b18bdd698812f409580af676acdc98d434bbfeb99d725	22
taxon_b8b97309abd0453c53c745545e51b2caccf55867ef7f737d2896bc7d735ba9a8	22
taxon_b8c36791f4d33986ce7ea41d86ffeebe2601f76dea51bccb7a810c9459bf6a6f	22
taxon_b98976cfafb78a03d14a42fb8bc705a59d1c1e08d7037fec9d51ab4f7c015405	22
taxon_ba27c246da27f54f53ac665bc2bcada9ccb6b0eb0d29ad16abfe494188111b58	22
taxon_bbd3c00e7eaa2ed6b843f3e5e2532e445a944b0a0f776cf5bf4b6ebf78b036c2	22
taxon_bd4d29e828f7219fbdb648d5c21eeb425ac9702fbbf7b1ca9181405b747ca342	22
taxon_bdb9f37d08919e0da371a262f663ae9a75246ccc8c7da0d9f98fb76cc3afb5b8	22
taxon_be0220338fe683a96ef230a96a2acb8f4751fd0c81fa3daf599563b805be1ac9	22
taxon_bfa5e1617d43e38a8760678a0f00c9cb418e4faf5b41439b8f7cbe2d1a9b440d	22
taxon_c1eff2a5b6ceb668a349fa66b34dba2e75691ab3e9b5937519e5fe3732a4e06a	22
taxon_c1f42525ca8ce8ca51e369590131f16617b8dada887c47cd8a956d909a2c9466	22
taxon_c5cb1a668ce52056e86a72ee5d9aa1bc4a981a81ecf610c4f69bb7654336e27e	22
taxon_c811d3b9063ed87ed1dc8e8da4b55acc1257751e4313510dddf6c2c34ae8ec33	22
taxon_c9af0bf222f60fa3bfa334d77bbb3308deb8e14128647284872b998829539f6e	22
taxon_cb035281fff18ca564dc1c746db8a8ad77b555c844e70c017f6e957949f03079	22
taxon_cb4aa28def2dc74d13da90b972abfa04cbb1ffec5a855108537bf18d288fe6d2	22
taxon_cc76eafed6ce873df686d9266fc7b7dcabf299b97a7c8d4e6e2d75f1dbfb2838	22
taxon_cd79c1d9615e9abe52142624771e516d8395f6a2e390c1b728744583e9aab3cd	22
taxon_cd955f5ba02d8a6f87090e44b3db7494469f2358d172704b2ab1f7f2019febdd	22
taxon_ce26c6f572ca6c8484ee7ab61b35a8668fbdcbea09c60d3edf4c3ff089256460	22
taxon_cf519611571f216ff830bb0596133a15a7e4f8645d014cb4f74b2bfe95437a91	22
taxon_d060969e72ee9e328014dc5ee88f8146d834033c85338540afa347cd4f9b6ac0	22
taxon_d396e634abced81e692c533b0a5d39b642168af62f6cc9f81f54d49631f77d60	22
taxon_d3c2ad7dcc08311990202396bc79b1017d965e97f0c1c99bba0aad2baa362270	22
taxon_d53f4096bc1816cd0a54d5451594f96edbe7b84099eed743fb184b7ce1972abf	22
taxon_d64d34ccf3ae98735d1f0e3296233f1d7bcadf43f831f1edee02c97b8c2bdb06	22
taxon_d76004bf897f0cbaa2cfb10241f9b42aa773daa6f3946aadeaa2cb252613dff8	22
taxon_d7f150151489097fe2b7e7b62dcfd42eb2ab0b2918a8f20e38c9fd0bf92d1a7b	22
taxon_d85c46be8ef3013aadbb139d3af2b20612e1b76980ef0ccb79e3d81a4c1ac508	22
taxon_d8876ce3c8ebe2cf63d666f6e6a644606a666874b81aa29f8c9768a0149996b9	22
taxon_dbbbeae097b352bca1254b563be31b39c6311a1177bd840e82ec5e09a7d9c439	22
taxon_dda50e27c96f6ebf56b5e2cdbf215ac0464280afd2ed6fe500e0429c2cccc2c0	22
taxon_de9cca25663b5ba27ea48480be786e9c4cb05bcecb96e0dcf746abab74008035	22
taxon_deaaeb804c0df0ac0d458dacb9591d783b825f9400c63cc61547ea25bb36be9a	22
taxon_dee72af88a85bfbd129b38d077c6b45d9e64a4167cd9d1bfe94ffda53f1d7261	22
taxon_df173957b58924921519d8cf0c0f36a7a32f33d5246e6fc5d0d5da84258f22e0	22
taxon_dff815fd14984a2e81f764a5387369bbdb3f73410b0bb0635b3401d3b41d2430	22
taxon_e0a255576f63a52c4e56e4b513f452cf8691a302a692c40b16909cf284cd309e	22
taxon_e2f89ae3642dc5fccee0b3bd1feba2d2ceaa58d79bcfac50b999b9f50105a44e	22
taxon_e35cc05fa8762ca33af625ae29a32d83e4e57f15600de478782fc6cde921d1dc	22
taxon_e36b27b36f44a58f2388eb88509c63d8baf496a0cc830d56ce24f5f18dc39001	22
taxon_e38a314c96d8020bb35dde5b67f7b4ffbe3bd77e5e11d56ad949f217eea4e4ee	22
taxon_e4a98b813b0726f44694ad9587a523806c533ac8c2c5df375501c35bebada437	22
taxon_e5f5cbe6995aabf42d939cf0296569ea14cb59b07d3398bb0d7ae7be142fd82f	22
taxon_e62b421dd256a4b6f1d8095ec4cb668afe8012c4566723f936afd49a83613746	22
taxon_e6d6975e20f8a49ad78f036475232517c56cef7269cfff61a269d1d2033108d7	22
taxon_e9f709256c8cb8e7849a09217c96cc805d824cab00b0b782c0bc1a021c366e99	22
taxon_eba02be725ca8d852afa4648ed63be916f5e53f56743da0cf455800c43d5349a	22
taxon_ed43339fa187c8bc86b3946f245d6f8036e5469bc8471ce0c1c68320dd8ec802	22
taxon_efeebeac895a4ebebc40e0fc9efedf9e75edfb7a785b69acdd32bb31ed2d76a8	22
taxon_f05b645b46660c816cc75da12cc59e62a454f8c1dd3dbcdd96862754e79d6966	22
taxon_f061772525f52367d6fa55104c58d9b35a91e70ac04e7c44d6176d246c5435c8	22
taxon_f11ce77019c8e723613ee39e5129327a6d301798bfe8dc27bc754842b88ab3a7	22
taxon_f28f2f67943eede3e95d4aa31cd0c3ca8dba8fadd4483a17f5440a0a176b9ff2	22
taxon_f7aee09968f3c46573555c75c681f7b98fbe445e31d84ad6d19c0457711dccf7	22
taxon_f91ac6ab1c1e1b21b0a80aca09d2fab2fac4d7b35abc3d8a0082f7d0378fba78	22
taxon_f99efffd49280bd52daf204440e308e891704f9355910bd486c98c34336b286a	22
taxon_f9c522198a7c1def7596e1c53d57304b84b0b86c33b86b491425cc5d169219ee	22
taxon_fafd090e2ece45a7de98f8f491fd4c8921e1a80ffbe73223ad224e0c8363ca8f	22
taxon_fdab26fb5aed0c4bf6168d0ea97849364875b32aa4debc062c0f5ac7ebe38145	22
taxon_ff96fbea982cf0a3358b3344ebd4a2534e15c69f07e8f397efb81f696b48e29c	22
taxon_0045d5f953d956d50b1ac5b36d852d768a764cf3bf6c337773bbfe124a837e47	21
taxon_01f38a08dd0844ea019dbdd669fd37b89ea3d2f43fc84cf01fe33301301dc617	21
taxon_02f6ac707ac77ffdc59a3f5c086f2cbf1534eaad898312b032f941c271563310	21
taxon_067a321abd49537d259539184205ab84f6e2e65a39d64379bb2e15b7c7ee3543	21
taxon_0901e9a27b5816ad29c14bf306fb17b35d3e39851c7df8318bfe765ed9da7c9d	21
taxon_09389dc87750eedb1dda22e4f9e41fa01bd5dec4f4b6a4a7c1dc4f3416240148	21
taxon_0ac0abe64f9a84cc50d34a3d8ef7b9cb1c827736a92371af2b85b4ffb55ca0e0	21
taxon_10064623c3e0c6cf474d0978d8350451e73489f25e42aa9cf1e0ce362ec281f3	21
taxon_11f9a326163cc459ea60d18a676bdc0d6f22a882e9a56b6632858c7dc6b81024	21
taxon_1425a44bb46fa47f9104bd564efefaa1f660e349526e4c54592649256455b7d1	21
taxon_1532be8cb90170786699c8b74b5ca1f5b9a1bef78865bcf4334a916152fa2f9c	21
taxon_15ac07efe551b6ba5da8a5bfb8e8f3344e217f7f6314a4b9ec04c716f1d1f5df	21
taxon_15ca376a01cfb3dcde07827128e961ea15985e1418049ce2cd7fca4c745df164	21
taxon_17677e64c3791b8b396fd3cb0fa4aab7520e32e05cb9faacd95820ee695e555f	21
taxon_18d90b19829852c276ec99e80e1ec07a24b3bb18e975c1189cd0ffba4f5235a9	21
taxon_19cc232dfd17c8d5d6fb1d9292a6004f9fab2af5056ff77fdf373d0b639a9bdd	21
taxon_1d865d2daac7a412a9b9487b6fa9d75e749b5b279f91ac103a47805b365c8473	21
taxon_1e62f901d54de69d0c30256ddfa5aec82837d8ce78d68b4e2aaeed5580e92070	21
taxon_201ff3576254d9a1f325b91661869f88002b89d93fa10609a70e7086b097ae05	21
taxon_2106c83d5137dde93cdac033b8a28c138518fd569a7fa09ecd69c38cb5ab4a3d	21
taxon_2130ee2363cdef710151969c38c6cb736179ab847c0dc4d268342835a469753b	21
taxon_21a39e3d215af794296b3124bb7e17bbaa988be2af56d6621d42b1ebc064b973	21
taxon_21ca33edfbdd76cb5d36fc12870b60c75d1ff79fac22ea42403bca93ae49be31	21
taxon_21edb4b77425cdb0aed0b100d17be3edb1b380b1e2da68907451e7df993017b4	21
taxon_2226a15182eb83e327eb77ae6d06583420239290fc204e1959b435e1a3c6e9d9	21
taxon_2397e6f2773f0fd57edb8296e571c16d2b6434bc4c9d902e172586ba349e08e2	21
taxon_266166fbb5d682c848f59e24f3e9c0a475f258952cfaa838b7ea621b02094b94	21
taxon_285594ea0650e770f414f8a92da0e1cbee51095a4f0a64cdabd91638f05d9a6f	21
taxon_28b0523aaedacc095b2333c97819790c12c71c0bebdec7ec1c1a106dd719a72c	21
taxon_2aa225da19dc5d4cfcc0b2c6232648c80c9eed0997fe84f9d3769004bf0ef0f7	21
taxon_2d1610e235f3fae167911fa494bb9d5189f49edbd53e53f767a661a71f8cf21e	21
taxon_3075f757b32c8f1a6ba4d86be9325804f8df302d83be1d8e9640fc97e30c2c97	21
taxon_30f79324a37caf9112a225bb334ce021e5aabc601f9209147d1286a5bb482aa4	21
taxon_30f9410beba2d8e365dff0f27bdc87ae1584a208badeb1e68607cbde0c95dcc0	21
taxon_313980ddb739c290511a1550d264bef519989dccc9cd9168212b53a1ce1a38f5	21
taxon_372ca1c89f93de3c6ea1f67a69a233ebc83c235f186fca448478e0171bd37e00	21
taxon_39fa79a5c386654d7abc2aaef6c8d859887b8ca82e1b80122730e829c02f5020	21
taxon_3b92f1745e79d32a8a83d01ed14de9548a208b4824846c0fa3cf723eb2e43b51	21
taxon_3ba74d8c358a6a33bcc0415d23ad8c848b28e1c4616874bd02f9868b7f3cfc75	21
taxon_3bd8149eb7612c0fb55c050261b70c0f75be1b1a87d61bf0b0cd04b8981876a8	21
taxon_3c2f0975ceaa0bd6918554bd0bdc551778b50342ba426fd10bb37acacdbe3961	21
taxon_3cf6a9b28cee597b39d1bf13c201eb941663f636014cf1629e70c875079ec337	21
taxon_3d0f6fe9681f1aa41d1bffd3ba7fdcd83c73d778370d158b03cbf4d457cbe041	21
taxon_404000d2bb20c2e7506cc6dc66d710240a05f6eddd95243ee80e8790118456ae	21
taxon_428bfaf2d168b8f0d316032f82c038697e14678ba0748a9586e89f1528b51695	21
taxon_42da040f86f177023656793be25b29c4b21a9b107b674f2521838a66d95fbb18	21
taxon_46227cc6de73f6e924b68718f4f61ffdceb82f399c664c39fbcce12297fdb674	21
taxon_474a67fd116dde83860ffb9ff5e2aa6181a0af2fc3c2070d163fa83d2f2f52ea	21
taxon_4d54d8c679e1361624c5d12d8f90596a4d225acaaf3dfb3033e63573dc76fe7c	21
taxon_4faaf75c1896d341c711263e7d3140875de51ac81d3371e5428009024d75a3d3	21
taxon_507a6f780e429dabafa3227b32ff1a5419fd1ebfd31ffc3b16e12dbc7a71fa68	21
taxon_52bdfaec028f28e1998be687a04642222aa08dcf8f78c1f1772c0a813eb96e36	21
taxon_55ac66cbd5da3e73a80f187f9dac9d438ff051ca999b36405227ad0366bfb560	21
taxon_55ea0b515fb94a4c4bb6b03fba95d7e679c799cc61e830d9127ed798d8bfaaa2	21
taxon_55f7b421b016d2664d50b6a208554442739eb644097ebc4b45441bb9af840c12	21
taxon_576321788f3c0f90f56be7dde1a4b5276f41436779a5a58926503a210b80fb46	21
taxon_5a589697138ada772ff0cdaf254160c0e94531468edc8fea0bea53e4e4645eb9	21
taxon_5c26c8e8c6ae36a0a2b2d9a42030f8c576629d409a8c4afc1d36c65448c67a0e	21
taxon_5db3e28e1dfce61b76fae2b39f0da07559dc3ca336a1ef4d4c27b24b39f7aab7	21
taxon_5e1fbcccef5ecf9d464bca109df7a13b102cdb74fbee172d14f08b2881926cf7	21
taxon_5f5e9a5b62b8ad8d9f5ef62af0e3360fa2f7f42b2b542e5ccef80e5b812f9f1f	21
taxon_61d3a36b96c3d764a378e374deaff2a2c0e129573ccd72eeab28c4b9a63868fb	21
taxon_62eb3836be33ec5d6c9d61291cb3e113739efe53914c187596c2cc71700ebccb	21
taxon_637102c9b58dcdc09efa0df8b633190265b7485a354df75284dca9828be6e4ea	21
taxon_645a410c2b17d5108ef9f3af1fa851993c17bfe2533f15f01509b3623a497c75	21
taxon_66ff7c234098ea6278ca9c4ecea7ffa32f689f9a980f1754027888041f0136dc	21
taxon_67478bde46fc212f5abeaffa09e9a89964ac7dce1276ea17fd2c1225b543df01	21
taxon_688a0c8c365514090bbc2c9418601820ad9fda3969c402b7b914b7f1d9c6934e	21
taxon_6aec8df1c6d30b36258fd7e851ace1e0522b57edae5ac9f1a9d1e21f3b79977e	21
taxon_6c7df244a071ca71068ef47531a608505c479b0e6663d1840d1f98e257643c1a	21
taxon_6e290350ae0e2f9cd13f3e7e88e8e102f202bfac1ed1636d38b38c32146a9c2d	21
taxon_6e9bf2435b9e0d977bf0c18fb06225f2f14771af73023bed085337ab2f1c8165	21
taxon_70101d632009fa44dda9c773419e7e63099e6a43d8c4c68a02fc202fe176b83d	21
taxon_7181625886cf17f662167aa07a6273b4f729c2b20f454d6275f268efd9ac8248	21
taxon_71bfc1aa1bde6561b7558393c3acfc6261b009412e5a286cd6c2bee78b523c0a	21
taxon_71cf992d20051616d1f5c05aa5888fb3623c5601a33a8cdda4768566bd790a8f	21
taxon_74871a9a2415d7b863bca6926d238ce9358128e1a529d69482c6df70177dc7e2	21
taxon_74924f9b36850a1dc0d75a7385f423f38344570e3af87939ef1a0deb1e9f253e	21
taxon_78fb0ea09eea9b63725fe4129a9f12fa187b4ca60a953ac75b9be5c581881b84	21
taxon_794687dd8de06136503411ed3780d66af59ad80ff6680c89da050c108a6d7de8	21
taxon_79556cbbdd2032e428c45c99f7b12711e90c98818133b4e2cfacef8688ca866f	21
taxon_7b12f37f4c15f7ad67e887c5939703d754f16f3477d0ac30e2179158b1fa4346	21
taxon_7b408497e819a85ccb666e36f04665a0b5eb08ea61153e1a1780b8fad20f1dcd	21
taxon_7b92237bfc1a8c0ac4cc38df76ea1b59263fed0c3026cc74dcea66d00887c520	21
taxon_7d71de8b2c15fb7e5508d98f5084c1ae5d5513c358a32dfaa7d4c1f9704661ce	21
taxon_7db9d62923dc162cc932fd187ee43657c8a84bdccdb4cbd283a8a35eeb8ffead	21
taxon_7e0d9dbd64ef658b3e3a36170d2f8322b80358702e259cd807e3ead48f1c7b27	21
taxon_7e64507b7d6c12bef90a6436b3e434768bc23599cde85ad4c5ac3b88b41428d8	21
taxon_7f8c297516a8f0b75cfeaa92666fda5d1e34a2a703fff8b05af1248d54827d37	21
taxon_7f98e11d2fcf04c89bfe646a92396ed1e711ec1aa4073dd3a849f05cfcb34e5b	21
taxon_80f36cfb78b778b29e5347ac5a2e45a511267b66c799cf6b42df45b374afef29	21
taxon_81aa4512f23b769b9fda3dae801fcc2c0fb48787c5dd985a29d06dd9622694e1	21
taxon_82acad68ca699cf52bb0509f69a2ecd085cbf4d98972077e2f746c6a759c3bc7	21
taxon_837507210812f07e28a573b16930d516e3df635c82956072d0b6d6d0a12be579	21
taxon_837e8ea53373357c6b0c1ff5b10bea30b14b86ecff6901ac6be29d7061d429f4	21
taxon_838948a92bc56a393058ec006741f25cf283c58712b98db3cd16115aad17a6c9	21
taxon_83af43c2a7af16d495ee4d231351d4cfa1a8bab603d6264024ef240ca0ea871d	21
taxon_85228dc6950f92a7c0b283c86de8a280476907f37a30312b297cbd5f89a67b13	21
taxon_8806ed2f219b37367b194965f247150b5a29a9445ee2ae3b1f4bfec26d155415	21
taxon_88310003cb8e24a39790206db3409b858c8f9c87de2cd2256aa006da5e7d2420	21
taxon_89250fdb9f83d7d1a28ecf8e10723057e5a23e4100a395cac9ccbadaa5975cc4	21
taxon_8b778a55928dc19039c0a4cd0aa0cb60e045212cb552cd77c365245465647560	21
taxon_8b8ab6622037ac8d2b06a292b7d9bc37e30adbc4098a7dfc5f7598199e160171	21
taxon_8bbfaa2753b80ff11ac2d1d5f3a2e40743899b0899edaca483205bb2ad9d3699	21
taxon_8c0bb12ff85262fc601e063a2fd62c0263f0a9e6d2238bad83c0790bb112b5e5	21
taxon_8e5b295ae751792f75a36b0ec7b16b2ce8a5f84f8e3edcd80ea223c041ce0a56	21
taxon_8ef4d75f39810f302423eb521a49fe8f17323cd6b201308dfe6bda1563b7f9f7	21
taxon_8fc73262cecd9363743db24bfecce5e0455a63a955f7ebad8247459d92017d83	21
taxon_955b5834b3b1b38ab416876e095a481e7acfbff5fdc1250cadd33b5d78a60a03	21
taxon_95f19b550486a7172966357572a21f25aa6aece43fdf2c06aa0513bb806b906c	21
taxon_967f5893b120e343e831b8dc9ded26f2489e09eb957e42f33c8be28a3a46be11	21
taxon_970aed84f7123f81b9db0274e5172a89b424d3e612853688fe8de63f1eb881e1	21
taxon_97a5d855afa45ff4d85ed3f8074f4928e65e98d378c317175814bd878ed98545	21
taxon_98944c93d87b47ee56c9d72326a7eb818f1d3159d6e00ea95ddf8242dfada638	21
taxon_999b3aeb0d821195cd5ba5d28446995b00f9fa79afe4b2bf44178518a5490db0	21
taxon_99ae8db9eeaccc04c7eed0f509eecc746e5b31ab0c70442ecacfc894bc7dda5d	21
taxon_9a79e56e14473afc694115f9eafcc52bcf9baba66581fea2c53a227fde5fd841	21
taxon_9c922425dfcf3d98ddfa62f12471c58e26e589abb5b6ba93d77b600f6a938b02	21
taxon_9e72d8a7b1fb596b5375b2dfe5744d848a6f36e0edfe77a22531b256d40dc55d	21
taxon_9ecfd3875b4285dae3b5e1be3de92187390eb93823c14afd98d2432fd19f9c28	21
taxon_a6ff89019673dc79af4f3831a381e419264a972c67dbfc0d66b303666cfe0e27	21
taxon_a7d5d7b4295352006440b978eabb3cd9d629f5382d53e81aec8e425c797cafe9	21
taxon_a8f3ef06a8ae61496e961bc3d86df5bb8ade2f9544e6663e7f8c74e2dfc736c1	21
taxon_ac89effaac2c44a51e740230151871131d3b9031421205bccd15d23009730586	21
taxon_adb7384793c405f9f91666f332695da60b69b87e46733e1aeba64ff2104c819f	21
taxon_af54bc2c6a25583ac77a938c2eeb9af10af71a418e34a0687be19a3fa01e18ce	21
taxon_b1667bdcb877db3ab876f9217e36b4d527f14e517fe277527287897bbdc7a6a9	21
taxon_b1d3488c06d65feeb9834cad8e26673682596bca23097407d1c842c989bf73fd	21
taxon_b27d4c3f14281acce362643abdfff866a39519dc5d271a8a292beae96bb43f43	21
taxon_b2d510a2b495509630ad0fbe7878612f21b603dd902d7a5e2cf1dab58421582b	21
taxon_b3175149555c2d95c87a087afde72919b80c2f3d4ec40c1cd845c5d7b49bed26	21
taxon_b7ab2751c5fdde8dc7d8776328fe388b5b3f5f2d7dc576ed83490c4258937606	21
taxon_b9a1eb8828f4ad89f32099e6dcf534c30dfb4c2ebe59bbd7471364df96e9b17b	21
taxon_b9d68f9f03c0ab2572dbabe567078758716960f5a11c54f8a077a136e8c0ecc4	21
taxon_ba02af6e9ded956ff5e479ed7eb844e97cf27c71ee6ec7e8f5e1b08af9784e2f	21
taxon_bb130e738f8dde2f2c5af72aea4e8af092dfbdc1b2cb9972d443315507e047ee	21
taxon_bb917f5059c1bbaa40e329c5fdbf533c1ad222271188c3365c4492d99603a06c	21
taxon_bbf7188de1e84d79c83eef69e1c132c144f1324f9501fd372a7b9347333161e6	21
taxon_bce4c683c00cfaa07cee076f45afdc10e8c4620949e7037462f045cf2ee40a18	21
taxon_be1131b3ba7e1d84800f8ff4c41632d461de01868e42f95466e2d3ff1b0aa8d0	21
taxon_c0b13100741fe4dfa7b4fb371f5e321cbd5b63998981d31538656e0c2c1ef5f3	21
taxon_c2f5688768e8f46c51f799f8a5ddbfe01765f32fb26e6f2060b6a09c355e1ed1	21
taxon_c3ca431cfc9fdcbe949b6b1c9bb8e9ec23199f18830b1940e7ade01b174c4475	21
taxon_c55948906ed730f3d1d70b09e8a78624c23af73f23809184cccf155bbfaf0320	21
taxon_c75f6dfd028c592b6731189bd13cabc69421b0b4be6f4bfc430e20749f9f1d68	21
taxon_c7e0698344b78748a85cadba52ef36d71362436fd434cec51f4327170ea3c472	21
taxon_c8802d1164f77c7ec58697f6b469ca32a4e0bcfd52ada679fa870f4165b8d99f	21
taxon_c89255e1ea416586dbdab9a153999385101154897e0709473bdf59bc9830b74a	21
taxon_c8cc879ee6595e10cf79a4c6be62bed0dc207518c975c3fc739e890a087fbfc2	21
taxon_c95569d7febb3a6948cb1cf5b9bb95252c09362dfe12440aa8163d1f556c6e1f	21
taxon_cbc8592652e65e61759b2200f0d816abb8e29c4ef30d9e991786238c189d7e6e	21
taxon_cce0a689673c48339eeabc9e7fd5ac60015b7d82e601d6dde0efe6113ed46ca2	21
taxon_cd92c2fd738c77136957b10b9a8431d69361ca5365d69d923771166da84bc0cf	21
taxon_ce495da0defc08db0aef10a846d39e285a628de91686a6fa204a77dc2ee7d3ed	21
taxon_cfd1645b2752144ea532eff19b47c6beb13b0dfc7ebaf56f0574b2f13459aceb	21
taxon_d05e93c6188bd6a7b0ec59f0143ecaa543252b79ca1500cd82886edc5060361a	21
taxon_d0e7258f8ae20c44ecce59e6622ee39a43654a4772b6adae21315113ef66e2a7	21
taxon_d1b0c0f607c6eb226ee96fb72e84316118016720f6c06c0fa50e512e101d098e	21
taxon_d205cf5ec291bdd83290ae8161b955e5d6ae6f3ae45981aa5c5b3cf6f582c40e	21
taxon_d2bc2895b16906b96eeb76c58d35517d1fa9ecc2b3d1a5217db0923b2b6d49bf	21
taxon_d304c6d3cbd7a48872c8a6564e34c0edd3fa4372199a3939cbbd03736ce50280	21
taxon_d875f78acae5bb11f677f68717098d991f3ba62522ba17e076b3c239d071a3a2	21
taxon_d9c221229334bf7c1d9813b6193e6bc61976662102c1088a292b2a5932728cf9	21
taxon_df9e36ae05808e6ce43ce3c3f05d3b7313dbff01ea433388536e0937bec792fc	21
taxon_e02c98d8ae33feb259520c3895e29af0a14217dfd4d5ce7570a2038a27d8fd2a	21
taxon_e2f4a4e9a3f28469511930f3607f064689ec9e306adbdd6c22263d5817192a5c	21
taxon_e583784d2236d2c406315415cc70713f3487d2ebab850d07170529648ae323d4	21
taxon_e58443ffc24dad17957879d29c1b01d34e7aac56909025bc42ddebedb1cae65e	21
taxon_e5ae33ca183dd2e81ed3f5509cacf05d3d8f7e5a0b019aa2725674d018ec052d	21
taxon_e66b7b019e4cad4a10900f79d35bf8f4011ea2fc4efc6eef72fb18a71d0278c6	21
taxon_e88d07ffb0ea8edda6d3a54b553166d9a1c13b0d45b7037372d8522a8a8f1843	21
taxon_e8c88bc010cc57cda7569e816b0d415b92ae09583f9b8fc78a4d4cd5fbe69933	21
taxon_e9cd324c5a02e19299ae1472e28e67b23b803ea907897da594b0f598c6b630d2	21
taxon_ead7363f7d571f729cb6e0f78953ef7ae7db38bedc25c6bc65d560f4eeb467e4	21
taxon_ecc83f027dc21426f1f76caf02ad357a1b50e2a170f7bfad98b0428d53607479	21
taxon_ed1c76ac087082cc63326ea89e2375f38c7170618c00e7dc400d95a575c5b892	21
taxon_ee9844d31fe163c4edee42b0c8577958897010bed2000cbf546253ddc1797a4e	21
taxon_f14246aaa461b120cbe0d5e152108dc06949df4095c2a3b1475f3afedf97d86e	21
taxon_f24e90c3cc7e4a77e700a617871640a47f81987df1c2e8c9d57d26eba0afc621	21
taxon_f262d14b3acf4c2181792354c0638088cef9af2d8978f9c09df0896f13e6c46a	21
taxon_f371c9048ff345716325f94526c6dd7f27c6f089ce2b7f86c5a8d0a99995c236	21
taxon_f443931c539e0fef043f0454b076894f745eb44cf854c6bb7f08cd93dfe957f1	21
taxon_f4b03abb91a85509e2198cf62bbea6bdc3c060aca3925a270e3fb272d1da7f56	21
taxon_f63108c7ac4984efeb6a399f07669d0ad816d3e3e9dad4a10e4c2c33af9a498a	21
taxon_f76455709a2a015fe292af9a59e8b4bcbca0a6d9ecfd1aec6db35fdf6b7f5e39	21
taxon_fa4dbea520f3cf0828c8ba102bb6a713124ce06c3fe6893b167cf0d5d3e228cf	21
taxon_fb963b4acd821802223b12e6f95c697182648fcd927fd311725195ee697efe11	21
taxon_fdbfd7b03269e83ea8bb665d654250b9bd91e70411cbd6dc83a0307a397d7c6b	21
taxon_ffc4deadfe6bc4c4b8464b1d72da1fdc8137a410a1057f6cea96b4b43c0c3fed	21
taxon_00bc72aef31b035b212997045492e834aebe1037bc637c6953d67997ae111cdf	20
taxon_0300e2cec92f9f57bf14ed05547312921282d73e78dd2649266047c0ccb8b817	20
taxon_04d696b4a73e43f4e4bcb7e4343425e461cd2c49d6b12d026c9c4490ed354a4a	20
taxon_053879e6ad9ca205af13db228ad34e4676b8e25002b04943807366255e38c382	20
taxon_056d1905fc729869405ea555b3768d52e8ea3918bec7e6d0871d959ec6065506	20
taxon_06b793eceebfadbeffc42758aa0d97a5935f2a431ebe0f79e3af4f8322a018ec	20
taxon_06ed69e66fc70e149dda2e2217f8acdb7c47e6ff267d8257e04163e47e930c94	20
taxon_07518a380b6276fe61c4a087659d22cc526d019e7818b89ba9d1ea7799392e1f	20
taxon_09f8273dce6af9a91733bbb414cf5fbcb3f1e51a2d429b1d3148dafcce601194	20
taxon_0b2c2ff36d1ebd99d48727fd451f08f45d44951c55ac1910e48bbe5190c80285	20
taxon_0cf80692e5ce88c3e6fa64abee957b27325f2f17f6185ac5075be022e404c3e4	20
taxon_0f20a9da189d8bf8305ffe52506b3529fe9b37f1861f79aa216e0af4ae5517f9	20
taxon_10407ea1abe71d8c66fa32fc656656aba639a699ac2ae6ad214a29505271c936	20
taxon_10699021c293790766ec99632fd6caba9b2a902b877d82422b89d1cefcfa6a13	20
taxon_1249e84eacf3ab26f3b175e1333c61c42144cec30736e1499771d18576162834	20
taxon_1403a57fc3113928ccb0ac9f1bad76b43f22e659a4fe1b1de95a5f947c31957d	20
taxon_1522f2d0cf3a2b631533a28e2303fec3677cebe320c8f770f903195bbd5b6969	20
taxon_1964e7608e2dfbd23f5e45f9973dbcbf601e24d8e14399b7d2e26cfb4bbd5730	20
taxon_1b288ffc7fc937cc2b0b51bd4d7f388b52f21cd71f46edc670fef274de9783ab	20
taxon_1b6e366e2306f68d1957abd08134349e64c3c773b9f0fcca751262e810119570	20
taxon_1e3f487c6bcaaf1c371f1098631647a4839b9b83457818f7a139499fc54d8315	20
taxon_1ebe0e6d7a9d29ed0cc0606b3319aad1a7ec506b0a2bdeb064ef39638b7791bc	20
taxon_20038db732fdb08c0fa1d4f0cecdfe908c72a69212837a28c3a18e978b2b9045	20
taxon_2146910828767dfa9d27718eb63af823c6a450f9658d0d21b9f7c1a6ed9ecfdf	20
taxon_219e95a7daf3269317c1f73181f47eb48ecc35d250d73ae8e4a3e0d9151ad619	20
taxon_221b204f83c1df50fea4fe0fef58315a7fd019941de56e3719a99a263755f29d	20
taxon_228a28d44c4c3f19d11decde64b5ed46238f8c38c758d7d2b57f020cb0a3f962	20
taxon_252f4e0a8cbc86659c3000c68de6e12d14f4a47274450e4dfada4afd60368af5	20
taxon_261c30a78da80becba2f81b6378f6c676ddd8af8ef35415d6333e10d7f785db5	20
taxon_26943592f932fe08bb516ac32f3c364e0d9ce41c7d5c7db59ec9690231dbde48	20
taxon_28fcf159b29cc3c988f1f1b6c8c44e8e0687ff8de57f63fb612bc7b2ff74cbed	20
taxon_29a076c8d91e594b19ab949e1782357cf23aa319c5f139e54e8ac2105602e029	20
taxon_2c3d78fc2c999a49f6643fcdf02db9611d05fbe77daf9adc79ca7d950d9664f7	20
taxon_2e3d38434bc401636538e5f35a2c5f862ccb5c3dd06213cef3981636de4dde87	20
taxon_2e60dcfe82c89d8f2b4a24b4fa00f85deaa1209551114128c2635f95da8ab445	20
taxon_2f081f290a801be7a35b33f154a93872f28e035b7df448b1d97f6b444afce049	20
taxon_2f301ad9f9f2aab6f714e0c114f787bef1a9730706c67cdc5019a319c19972ac	20
taxon_331c399f736c1a0638580c80099927aeea7b5560511cfd1cae9523051ff93498	20
taxon_35535ec31af68022dc9b454407c1aabd54e17b4f211b7aa4b344503cc990dd3e	20
taxon_372645fcbe9676c21cd3c34f713192a3affa6dce78211cebb95f0d6503a767d6	20
taxon_37d16a540390061b5b4e592c47f7978158ffa9222ca24b11e9c8411ec8b430e8	20
taxon_39540f9803a364f2c98e5cdd52771f478481bf2680b9f8aaa251c1dec6d5cd6d	20
taxon_39a93163373959626fc1611d54cc439369c9d92743aa7c10d3e766a8dc3b5f4a	20
taxon_3a2e2a753c8ab92838fb2a1b9e8dae30b19df29fdc0159819773b9f655a29b5a	20
taxon_3a5a0c0d2dab3ef30fd9c16de2d3116c0ed504f9e95f8196882466021c647194	20
taxon_3b63e4c57621daa10226a7a0cd7fd80e3c0e95df3720496e284bdcacd4be83fa	20
taxon_3d38a3be299b586091c7acd8607fe3a18fb588df936d448882ba29a4612263e5	20
taxon_3e25fc53d8c9493a51c4f72b316092e2969c2880624c2df0f9d727beb56465ee	20
taxon_40ed42e8be7b67878d4a62d62fcf28e202212a80132fa096df13c6f1100aeadb	20
taxon_41e0904ab9412e70ab76ec90fd3c8e0e854ebe97565c902b48c6954f6b3b7d0b	20
taxon_41e2aae5722bcd28ef7e4a5856e010f28a1da486c3bfe96f17abaf536237b9f8	20
taxon_426c764192c5a9933702d35fc55b2d2db4fff549abb3cd8e0381759162038b59	20
taxon_4488e1d9a33788f704e83ad5c6582db0b5bc03a7586ed7e640957de742acaab8	20
taxon_4566485455205e31f509bd943e280665333d2e2e5ca28ab70e63a2b1540ad895	20
taxon_47439c0caeaa3b9d88f3d752e819d0b57cf486ecede5d75c75150d33b2a12668	20
taxon_4868a5e700ac62bc5840d2841eadd928ad91893716f4d5f9a114bd290ce98a04	20
taxon_488475c045cb77fd328c66a4791b468eacb1b420a14025196779be174d374e45	20
taxon_4b79b3b9f9e2b5cd8f87e1bbc9ce158de4af2a30e59e6002a3d45fc4989a2ff7	20
taxon_4b80697343d65d11e31309a902e7399ced491b8cee664b57af64e54bb742664b	20
taxon_4c8ce30c0d7afe885ceec1273583b9c3fe84c7cc4edec635d7f3116ac7fc0541	20
taxon_4e944734e021dbcb12ef2192fa04cbe02a9b9afde91d276337c3adf241240a1e	20
taxon_4ebf110b338f9c8ec379c92ff6253c3f58c72441d100bed8ee043b56b82ad727	20
taxon_4f8dfac46529ac402cb76a3a0183a6f722a02cdfd8042753d4dfb231a8c78e81	20
taxon_5006b2cf606bd9068f7ee5c889c196227ed2ad6dbd8ef1025571cabdb31996ea	20
taxon_53881ae8b03bc88ec28cc8339ae1f3e54904e3b9f7897c9a80683e053b7d4ac9	20
taxon_561beb632b6452dd8c9130b530fcca553aeb96037d48fef0e98804256876cb10	20
taxon_565bfb874a7ba1907ad56488670267889a98824658a75f45a1fb9ccdbabb1877	20
taxon_56d03fd1ca8dc4357fcfccbffb730345959a62adf1fb92c08345a5d971bb15fd	20
taxon_56e1c6f97575d05971da80550fb56afa762ec8773b9e62eb026affcab1982289	20
taxon_5728991fb6e6116e612cf5fef641b750a9ebfce59538c9205b3d95cd7cba8541	20
taxon_578e900174a326e08aca46c1c86ba6b2675bb26f3a5f42f4a37483cba180cf9c	20
taxon_580ba198ba9c24d452789b3a80204299226d5a47aed18a250416d00855b68c62	20
taxon_59339f44e3a6ed7d0ec38bdd2ba4717b7ebcadca937db98a10078274fd0b9f4d	20
taxon_59835b106198763bd49b9d1349aaa86a60efd4762be083d1c685e792f4c0db3d	20
taxon_5fa4629f0c64d76b7259da274c87b6854c13096e35c4fd00cf4b7327195aec8f	20
taxon_5fa829bf650a2c308f4bef3b6bd0f5aacadfea24116daa3437254544e559ed11	20
taxon_6162a4fd55bc29a5e372335e5090a1efa9997ae3d795b15e3bf1223f1cf952b9	20
taxon_64cca02c9c5bf0d95fd6ad10b9b7b6ff3c336f5cd9428aec978f6cd479c8d8f6	20
taxon_65bedd8a14d82e4f2d182495a2f29b9940e1a9bfc1f3f10eae4c9740c5af8252	20
taxon_65d2fbf9b2e492d63044632f3572e2b2c4a63bc59359b340b50d721f068a0e2f	20
taxon_66b224f937d4bd9cd73aae5e87b9532fdbdc5c02ee2c4fc6a71f6b1dec454ede	20
taxon_675ad5e8d4b4cb9064a73792f96e1c3a6312832e6ae97e282a3b94088a79ffcb	20
taxon_6a98b09515062d1b91611cd349d2639abd4d8cf60e98e12333e76216f31ca353	20
taxon_6ed47a4096d49e49e26255838e62205a48500b44a6c72fb3865d579cbab23888	20
taxon_7027ed58e95fd06ac9ec7674816ec86296182923898144f66b3d7a5a2a106e86	20
taxon_70e0cdff1443d7b38b71c98a6a82c6b4ccf46d4ee5833b26d430dca6e6039713	20
taxon_7129508b9759bcbb619ff4e44bedbb4d8c4ce0bff670ccd1de6fd0ccaaf6aaa1	20
taxon_71f9979ae08bf508d6d21335939a87cb8da391bfef2049725f2012a62da21da0	20
taxon_72c722eb3b7d24f189794b875e161d64ea151ba59b0fad127975d48b67f91a67	20
taxon_732633ade6dbf3f5f7ff65693a2d9aacf49fb9f9fa905ccdb549cd367ae42569	20
taxon_7423e20637edf28a5f05577b517d26e7f2ea7f10ee1291be502c768370d0fb7f	20
taxon_750d7f73a463d41ee244cf0b361fa394e3d15928689147ae7a7bf6c9d6f2b379	20
taxon_75a5e8e6b498234d3b786db31725cc4ffd1cfbea0feca9e3b9f4320b574e7be3	20
taxon_760c7d895cb910778f43e6723de1f3015b6b8169d97025de269559510b60599d	20
taxon_783b96fcaf3d52865aae77140facec6d2337eb459a969a588152d79d79eb7cf2	20
taxon_7a3ec15d5ce61589cf8425a802bfd6e4d0b8260941116fc53c10f4acbb55f572	20
taxon_7d165197c4282767f2f37651dc1ab518a1b4d83453adf63526d28dad9580ab00	20
taxon_7d451ba0df3bc6a7bf04b44917d4521b2d43240a7df70b9ee945bc86798adb0b	20
taxon_7daa2b00b4e77bdd3fe0dcfb3c072dd6b631ae3a6b91b60c850882f6953fe769	20
taxon_7dfecec32e2f906b7d2550891db480ea1d2662c6f365342ca94a80ab66acd56f	20
taxon_7f0eec154adbc925516c7f41ec84bdfb9c2a1b683dab2b8958818bf40f76bc17	20
taxon_7f82acab3834abc9c63ef1eb41aead10daae7371c850f60f7c27e2d3e588909c	20
taxon_8030d2e7d290cf467a3efdf2a6ab3f2433dd85c9033634084b8902022dfa9363	20
taxon_80feed4b882a6a32c8e5949593d48876db567341d1e5cc85e48c01fb68165b3b	20
taxon_81218ea08b04ad3345153a7fe954818b8ccd34f495b164419dc8a9b9b51decd5	20
taxon_8178cfff7a86aa49a03fd8714c449e2a9c3ae2f934a3c9b66400848a69dcacf0	20
taxon_81e09a4b77ede61beb444633d9e3273981602d8629905c853809693cf6d2a782	20
taxon_82032eeacb110d55a34cf6219004d1a56d8958f044611db23bbe161924840786	20
taxon_8331fcb77150f6caffaa488fa0aa802fc3f8cdf38f30a3b0b881b4159e00300d	20
taxon_85628509ee997ddc4d502c40d37c76e25dc4cb1737e1783e191b9d376795a2cb	20
taxon_857ff92a104b64177e8b0f590ea982f056a5d1f73e50ad0d253c0bf61e98d7f2	20
taxon_877292e8b7689277d486ffc0795314d7059e0d0e85762caa5b8f23324fe61d9f	20
taxon_883c55b532605bdbc6f915da3aa76873da792ef2f7dc045543f0ef6eb2f33d95	20
taxon_8943db660e3b4d5a79fe1ba5e3ce532f45d2eed46ff366a51c38a8298c09fc1c	20
taxon_89c4ed2bf1ab786741b85fb42b638fea5fa043b8eeb93869a1475c5351c29abe	20
taxon_8b071f741527b439219af4523d84b54234c4cb53daaa3992b5a5f137773ef2a1	20
taxon_8c67859bce099a9af6c0f04043c3f396cb1f68beb56064ae63a7a6cc019b042b	20
taxon_8d0254cbb65ab89a4f0b0257b7734791e659a80946722fcb64e91c6774a84a3a	20
taxon_8f546ce0d7c9bde74848e90eced459f2ed8cc9946c31d5ffaa4a693921a530af	20
taxon_92ab89e320bc485d6de7ae4585c0763984f97a7578ee74d23884c385ebc22c59	20
taxon_92ceee6ce3406bed63c7ae60bf386c3e4283921e4661db4c8011bf50a212d6e0	20
taxon_93741e796459208b78a96d1896c21a488722e493d84938476a7d9daa0453522b	20
taxon_93c66bacd5d3fee7f95b1cb14e76cd07a04c9d351b017461babeff71e55f3010	20
taxon_94093a032fae380b7274ddfd321baca42ba1ce7c7806ca8fb6a1cfdf466f85ac	20
taxon_9479ea83453c471752683ddf298da52cea79761bffd719271638eb421ad1c10b	20
taxon_95363b18946da675cdeb384afad03609e910d415da100fdbc84cb9c003e06f0f	20
taxon_95545df91e6e805d03f7f064ea8a53612a6090cf18ec75fac3d1941a2f2f269a	20
taxon_955ea09e00f0106169af82473be8b9f3bd6d129a0fcb397631883591b676ce6e	20
taxon_97c08fbafb252d8d6202bf6ff54a7e9722e785fc5a5084c635d5ea832ce887c6	20
taxon_9a04a155af0ffe6635a0b9274631a8b6bd01dc265ad374da50148333bde31bcf	20
taxon_9a5fb0305cb5bfe71ad385310625657a8d7b6ccf406be0bbe6fb3b67dd200d0f	20
taxon_9c8c8f27c436255d2a925955aa13c1655cf92b304a4000a398c5b2b92f5410f4	20
taxon_9d82a376f62d238fa20761dc0387f1cbc93105fb9af7bc7d1ea169aa51fece0d	20
taxon_9e8e95153ae00ad5e7670418d23585592c776f1d10d4b1699ebdce372e41de2c	20
taxon_9ec0997096b1b9c0d98c78c4bf3877a388f2dcdc79e9bd2e0e4663081432624b	20
taxon_9faf269bc36ecb244bc081d5084185ac9f2f40d5710898768772a78f3a3b01d9	20
taxon_a05fb717856f496395be507e3203e3b685c53cef5c5f4d021416fc92ac7d2e9c	20
taxon_a4e4c2ed6d0369a1fea4fd1419baa3e76b07a07500b327493fcc48142ac2e59a	20
taxon_a5173c47e8057bcec810074d4b3a806afbfe5b9557895a0a350d9a2c5af244f2	20
taxon_a6b6c840e24bf83461b84263d5655a1cb694a31d49d9d1ff1aeee3236f19f82a	20
taxon_a78851fcc4a5acf7f1f68cf71ddf30a46379fafcbcf291cf9a2b41ca6a0ae678	20
taxon_b0b25d50f7dbe4b141cee7fdc8898ac0063c10bafb5bfb634933bb8e3fd8f9d7	20
taxon_b17f9aca647258da8c023ac316e4cca512f8a462445029bfacdbe4908c0d77aa	20
taxon_b1eb0404fd6a59bf1221352dc1cb2c17c3bc3f28d9727d0c95fa0a7f081c70d2	20
taxon_b374fd622d8bbd7bddcdaa88c0a13ad3e4180ac91d8befb04ba4c15f675eb74b	20
taxon_b3bfe0bfa30028633561bf547ade47a3a7e85966d71ca9138bcaf536d6887f89	20
taxon_b50beabf08deba6f96589e3b6b249fde12729cd7123d02cbbb46f482fc596101	20
taxon_b607bd062218702c311d6cb4170afe145f767f9d5d162eebf15d2f8a4d071400	20
taxon_b6a8ee3e43886705a761d1781487b75431befbc6a14afd24203074be9bbd8df2	20
taxon_b6e382c0b7ae8d1af1ddea2d452e2a69bf4bbb4ab768f8eb47e88d92e95d3877	20
taxon_b6fb7fb6d1c77f30aa5fe20f1cc8457edd22b198b61bc23f56edb4afbcb9e899	20
taxon_b7a2c94268aa885fbf644db94ea65e272a60ea2331b5e90b2717265471381593	20
taxon_b7b8bd32facc41f782c776b0de0e55ac84ff8728f2cfb8be90fba8c3eac6f177	20
taxon_b98a51bba287a5f68429cba74c35061ff0e6fd2458cfbb903f95abb48ea675e7	20
taxon_ba9008ac5b097ae4c87110df317cac7c0b2f15ac4d58b91c721c4917b5fd2ab8	20
taxon_bcbca6e26de10ac6892cbf5e1dec42d44a4ff4a1bea33968a0ef3cd25446532e	20
taxon_bd27539c7e2ae46c2d1a5f4f148209df979d73b9fed6a1ce4b9f5003eb2e643a	20
taxon_bd3d778f6a4752445bc4b4391e2229251738dd40452ed3aafb8da635653cbba6	20
taxon_be139a0164af12ff4dc59a8753bcc3649cb360d85b4596895bcb4120268580dc	20
taxon_bfd384a6e597acbd76b7b0d69cc88cb0263dc3e2ae050671efcdcf86f3b86b77	20
taxon_c1f6512a2b5a0882fef373db56bc2777d86939fb1580d2c21a87daa4b30dfd1d	20
taxon_c294ef943d49a0af8dfb9f24c39cfd3dfd334163e82f96c9719f1cf2ee694277	20
taxon_c2c325c3eccf7b3acdd37e693876e21a596dd657e05601db5cd5384fb4c9d07d	20
taxon_c4f3cfe782498848b4d98013b2209127423d79c36342d400a2bb012cd1f91da8	20
taxon_c56b327ad82e86e6968bcd1d2fd061206ea1e6599199d6c2cc941d15cd8899f0	20
taxon_c56eb05a34f95c0bbc9019702a6551fc4036eca8e6d408333ca05188eb91c023	20
taxon_c6154b5b1deda727db57fe56bebe5c7b1257f2ea47e68e092164dcb69d08d4c0	20
taxon_c7180e3cfb435c185bc634a9320d95e80044c73ff5cf5053f6502cb150683ea7	20
taxon_c75d73b10f4ba91167516ad298a22dee574616fab3069399d1c2bed6a8df7907	20
taxon_c8d25c2643786ec21b961e58a969993e15b36c95ccad3064afe535464d8ebca0	20
taxon_cd8c65c015008528313ef07552f3b92ee3804a10cdc5cc87b75f77ba309dd8d4	20
taxon_cdb1151157b9e1badf40bf6eabfe638d2614cd74919014151143430c31c70b89	20
taxon_cdb4d9c491c03d2e53670debab62d600838c0fb13448ad89af4a0ee0d6095014	20
taxon_ce0d733601654645a71acb3bada282b28690a36c77f4dbfd63bce1f7fec713dd	20
taxon_ceaf30e48e1c6e6c4f7f7faf044ac94a17aa907bd2c5f91314fc12a89bebbba6	20
taxon_cf1125fbf54016dce7d08cb94e2b91f1f9f29aea97d7d15b3c3437f01ca3cf1b	20
taxon_d11e02907fd09c00eeb12194f07620b1dbd0eeae72362dbe74f4620c0e5e0ec2	20
taxon_d169bb43c2a7a766f942e22d5935b210303c3c55bd2aab4a229aa099ca2a7e88	20
taxon_d29fad107a0cbffb822fca171fac2eca86644bcb8af77f42ce78356c78f3f281	20
taxon_d3f5d909f24749b9847523fdf44d396c5b0bb98fa41f78c01704a585089ec22c	20
taxon_d4478119ba194206ab243dc22410e1073242ba4e7cda562b7966200aa2b0581b	20
taxon_d49cb5270ce557ea7e38a9240fb8fd31505063ec12a0cedfc899d11e6b3c8f8e	20
taxon_d575daa39c7310415187df190cf6c451d49fe05100a892a51eb3ae296f23d36c	20
taxon_d57cf299ba8683741e71c7b79de682f33a8cd283dbeb07e2e9442c4eaae065a0	20
taxon_d75a6ace6c2e00d93bf8afded1fef3b73b8f0663719a152a4c350613a5de0003	20
taxon_d848ede7991f08517bbdf09e9c74a721769d1c86e4b732a48a2c93b18e8aabf1	20
taxon_d9035181809922738f7429744699b811d3662bb81f6d576ea15f8d4bbb9263b3	20
taxon_dbba736b39f632a00a7bb2ae1c5d0f0744b98b3437f4ca72ff3320bca028c15a	20
taxon_dc2e5a5d90e903e25c25d1915d6b1935fc31684e1fddad206414608f705c5d8d	20
taxon_de4be4eda056ad7aa54c622bcbe6f9b50f5718e001ccff0ec32c6df7fd7026bf	20
taxon_e1065e08fdf7e7a7f2886187a847f2b05f661f7ded208797ccfe84877c832982	20
taxon_e4455cc7fb6d11d1767043a74eaa367698ae15202df42f57b5f981d949fd02e6	20
taxon_e553853a295c51079897dd3437723acebf3439e116df20f6468b0e13c9ff8c1f	20
taxon_e64b007bc289b1b620b9f117e266161a186b05f26ba56e0872582e04e5dff902	20
taxon_e9f98481400601827abee8a50e74c67a10c324731d087be62c6197f72af0fda8	20
taxon_eab30fdbde1a2e3b7cfd8074daeb7d9f88bb80d2bd61dd5b8bbd24a3df2d41db	20
taxon_ecc6e34f83a592d0a1779c7ca45c06767af9fc46c9d22fd78b20905ef29458ac	20
taxon_edb8a32607052889e272d720531a7e056b922090f376af4fb5965aa7d7a9ac1a	20
taxon_f0121c5f2f38a2a0c425dd85a0c185c9369c4387c09fe5d5cab3311b4d73c95a	20
taxon_f0d44cbf7794bb05a895daa641e8340d2c4b7926336756f2584836754b2797c9	20
taxon_f1093297fa0a5f3ec7ead77d04f53d8eece86041e3777bf24f07f5f7df6fe4a0	20
taxon_f1196d5bfca7f0e140e79f2f557666d79b43071a72ac9fc01d1b53d2f4924da1	20
taxon_f384042ec79704041e87e060760bb2ad6efce6599d2875e9b85118b1ef0fc9ea	20
taxon_f6510eac8213258f25291b03741ef8d3565ab3a1351386d5b85fb79d6f1c3bf0	20
taxon_f7a859a0fe3e5c4f3341a3967636b8ff7b87b45afc33b46e8eb7098e06713dfa	20
taxon_f878ebf0f5dcb90e78811adbf17f73fe064f294f77648726aa7f3065cb5d8e49	20
taxon_f99f11233e5ae27718ea122531e72c073846a17114342f3893fe3e09e1724449	20
taxon_fe791a8dee285ae234a35b111b92cef88b6dad9661a4099bb7796bb5e7b9b748	20
taxon_0116218c022766738186b5d8559a7237004b75b7d76e978d3e46a9cee383c42a	19
taxon_02111eb8530b6a8ad92fe887b2bf79bd7aab8517681cc0a9bbc71733bf7348e4	19
taxon_025cd77103ed095811b4656af7015aea78dd2c3fb0e8235a456feca8636b6d8c	19
taxon_034b762e2fc929c781fa12330a2b563983ee1552afa9e660a5778d84cdb7f8c2	19
taxon_05263b77323401cf0e7f0f09cac7f2f3c5a0624a29fae8a1f7450d2e4ad2747b	19
taxon_0568152483db96b6b30233ec39b06974f5d6b01b4086987ace93d5d918ab3f99	19
taxon_0585b56f0e1652f4a631a075586a2d9b568223faeae160c21f738a47b794dd04	19
taxon_05e2a04322d14ce81f0acb07bd7c3c58825f23dd178b77c2e2c2bf7e61c7f8eb	19
taxon_0811e98969d55cb30087fa65216935b81a22092059181088d8a48ceb387af723	19
taxon_081e160f5c66831dabc6bf3f69f8fc9751a01fdcd25e6bee0563d61424f434fa	19
taxon_089af4c05bbdd874fef2b106c974c5aaf87ed136ce9ecf636c7e2009d54fa193	19
taxon_0a4d262c488030a467e0e6fbe9916c9b221fc4f43e4a0a04ccb6786d28d8de48	19
taxon_0ae8c64b280a21af7360f0ef63f0bc6e1083338caa7f874db00d82f98729f08b	19
taxon_0aee4d3961d18703ed24625a29819b4cfe3b4a5a4f18de1b829598809e7169be	19
taxon_0b0f6ca9f7fa7de197ddd926f37acf4db999909c7f73db59ea6ce5f678ec21aa	19
taxon_0bc1e1a931a025398c74af4b0d40d0d3fae6180191c81a2a3227231be5204dfc	19
taxon_0d8b11c93d2aa00601993e41c401ea2d65d35e963348d82b396fb6badc8c4928	19
taxon_0da01a18cc7f5fa98aeb7a677b91a53e26cd24212a534099383f794fc69393d9	19
taxon_0f49b0ad8d655ae512cbf5a52f64f59db9186c056facf802d3fb3d0f41eb0243	19
taxon_10504ec04d960cc151d5e055881d1506135871cdf3c2326b2934bd2880abe380	19
taxon_118a433a8c740cac85736703b0fc667d1533389112d46f6cb10231d3bdde23fc	19
taxon_12d4dcde8bae51ea02ed098d558343401db4d31b231f95b8d8ccaf83a91fb0e3	19
taxon_134c39d001236b6e23da01b78725fb8214131ae52159a67355d32d386ff4cb00	19
taxon_13975fcb49608701cb3d16cbf507ee6b3c00fc48a0f116a35227cb82f25dbd4a	19
taxon_13b468b3cdd7172b2460cb7115f9bb9501feeb46e8a5fc7c87e2fd5bf6f797d3	19
taxon_154940380eae98c4a4aefac2c93f3be3d81c99c8fd9b030a15be6c2cdbff5655	19
taxon_1616ad72f3bdb15ca7522142cf055a29ef3bc0111955a73a5b3c4e6285fcdcd2	19
taxon_1625bcca49ea60df3e2dc85f508b8840698e3cbdb40c623492a28e5a8e36b5fc	19
taxon_1634ad7ed8e0b943288cc1cbc2b3ca1682f0f0127415212b9612d2c8211b8262	19
taxon_170d22fcf6da64b477de2967ec82791652035261c786d61b8375849090eaaf49	19
taxon_17c4f27fb383710ca0e86cbf7ee98585197cdeecd58574dce23d029c304ff111	19
taxon_1901660bc2538dee43a82f136266bd061b6df1da0eab14cdae2fc60f9a38ec29	19
taxon_1a45d88019c08986ad43f89b4e50e83347b42a71c0f0be7e2f3446f63c772548	19
taxon_1c88531dfeee15aa461afd136fd78b2513969d86986c95a4140fe0ec9480c8a4	19
taxon_1ca3c5d4ed65322ca57905893d5d714b8298a5d6c3acf3071bdfabd04b57b5a7	19
taxon_2143d3caa9642f929419e5a557eedc00b7a964c5f0914c948f51babefcc70b07	19
taxon_22cf1f6446ceda7804af7a07a25f07e7fe326b102d1f7bc4bf4fd15d7cf18e7f	19
taxon_253206c06ae10c24d87063c8f0d0e4d0ccc247d8f5c39ce86300998ee1efda26	19
taxon_283e2c33d3f962748408169e263d79f0d51019cb80015f5d5d669e771e12f619	19
taxon_2a10170d85ebfa256050cfd67c74deff38534e28084014fde15599e884bdc2e1	19
taxon_2a3c41df1728cf11b633dc352a9c8f05b4a39dc311c664c45ddfe3afd81fbcf6	19
taxon_2b7c76887510dfd82a88375cad344b43c1d6fb2cc8eb0b8047fffaf1eb47f0db	19
taxon_2dfcaf8bcfe8f12237263ce5ec0882ebfcf3600b26ad516bb23d21ba85c94ec4	19
taxon_2ec56512d779a7edeac551975e15784625f1b7f506beb75c023e447b36d7ac75	19
taxon_2f4f368dc85e42a0225d6d84c3e28a2e9d01b682d79a238d8b8cd281709fab95	19
taxon_31126c8d7fa83c7c9a26b61a542bede24ab9abefb840c0f027553152d277fbc7	19
taxon_32d2a8e972400e14a8ef2804ee6eac675e32522168d3f07acd1161735934d42a	19
taxon_336d0822b8f19d4a0a5c8afd7fee6cdc5da399fdf7d4eb1fef9401b435119569	19
taxon_3412a620a21e9eb1b6635e1fb2c021f0dbb3259b4f3d00c4617edf998cabf308	19
taxon_36b5c5a5adab5e221046fbca2d8af66fc33b6dd6d4955b284d358aba2017d13c	19
taxon_3776dfc666ad79cf218178338e972879a04a0ae8ff5bcb77405ca68fa966d2d3	19
taxon_380e912851aee4c79df3d5991fad01ce7c368e323c30ba75e8fdfacd932a4821	19
taxon_3896ce5c4440a211c9a73820bf4aaf9390399cad558b7977d436e7bea12d2cf1	19
taxon_3a05e302a98976ba114458fb2bd380c07bdfd356afa0faa5868065f1a2cb19a1	19
taxon_3aa101703081c1e976ba044e07fb51bb712e445a9c2a86570deef9e68edbec7d	19
taxon_3b79cdb2654be6d0e4124a64a4a0144ce7bdfabcbf5780cd2f323a013c6e7e53	19
taxon_3c34ef1f639213342c00f73456cf9954c00445e1f27c58fb9907571318a77b3d	19
taxon_3d097ab60f227407f1b2d9d5800b68ced8ae4280ee240728b9a51406a36c6137	19
taxon_3d5275c4c259cb83f32b6466afc2db8e0280ee3c3fc17aac83f4fd4c799978d8	19
taxon_3e09473ed850476685907bdf89f7d648a2c007b33e640217ae41a4be7d411b7d	19
taxon_3f58d6a5945d4de8a3b4c21c95b46b5be96966eb09ccfa9f5def05dbfd9998b5	19
taxon_40731f8dbac45116577f55a978f417b27d3bce7bf3744da89104d2e8006d393a	19
taxon_4094b9b69e7613211dd207dbdc6ff320738918f003d0753319ac60b30e54dfee	19
taxon_40cfd317015513f16684bc11cfcca992c0d08f76739b8a9ef619e2aaa39abc6a	19
taxon_40e382933aecc828a8f9980f109922ade2ab5fbc195201832e3a36f19b1d55f9	19
taxon_41af2f5d1ffac1f9ad5b00e8c86f60d2ba7b6ef01f9d64142b51fa90ebc3b4a5	19
taxon_45188f9a6eba8b8ad4938ba42543596d49168a53ece077ab9289399b50287d43	19
taxon_45416ae2dac02453cad89a56b8ab3903cccc9d9d3683348b6f1c3dbca2ca5175	19
taxon_45721179125769c551570f0713981594a41c0908749a4268fb871faea0a90b5e	19
taxon_463f6cbf43ef545c9e214a2c15df4935e96750825d6ac418c6965f5be720854f	19
taxon_4702df9465861d128f8997815f6738182bf9e6f54fb4f1323943a27a18e775cc	19
taxon_47aebb10c000d018b74d5a1230840674279fb6c072ac2e9d2e12462f65719ae9	19
taxon_49d7e9c9efe14fed0012601a010ff78b80ddb8166c0f922fa1cf2511008c5426	19
taxon_4a0c8570f41165bf949021e8475f2706b6eca14361382ee764cbb75f1d0adc0b	19
taxon_4be40c0b6eae6f667bd3248671aa9f76be9032cb8ad813a4ba69ad62e259d98f	19
taxon_4cf2aa6db6134a4766a34c1b38717b7132b7bf4d4d1942aba7a00bad5d33c9f4	19
taxon_4e4f38f22b245aba42805a28e6a6850abc1c46b0b1a99f5c24feb6a23533ddeb	19
taxon_4eea5d447befd69333728e5218cb1d5fe4440a20119563adffad4a5c60394c24	19
taxon_503c2c003fc5d5689d42f0f509cc2b2c3bc8ce1970fd3b703db52e0470863a61	19
taxon_5042d3dc78cad8da8b1afeeadef7eac3abdff0e2b215e9396a18f6489d753037	19
taxon_50547cba33605457fd7234145a13e174578cdd7ef37983efbede9e13ee7c14c7	19
taxon_5088712f3310f916c00d9040914245a9e4bc92a801f5be91d9ee5a59fc0a8ece	19
taxon_52ebedec16948f6466e5b7a42b1c57a4502804760b18891f2e51d85112cd76f8	19
taxon_53a1eb17d7deed3b250bb9000b00da6cb219d152f0294cf6f3757347c911d462	19
taxon_54ef7e9c19d6d9c862706370a7c7c7df579623ca3509d875ffb1ed0eb30cd723	19
taxon_54fb6b3e8edb93a04de9f1d6b4df3e7fe032ed609ce46a6318dbefe57002bd56	19
taxon_55189242cd0cb2cad4ff825d490e35e7b1e6877974cbeecf41d219a4687df8fb	19
taxon_5569aeca44b5082a22434906bb3bc5b48261f64a3b4814ede55ac819d17e646a	19
taxon_558b7a5219d8e5c5efc7f5bc418565243d0595c871cda9274c631a4a632702df	19
taxon_55ff8768e4374682404430254d37e58ff37188f47de82301f63ea84c3715d246	19
taxon_57f97934cdf64c797d1d4f218d6ef02f167ac6a0d24332f0900b91d8f903fb40	19
taxon_58bf0567cdd8ebb10a89b73fc2a7952c134489f3280a1d5b981048e99d0fde6e	19
taxon_5b3f055fe84ba1b5678873fd70090a1b28aabbed5d035a585c87f99f3d99d38d	19
taxon_5c46ba57cd3a51b65fea6dbf576e352d6e6163fe88190385c5126e02b4aa6118	19
taxon_5d26fb5f39c347fb8c4b7a2faa82ab542923a28486f6fab3595f85575df732e4	19
taxon_5f6bbac273134e6cf5ad3ade7ffc94a1ed21184266efd66448ee5065fa69ce85	19
taxon_61244493e84a0cc71a5bdd213bbda78c4b820260968335553e83b748fe23f511	19
taxon_6266bfa679805cae5f4f2edfb6d149d7970a013ebf09fd5e575b7d1498eb0f9f	19
taxon_638af03e6b36c0899348cdf988848681c9d4b35d5bce8d59eb31cf9d0d43a057	19
taxon_65832042a68bb5078b26ea7f44f15ebae54866eca723652d429f4ee3ad5177d2	19
taxon_68606a15e6feab550bf54371d811ff216b2ec410cfb1dd03d4a1df4ae8cc0dc3	19
taxon_68b2847da4ffa42b02f2582a7e5fb9549b895b714a2cbbf5547c9850d3598572	19
taxon_68b29a74a076749ae4be4ef0d9ee71b318f0e5ac41cd72ba0382b58347831fd1	19
taxon_6aa3c06d544aa6b4874ec0daddfa70cd23ea58e36c20ba5a3507d1beb9004d2b	19
taxon_6aa986c44bca4dd9349c720b52b1489881e2a8eb8de6fd17d8701370c802bdf3	19
taxon_6ac47fd84410b88aebffd221257e74a26b1e4160d1d53f33bf3824581c807349	19
taxon_6b34a4c8d9c3f7aab4a9e65ac8a06cd904f2a410904099a41a7adad0b335341b	19
taxon_6ca7d857ef5f82c9d75a0fc26f614e6c3900c8a797a5402b19e515a3c2455717	19
taxon_6ee7f8203518c190acca53198535ab3dc7a963f81bf723cbd679078435117607	19
taxon_6fd74ad621a06d17697842fcce57eb26cf20b337e8d555f0026a6b42ad9c94c2	19
taxon_7059d7b599ddecb2ef1a1e368f28283a15d26648a27f8bfd6bfc9542f654f8c7	19
taxon_70d8a1937d2c24b2e4122f91b20415b6eb4fe088a7ef0cfa21a4e6ebe4775367	19
taxon_71bb9022a29abc42322704d5ca7c4f73a5b9cc4c5cc112bff7edd82ba5b7fd70	19
taxon_72730971bf45786fcb3a42a822ed974475cd649c7d2c9584df2a3754d1b83984	19
taxon_7280621b7d33a06baee5167e88a1f059e3938b9613b544837b141dc39e7e40b2	19
taxon_741da9520fb2cb37bb17ce8717650e850d453d3a08e93a83c9e7b73f85797936	19
taxon_75218f67a3fc28210a8c2e78f41978bce59c93b4afef3238e253668a0ec0ed48	19
taxon_7564a16fadc01ec6be665e483d20e5a1c434a0bd3abaac3cce08ca9fd4821806	19
taxon_75b1994c41f9479bb14baf79905dc963f074eaec30a7a8293592d5f92d7189af	19
taxon_75dcbbaa577081218a8b67502fd8d23a0e458005d82d37a9610d0bf7e56591ec	19
taxon_768f242dc174633955a51c73c67bc69d8f442e1187c886a440cdf8e0f7610ade	19
taxon_76dcf9319ad4475bc6cb52e154d17f3d1ba302ad7ecffb74e865bc741f9e9282	19
taxon_781c7dd6abeba42ece4fdffd66a3ea15925fc0864f80363567530618c41a34c8	19
taxon_7897451b8cbb1cda342931c82db980d0b5e6d4f45d10d5c7d42c9860502b8fd5	19
taxon_7b64ce9b2cec2798c2b43ea106e2525be5888c17a387263b30e7e30d1ad6b039	19
taxon_7d2f3ad7dc21e7595e5feec4953faa2dd04867fb6e38e341bece7842f1fbc515	19
taxon_7e35cfac1c9dafe4b311a52c2697edc5cab9c8b55ab46d46351e04ddcb8a8fbd	19
taxon_7f3ec3e0ed6d006004ca8848fd8e1220b8459644ff0467f91587e7e50776c11d	19
taxon_800d3b4f2d0c831515a916a8a4fdf4da6d180d7ecbbb6161e48b1554728a2449	19
taxon_81e12d4b33cc487a5045817ac1dd48fbc339b8092f3cd7af8df28162e6b5725e	19
taxon_839760ad3004ee4ff2e85c2a82a39858469e26c037b2d7a93091a74902d5cd15	19
taxon_848e6fe0ca1741f864abbdb2c07a0ec1dfbe7a8f8f0d93f9ab943becfe92afe4	19
taxon_84c8754c9027a24dff9bc02749b9585d797ab063c431733a5f69d4c1da499ff4	19
taxon_85086c11bc65e9f8f635177499725d056035cf7acbba1a5d2aa2817059b25b1e	19
taxon_87049872403ecc679aa763470adf0beaaac0500e83bf83c2ad45607a6b40e88a	19
taxon_8938ac910a11a7f7cc9148741d4ae5c0d1433acaef5bff411640836eecb9c7a0	19
taxon_8a23adec8ace23fdbf85d98b86699d08d8fd03d8e5ed54cc7aeb2f5cff923b65	19
taxon_8b9b4b05335cd3884c5766a25daf9f9d16e27df167350f4b46bdc946b8f8ad52	19
taxon_8c0f80db2457fe8884e1d57b2ac9b2207ecaf8c8b989ddfef2886bb4dc344613	19
taxon_8c7dacfb3afd67e9b33b2e4a67a86243a169c1b3e3fe0490b2f3e596a8bdf7fc	19
taxon_8cad6e1a517710ec75b919fbb7ece768a9bbdf377af2fff57964129bc5b83ca4	19
taxon_8e0ce0fea586fc768bf03e81a3ef6675743f03b7edc0e88979ddb62219d3e8a9	19
taxon_8e1d8cdc0539fbb8e86bc34cd098d212bd6433676d2cb1b729a2431d4e6f30bb	19
taxon_8ed42ba77f3571d5cb85e408ad0e7a888924bbd138743b1f4eda61d2e89f23df	19
taxon_8f3a11a2cdc4f0a6c3e0c4317026dc89f14ce9f55e3585e06e24801c99a9a61f	19
taxon_8fe5e4953bf3b06c56de61442391fa80ba353c06e74500fbccfed6b48a8fe4a7	19
taxon_910acfb002f383d258e8de63ba178a0f72155459ad4bdd142d1c6e00d2fee5e7	19
taxon_91286ebf98c48835a5be25f89d392b1219cfe3e93203a230729522371e7d42b9	19
taxon_94b4d9c62df6b37774d48f3f24a24ed2673e552c39143833634f76d198e7d209	19
taxon_95299b814464d3ff6b8feb8df2dca6159f9fc02b0c26fed03339e6b5f2f499b6	19
taxon_95cf49f3e8e932f65357b753824fbd4bdbcfafe6c6393631bc7e8041fa1e1a02	19
taxon_96fe101d54d3a56ba009bcec4c63ec2c9b03f9f130b32483da85d444618b9168	19
taxon_98d6401ece2d23755c3e96c6d1e20a2ba3f07afddea63618158bf17b7ab71223	19
taxon_9a31bd938d5e6d3b1ae0d21da2953ceea24beac1c375d78c9cdb32c201d2f15c	19
taxon_9cc8330f05b8a6bdb11fd1a1eb9060346692c32f18240574608fcd64923a1a79	19
taxon_9cebf155c00fdd1a8d9999dcbcde2b9efb5023693abbbe9269030ac7299c3080	19
taxon_9d10f07bb48ceef401383593944803a19d146328db83b772e8766603f84ab7da	19
taxon_9e4544a4c167fa70de88025aa90cceb2f88e5657c88a5c134e2d33ef01712c1f	19
taxon_9e4588e3bc17aec76b226b17cbfafd6459447724a144cfea011ceac07973842f	19
taxon_9e6e35846e9b613df60c1548577415fe2f3919bd2da80dc05d9e93cdfe686c00	19
taxon_9f0d57f5224a34d9f63c4cf625f8deaf8300f43e9a4270a994c1f402c05489b8	19
taxon_9f2ca4b2cede6e83ba288ec8f5ac628f658acaa140ac1481587001ed2055aaef	19
taxon_9fe03c049eb46113820c793d005b8e6cdb6618042094788e54ffe31bf0accc78	19
taxon_a0870484749e8733fbd6ca4c9a2b2974afffd978291b5e13ebc7d69d5fa15e30	19
taxon_a3ea795ddc8cf9e9be8a3fd65d4a384b818c635b346945cd5e64c73c9cefe16e	19
taxon_a63fe99067cfa32ce55f1c4b1338fbad1e6960b102833ac9094d880cd190ac58	19
taxon_a6faa1eeaeefd7a69c1b27c1c5686d792ae03fb29d3f3df0873f34934b69a57d	19
taxon_a909b19b8c201e2c158d16926f648c421ad8416253620c115cd85bfdf3aef935	19
taxon_a9b35475253193aa37a5c7dcb8a79394def07f2128ddee91d3090dc3ca6ab0e6	19
taxon_affe4293a7a56a06cd702d61e00c77369f2d39ca21c1d08986fff943bce5d214	19
taxon_b003580a076d8b6e3386c50fe1efc95435d5b0e28701fd504ff81b7ebaebeea3	19
taxon_b340337ba00b23f951fc22f5b416aa3ce95eaa6200a9b6d41f4c1fb1445108a8	19
taxon_b373330edb39f5693e5a1cec5110a1497e7bf085920965dbe9a967c7c74ea93d	19
taxon_b3ba84762d833019085f609dfdeac3a20f27c5a858099375f6c75010b224f352	19
taxon_b3e72bbe70f40d634c1d1aa23cc68cad7bb5512efaa6943995d2b22444279eb8	19
taxon_b4030b39d587d4d09b6e0505042f29ac95626905e61cfa8ce16d28d0c5a64cd3	19
taxon_b411ad24c79e7f64d99c17dfd57d140e4c0ac8d071b59f5058b10d81b10d4a35	19
taxon_b5c027bb3375a9890c1c74ba1e9cf9c7e6d0c73aeafe1eb91f9c8f5139e0e2c5	19
taxon_b7582e081652fc7bd855b966297c9273f8b43897e021f1234da0527135a2cd7c	19
taxon_b7e780d9c4ea5404afc3c53deb3ac42152f856619721d73fe2aebb84e944abdb	19
taxon_b8c3582d27a1e7e6184dd686f4e72722ad1e112023c6feb3130eae78f03f5140	19
taxon_b9ee2cdebb847cd02990b8e67e576cc35282e6beffd24c5e4ca32dbd8ba3601f	19
taxon_bbb6e3316eff60a307211d1c00f03ecaf2f68ac4dbf31cd7a062845b83e39ec1	19
taxon_bd152a68a0fb0723b83abb7a3842a0db2d8a259555b397641cb115ba9208af33	19
taxon_bd6a1a0dae02e51cb217818cde1d03db3030cd9cde41e06a73f3254d54ddc47e	19
taxon_be7d2e90102e4e42913d4c49e8b7adb19f0d86a25d0c09dc4f7dda35818b98e1	19
taxon_c00e6101ae7ea51682d8fd6f23a49123194b7d3ad76d69af13488494d310c4b3	19
taxon_c08dea4a55d2488db4673940234f94889e136c8f006b7a1618a1c9fa014792c6	19
taxon_c0a89390aeea8561f2e8f9180afb444a79f0c2b87e8ead6505ddc23c5384c326	19
taxon_c226370e51889901ece3ec9978d49263ab8c78bee152b1d899cf1f310a730deb	19
taxon_c3710b62cbccd5600bf7480eefc6c49b7d26c56ed8ba45e932f46911a140963e	19
taxon_c3cec93f2b207b664bb543ff8d41aa6f0e5d7ef0df6b91f0a30448e70d1ba663	19
taxon_c3e7d809cd2963eabe7e8ab4d51897e145afa5655259455f2c951cfc0b570ba6	19
taxon_c3f7e780b837fd57b968ebcfc253df6cadef8bef127d0ef72f692ca7dd57a4cd	19
taxon_c746e37318cd36278ebcb82d91cb4fb33ef4ebe8135a4cdbc109e467f93c6205	19
taxon_c7b5b8b768b986ee3271d119bd90cb9fb3ef222516aa38bd71b3c5419911aedd	19
taxon_c7b6613c9368432562f0f8ff9fdd5af09e4357f03bb4670714e7e1ea5c1c918a	19
taxon_c836f58a50a2c8ec839b03b18242bb571f05cf33126a38517b7ea0a26a4eee26	19
taxon_c844c17c030b67080acd792e82a31a962f1cb6389c91c8d5e63c58f3ed2d1ff9	19
taxon_c9835fa4c4fe50404e8dc963e52577f1c9a284db4be0389c44f6033a31e9224a	19
taxon_cb27c23bbd99f6c4176ba0476b39868dca27b1a7e1b7796cb630ea89a7116ff0	19
taxon_cc3bdec8151a8ed4a0c12a1333cbf8a3555cff00522fa7d6bdd17df44d7b7bb8	19
taxon_ce4359bff86f41115c8c1a034f637229bbb4556f3c1e93b22c4684f8d0fc1916	19
taxon_d09280c67fa1516af0acfe2b3fc7030d4a5cfea9997da314d7799360ab87f972	19
taxon_d0ca6abd8172d63c7a5f2a902d37ddd0331b007e7091a4edde3ca445c8b4854f	19
taxon_d183f0653b67413d5fff77190361c77c5453d2645e8c4619bee57a4d8493a888	19
taxon_d263cbe7636126ccff02049ddb4a6f77912779c3575f058b620dd6d2a12d9923	19
taxon_d2e1c6b26f23c49ce73d09d8f0d0d241a7636c932bb0b4419dd182c35acc6bad	19
taxon_d3df1e77b57c868d04421b79e8daff0ead2cc4ef704c13efd00108bac33f029b	19
taxon_d3f0a293b0e922cdab24f277f85457bfba319e1e5fd62a8086db79a4e0a8200b	19
taxon_d430f4631f4ede2e5482574a25e9c755521e4a90fdafd30a370c857cade46fb3	19
taxon_d550ee8975c6fc8546275145b50582a3344f153436cdf94ab9392865f3e0832e	19
taxon_d9def6ee035d5d604329eba794f8677da8a88aacd48980616c5a4110682d99be	19
taxon_da075b9eb872991a77479d0c25cc8ef43a27f28e2dcc0c582fd6b2487edb3f15	19
taxon_db2a0611d0a0fd370f1dcbce0014ddfb85d7482bf697345c55c6811372d7bc86	19
taxon_dceff09d697ffec3f6092f2cc166bb6bcca6aa3bee7c01adfbc4eaba2cac1214	19
taxon_dda43a7e76fab8a457ad3f4901c1666e87f6e074bac6e7614d67ad706710a1b6	19
taxon_df7b4c1fa6197b07cbb43616e1877462a9c01a58c8e42724470a73eb85a712fe	19
taxon_e2c152de68a69b83fd5547e08615f316d567e3cdad0915efa33206b6e4f64d25	19
taxon_e36c6a9168c06b994f15270ffb434e90b038be025c32a990dc880700fe305fc6	19
taxon_e52ab0e90b0dcd6d907c1e75e0257e323b8e41e06fc104c88b3d477fa161ee0a	19
taxon_e630f1a99d806ae25c7dc940c44edcfad41b4e9a8c1c12d3952106e5378d496c	19
taxon_e65a52ab091717df6b6bdd98763f6d8050e68fbdb0dccd5fa2e6b9aa93b04b37	19
taxon_e6890005ea72ec6a8ca9a76c5f1ae7d0ea9dcad7a10a3625bda106d15acdd6e6	19
taxon_eb31e0bce4535d5b29539d32140c91838c2481387382a7d11d9f11250b54832e	19
taxon_ecdbd037a669126e02b54376159ad4647dd6da9fcffae7f589d3c306681c0dad	19
taxon_ed9fd997f90a6cb00a320493a226cbd3e1e16d76e60cce7b4f65dd4dde23681a	19
taxon_edb89b3ad108b62c307735da50d309d74f3c94c84850f88433aad384e03f816f	19
taxon_eee069a5de13648aeb12eb7dcde102a9a0f4ef28308e54f21147fa7ba14e169b	19
taxon_f0305862b7156f83b1f40e42e59b2d0cec57e0c92207643f755daee39c1e7af9	19
taxon_f03141276ad94877f8460410a7cefb4bd35c47aecabc764d97e859a1f0d88f5b	19
taxon_f15d0c6084466848958123b0c1969c737bf3ea689469cba5e6dbe79a3098c74e	19
taxon_f1b92954110f4583d9956d523b465e3f31ddb8f460feba241322ff90c104c283	19
taxon_f3e4a652c00b6a1e175c87544d1870f53ef5ad5071e56e815731234e6096354d	19
taxon_f50f010873d25e671beb55c75d42c5b29d622855aaf2c5b0f3365df5b49ab3e2	19
taxon_f5a66deccf276d9ebe933cf5b0e6147b0bdb904c68f21ff257b8ff8402cc3e6b	19
taxon_f64f0669eb7041a3fd8b427559136df9f40e24b0bab9ee60239a33bda725ae7b	19
taxon_fe016f7886f628c41be1fa7582a9bfcb983a3cc83be36d1b6e3883b641995d4f	19
taxon_00ae0a038b83527e36293d02ab5ae03f73dae21f4d8e3f441e836be7e81cf7d4	18
taxon_00b13acdf78de68e78bd51ced7290b7b10bbaa746ecb36a4db7daeabc49990e2	18
taxon_00ff5c88eafc5ea1289d42c1b3269a1d0822490c7b9f511ad47f0c7a0f7c87fe	18
taxon_0169aa2b49844c627fdd5635132f96e9fb1bfbec077b8406213f9569360676b2	18
taxon_0334dcf1381b665b71f2553304827997c1ccf1af302ebc6e4f79194375fe5d7f	18
taxon_03519d3931c71f0bc39a7d342b0c54ceb66dc63301ff62b1809b7d123cc110e5	18
taxon_03f9ecb6ad6650303024eebe7f98feec239c9655bce20a363bd26334ea170c1a	18
taxon_0651d49345ce4646e1ec282f30d357bb19df3778174fb1ce983cf2ac52867e10	18
taxon_06a213a5f5a0ebe884ec62ba0c0f91b7b584104d06d8616eee27d72009134428	18
taxon_0727c5448c68429f86b0dff1dc20b5bc02c0d5ad23ce77a416de15a6f4da2f67	18
taxon_0997dd2dd5fccf13a4e4c83eafcbf999cb765f423d1d64c80d12f57dbd960abc	18
taxon_0afb7c7781e1c84f3d185e6b4188e83f5c0f264da4b6e00109bf5ff2fa19b7aa	18
taxon_0b1631be5a20ee09c87b5e4048286d69984fe8121740bd53d3aaa1a942341986	18
taxon_0bafa53ad6298c9391fa54395fc4327626b0db876fc8b47b6a1ef45498bfe75b	18
taxon_0e4f4d9675179a484a56ae2074c67dc947aa0ed386dfed54ed4cc5a06a251599	18
taxon_0e93c5434354eaaed9519f2b0ec156862392716616167968f7c702811f7a104d	18
taxon_1008b030ce032122ca768a57a60b22ad00d89fb7b37ab02be67d6ff3c6bd4d94	18
taxon_1126ca461058f33f974f59bd665cce4d1460222050e7a3904b74cd8cb91a8aee	18
taxon_1223c819ef83773a5a11cc46cd8b150bcec790a359d4bd7cc6ff55f46d3c2a3c	18
taxon_12a3f3ec52c03c4b18c40a4815317ace91afd34e7d9d31f89a1c61ff90950cdd	18
taxon_14fdcab0f395a9485dfe79d2f45ad3e9e5e0d3fd69fd1e72b5afebb4ba35de25	18
taxon_15d85519790bbd41ef0e8be901f31c06a02670c839b99ce460bf147ec2d9ed7f	18
taxon_1abab5e057251154ac4e63528f9e696bfec15a704cdc4b389254a0bad2edb08f	18
taxon_1ae0e590a38cb1f922a6160f8ac0caabb61a2cb8ca7960c20e06ec4569acb13f	18
taxon_1b5e970c0e31df9df5b9fc46cfa26713cd749611acc23d87401892eec64b1bc6	18
taxon_1e36417cd8cf91b7833e63dfc9135023b3aaa2d3739ac18428c3bbae9406b1df	18
taxon_203f06edb80dcdc1f358a504480fe9e0abd86b91115ede5271311029966e5a1f	18
taxon_2053724ea492c4e85c0d22f2a17ea576fc791489080a4178a394cd7075aeaa99	18
taxon_21ab292630681d860d6f3a73b57b58f18b8b347430ef24ca2f9992a08a214ed1	18
taxon_21b8e2c66754ed0e90c4341f795f294c560722a2a43c3a96025c8670a2a9c576	18
taxon_2539717aef95ee00a73ea3c0d841f881cc52288fda3203a414a5875dca022c5c	18
taxon_264b9dbc0ba40d9ef80fd1d567631a990e63715189cb98942c42c78b16e4d555	18
taxon_26a0839436c773b150992ebc49c9fe7d2e82e0da00e1fd6ff338de5d8becc317	18
taxon_27a73fcbfdf5b084b75b2dcea3f813612aa350a6109ce43ea5f21b4bfb071c40	18
taxon_2884a559e764ff7864cb7b7ee1a733323ec9f22240bdaab39ff5148cb8e00c67	18
taxon_2a5af45519bec673a7bf2d9f2a66184e85fe248322f24801ec77e2f5aed2ab0c	18
taxon_2abb88ae65dad19539c8fccfa31f7b0952d7a6c8a9edd10da388cfad9d33279d	18
taxon_2ad824da2d13248fbfcc9283ea2cc8651c1b95aca9ff902ad2671e0c2fca9c76	18
taxon_2c905a20588e9fe3878ad01f4da37218e296928e9062c446d777bdf088d47397	18
taxon_3130036cca33f03b3cb19593e25b745d5595d32fe4fbdf919d1f066dda90d9d9	18
taxon_32192b1606b96da186fe8d86e06ffc7efc83adfe2513ef50772790237c71b43c	18
taxon_365f9d69f1d2d084c518c32ae08c08ce4ee273eed704d8082f6ea7581153c8ee	18
taxon_36dc7b4775cb0dc343da10f26cfdbadda2a0f23d4e50222cc74ab135d12bf88d	18
taxon_377c8266a52c2bca079405aaba0cb9e9a17bc25198844002d2216f379547fefd	18
taxon_381fc25b8d09906209912f6c7729ac4c82a21833b7f497fbea24318d10d715b2	18
taxon_38e1a8baa9aefb5582e3d0180a0bd31e919d44b57ba1905d54c9373d25d99833	18
taxon_3d010c6ea0d64af78b9a05fedac4325587eece1e55963a52d1d335f7ecc470c6	18
taxon_3e0df5b4166dee36458ea358c562fc286c24522aa7e0d0c1e751bdbc6a0b68e5	18
taxon_4081e1f66c753c878946e943e73c013371dcbc3971160a9b7ae59151a4e9d742	18
taxon_41695a771db693e62c2fe61aa4fa22098913e8eecc6bd5d4705aee90a81fe0b7	18
taxon_41fca69fd2b3bcfce0e3e5dc67fe53d9bbefb527ae4a122bee608779a6fdcd96	18
taxon_4212c846c7f3b3243ee1d444827974a74c92f068968a5903da2c31a720f08c10	18
taxon_457bb19922568723922ab9c8d9cbcad75fe062f75c8e896b185c250240923e27	18
taxon_45bc94b058e2f17a1662f15a77415a217e7e4b2174a225759d7ee8aaa413fa2d	18
taxon_45ee797b7853521e3a118448d005faa00046eb6450f1bccf873baa6e02998868	18
taxon_485557b7114fae26bd576dd70bd1c4e2b63eacf3f9c0fb5c5dbafc1c1bb88c60	18
taxon_485dd5b41a895610d39bd110894fc75983b7b67148ab17c906e7ca9089ef63b5	18
taxon_48825eb4d0f1693599fa4c2e5d70b05bbb481f6a366dd459ba2f16e3075d0339	18
taxon_4a08e52d72f4bfe1ba5ab89d506e44092788275c989be3a0ae81a71256689d38	18
taxon_4a5f50fe456f8c40e2443f0ecb59295ad43344d146f102a37bd18d3db4ca417f	18
taxon_4a6fd180dae5e5828381822282365e89bab5380d1b4c13b1cb25c12ef51d3804	18
taxon_4b1adb226419a37278476ebb6a82c79f4a814377e7566fa4926f4fda8538eb7c	18
taxon_4b5a4bd7907b93e63b14409c8431fed47507166f2529507b5b555d11bd6b1a86	18
taxon_4d2176d24868e553d52c7a186c8d1fccde3dad99082e3a2ff24258600eb963f9	18
taxon_4e3bb4f7e8784ada440e4ef65c46cc2bf11287cf396bd528708bfe8a9fd97327	18
taxon_4fb1cedb8440dca99281778079017afa3d64fc76a93c186c5be4dc2a576e721e	18
taxon_4fc3125074bbeeca34fec1307b6e3db0c73aa9aa2be559483a2113297919af23	18
taxon_4fef33c32d00cbe390ae2c7ffd4fdc63df40d01c4a9a26a7e35c0deecf3ee8b4	18
taxon_51956388099bb134c4dbeda2c3c3666ce7f0098571ad593f8fdafb56f7e81b2b	18
taxon_530da89e2bfe5a8c1c16819cf793a6e408740300662442d6d51fce62ce1aa27d	18
taxon_546129dfa0d267b3b58becf6c884fe943858ae8b6a2caec0a0aa7d289cfff9d5	18
taxon_54959183001a72175f1a66322bf07528981e3c4a3daf0e98b71989b680cafe81	18
taxon_554be39252d509b5da906784e26de12be4afa8ac21d54455e6098887feff5e6c	18
taxon_567727be1a0c49c5f2bce51b0bcc4523bf8c95a189ac966f924bb109357fdb20	18
taxon_59651dc8e77730bce23fabd7b7626d663cdb6849534afc92c3300d205054ff85	18
taxon_59c121a1913fa062701d767433337592b8104b498021757178ecc18a06fc4a58	18
taxon_5a2a6ebd650ced7f4de31d5934cdaf493d5743a1abc4c42cd2729349bfe1b7e0	18
taxon_5dede3daf3d3ab8213b8e7a769fcf8ed5a6303fd5711122fc7b28e5fb7bbe834	18
taxon_5e44f19cbf0e2e6046a784534d4b1f7fee8b06a9b8b42d99f723ec8e91d8dcaf	18
taxon_61825780a05671769354c05b5a2256b6bd10178800bf1a81a69ca7a08c021b0b	18
taxon_6247cebddb563866cc459bd408dfd5b44b74e803421095ae4c19e3154cfe8946	18
taxon_628cc7399abfbc63887fe5748af5d174efcc242b410cec67a839797c58f8e85f	18
taxon_62d10844d86deae8dcd4a1630d1bd60b9e2af48f697473bd78f6de2e278f15ac	18
taxon_63897b8ca3b85d3ebac929c7ac01b6cb123e4770893d06fd16849bb188a5435e	18
taxon_64d26be49d80df2e95c5d353b793b47ca03b10b2578eed55b547f765f6446e0a	18
taxon_6863c0f3f35c1d738eb759f569b71dae867851a27c0f61b45f3c3e03ca2f83b3	18
taxon_694cc2c2722127dc5bce30fbf2252cfa45a1b82ac900151a5ff2842ccb30d237	18
taxon_695677d7a2fa082ddd89c1c128dde0670cd45bdd5bf20e6aceaee9e6b154b0d2	18
taxon_696b1b96b1aaa9e86273f40df7e51bcafc2d7a346e7b93e6174385e6486d0f18	18
taxon_6d5fcc93c356acc9642745a4a13f57eba82b3c01e90a256b4a366e204ee897b8	18
taxon_6ef697f2dca44fc189fa1912acc8fdae4b77f23e0a3f2baaed63ed9989ab6cc9	18
taxon_6f296179a0090b5579104f50316a7a6a2d09f4c99970e281e14cbfd757140aa5	18
taxon_6f8d0a197bd570c7f5f7fa64acf84fa4389446bd0669f6aadc891a590cc219bc	18
taxon_71006dd425b3b562fdcda599df45385fcc2801690e9cded3665c1988bf4b23eb	18
taxon_7110bdeb2ca79287ee51cdb1d337742b5b9662fa7ad6a2352231d0ec0c649f86	18
taxon_713e276ed7560e1e88553e5338246be5022a63d991228f635763a6d3ce32be03	18
taxon_726cff171cf8e0dbbe9dbe0a5f11dd28bf2017aa9681a6c46b1f2add58912827	18
taxon_7448258a3e7ff3c7cdc9939540bb303165ced5146660c1bd029232cf1f91be2b	18
taxon_74ba9ceb22d45a0a4170147706728251596333ed240472ca12b700fd4a8d5120	18
taxon_75993d36cfc423f2ecaf6f2acd8b720fc8f6ff034bd00f594ffd181201577d22	18
taxon_75fd1956fcf15403bc857c4b6b8f6bfbeecc961b0466eb64e28e5d41f9e7b3b9	18
taxon_765217cc547ccecad1934706dd69a1163cb98a1d2754fe59b23d63225846b72c	18
taxon_765fed75cba9914f8be78bd8c242a73b0c0ae77942f07152c51056df11276695	18
taxon_76ff6dfbebd6b51da9d127cb1d90b91c6a0e6725649a5602e232666a995399d1	18
taxon_79a4ce99d2a74c1ef630c9d069e8ca520fbcdb7f2ca32a3878cf2ed913921ee0	18
taxon_7d2066779bb4b92bf81cbf600756580b816a13e723aa7106c57ebae0221c0a58	18
taxon_7de8893c361b02a35fb983a933f94893e181be7e53db399f3e62934ed7b190f2	18
taxon_80709294f072f38acb559738a7ff42359c2d3c6ec647c14240cc8071e6cfc2a1	18
taxon_81c2548e07d1c700f46ece4a2dcd6c8b2d651b74797c6764b7dcd43a43b4e044	18
taxon_826784ad0214d023f189af1b4f88301a5b210d0947bcc98b5c622826b612f5ad	18
taxon_846575366223be1a0f409b6d569ec7abe3d85c60373cf7d338a708fb864217d2	18
taxon_84edae07f260781446065d3045722fe256d6aee5930547ec94c1635cc54b60e2	18
taxon_8849bbb0d59eabf95636bb4149bcf8286c99795f491eeebebe502c39a545602e	18
taxon_884af74deb4be961f9f8ae692c3492f22db2bfae0b6f464263624f74a73f6abf	18
taxon_89adcc93b30919df93e00de8809fe0d977bd9951e47564a6808d932433c3c143	18
taxon_8fe89b28cfbfe3096f131f8bea95efdb4996e5abc6df38a7647482c2cd21b227	18
taxon_9086534cf7370297df97df01060188f2faddf60f442ccf1f7dc6f90894bab125	18
taxon_97975344d79d5f436cba7355c313e6bb3a3482bdebe5ec37eb3affa4c251cdf1	18
taxon_987393d9e83c14aac060631af8e8691a60e31d4d9d32bbaa85f81c4dca116073	18
taxon_98d94cef384ef6934aff7b643c89d900553fe1466d3380bba176dc44fff8389a	18
taxon_997b52a778d63d9f7e64f5a8510c52d1310f5072c96047ea683f7dd8cdd25b64	18
taxon_9a25c8d933550d8b7208ce5025f69ac130d99ce625c5a668774f9e47af04dca0	18
taxon_9bee624c7569b8fefc5584158dded24a2f3909a777eaa5c5216ab36ee93dc8db	18
taxon_9c623337dd9115def82b11980221e1a2393f710fecdb68c2f6869503cdff4d3c	18
taxon_9e17bda15d7efeb4f31f019679db880e2e5b9e48ed172d673266dc9fdfbd27df	18
taxon_9ea0296adc1204ceafc9451631f712bbc52b97e444a66fff09c5aed0b730275b	18
taxon_9fc66c00559f5054e5cfd09529bb7e6bd39a198058eb490ff2761a29b73d4731	18
taxon_9ff37e3ed9f3329df2c61cc35f53a95d3de1646a22b18d0c5b8857d72120e761	18
taxon_a045b1938c3a597c7a94cf5009fa84a8668f28488e1c5b5d4cf93466f9dcd000	18
taxon_a0bc6726145c43841be7b5d023f0d8902b44fa787a36c7c4d43c7d14b25ba25b	18
taxon_a13ed4c4373cc5ac49412069ff38c5000a4d26b7fc2ff674e331c196a703cd88	18
taxon_a24050ed1528c970c3b765116f60402d31678cc4a3951d71aaa85024433a94d3	18
taxon_a2505fb784bd24173bd20274d361888f7be0d5a911f9720c1487416838925b51	18
taxon_a39e5302ad08c33daeb58969aeac59907e61fca3e42db45b347a1fb97ad4a59b	18
taxon_a55b7c650db4fdddd62d99cfa7e8eab8e4bb8b0e98bf982d043f01a0a66977bf	18
taxon_a704a3f1e66c7e7d6f5dda38c86d10a79331aae3cc71cefa16caecdbd9db4be6	18
taxon_a7e8f3c039432e9838367272e89da9056d7f7ea3ea2840456228acd32c1d9614	18
taxon_a9e676f59f9e302fefe0f25a55195acf50e9e62264c133bb6e5a4c08462ef7e8	18
taxon_abb14cf82259c85aa092a0031cde1be56b0774ef151dd4e1a69df5b506a78748	18
taxon_ac0440e5995917603d3d6999230712c04a2b426fce20c358580a8ae25e804b2b	18
taxon_adc88368733d1d39d836b461747f289a2f98ae2e7d04819d18703d8d3e86d319	18
taxon_afd226bb56343a65a943c54d62ee202c0bc9bcee73bc1716661f3a6a6e000659	18
taxon_b2fc2dc0433f9dbd84f82e8d6bf528fc308700316b0a87c2ed3b4dcea20dc884	18
taxon_b342650b9b1948dd67ba4ab7cd7e24d2d94268f258426bf75fe9dd9382f4022e	18
taxon_b540c5706db4b739988428e9f02af8e6266f49ea7162a436af0a253c8dc0c376	18
taxon_b7bfcadd9166132e3d50b887761abcafc53589b58304914fe486b04bf9c3fb5b	18
taxon_b8bb64dcf6933453f8fbf23aed1fe8af2d6b85641b52fd7e3ea14b253973e312	18
taxon_bc34fe3fb48ee59a0da488351f81e1f57f1eaa0729baaa1416e887a4ab86ae64	18
taxon_bcea328a3ac004f6501963414dad6726816080506b4706befc28ba8c152c3f35	18
taxon_bcf4d90ee41d336c7b500fbea851ac487267c4c7ed79bc57419d36491ffc247e	18
taxon_c0421f7167a0689729065403421f4b957d64a3280f226234097cb4abb27cb7cb	18
taxon_c126e5d1948e2159f00b8ff11c608c101ad183ca532fbf90de33b0db8fbe7fa1	18
taxon_c3a04899ad9d9976e2dad9f764db27ef08216ab26f909e14c48524f00a6ceb52	18
taxon_c3d5b0b51b609ca2871e18560a1af29144718ff7c25845513f005cfe006a1f3d	18
taxon_c50d835b72e909d41368811d348cc06b383f03b6482896c45e8cd94105baebab	18
taxon_c5215de217f80e92a9d647c4ec791d9816752ab4d180214b044046a4a48019cb	18
taxon_c73fce106cf78381521b4b1da5ca32b86c9f3be64320605459d048aa16a660df	18
taxon_c7d26ade711167169635e39ed7722c53d7f6b640ac239d34403f462ab8d8e6c2	18
taxon_c8d7ae245069a1f3cb51df6ce449359fdecf2b5a7e33845425cb41302a713773	18
taxon_c914c2f92f6243ce3d03563761066854f5941df3044fae12a46faa77259f7e77	18
taxon_c91ab278fbd780ff314596e2a3bb3ff32ef831cc24f548c01c891e621d7a58b7	18
taxon_c9afa3cba63eaf3903ef4eee4c74caf9d26c78fe54bf4e4c345029bb5f650cee	18
taxon_cb37e1e31276aa71ec7eb8083537371e30247112a2d1e5f14f82496430d18ab4	18
taxon_cc1ac5a420e2e0406a349bd3f53dee83f59008c44b3c07c61fd22015974e8d37	18
taxon_cd2c5335b173139cffa22264a981300e61b4c136e954e2d5d8e089dc5663fc9e	18
taxon_cdd8ba9de979ee98ee3b2a508f3535de1c101e6d062a3c8406eac35742ee55aa	18
taxon_cf321166b23f0b328f5330980f38a4d52f1e50415696ab45c666b94abac5364f	18
taxon_d12d11072ca6d4d8b71379d3452ce5684994ef400800b6ccf82a37ec69838b3c	18
taxon_d2535763d1efdebcbc63757b5f1dfdb5dd84e8e0fa7d832aebe52d898617cb25	18
taxon_d295a81e9fe70718c98fa41b842f92b5c5a9bffa33a843996754a0cd9bcbae83	18
taxon_d3869237641ca9622ea5c64765d9af72e38144f1d9544d0694b9a6f9ad414d57	18
taxon_d45c94a08da62cfb2a3624d0f8f436394078a9bd42cc6baf28cff96c12b02c96	18
taxon_d45c9ae910b23a1fcf0babe4aeec8e0d5272a63ce42b92be877dd947d5758782	18
taxon_d917b6fa79cc148d36d6401f495f25380c590ca562236ca93451b028302aa325	18
taxon_d93b2dd493088db84b398f2eb69e699dfec86f133fbf408b90e50f105df404f6	18
taxon_da470d496d10e0058fc3aadad5686878fc4107be42756fd352e89ca32d3dd948	18
taxon_db3621d1d6e7a5f346af89361e42092d7e13b90821a41f5dbd2cab8ad43269c0	18
taxon_dbd94a60fe0ff45143948580f21390ac4d570300b9bce9ec232759353b067349	18
taxon_dcf64db79af462e8dfc733818614851db095396d661bcc1f988684a88f8d4b92	18
taxon_ddde586448268c65285f6d4e5d7707eeae492a53fafdc5f77441656ae5d601c4	18
taxon_df97f9740f2222316454e0c501d79d540403c5773bc8897680538c9209447d7e	18
taxon_e1058c20473dc809b15068ec2ad807079d13c52e90442206b4e54a6c113a5991	18
taxon_e1b9c1095dbf3a37d25f8c8ad81f931e8e4e5db6e864026b9783238827f8fc9d	18
taxon_e37b421a285d3bfe46d2179a3b91c6ca5f78c8aeb8192228afd57be36831a102	18
taxon_ebc8c27b060fc8fa153d38a7a6764b3fc6c54dc9408681472681eb4853877356	18
taxon_ec1eac9cb0714a98d4c91419d3771d6834cd4d629688a059c00218bf10724b76	18
taxon_ec85489bff826e6893324439e6485061942bd0bfaef1b8c719e959a8b8715cfc	18
taxon_efe693a5ce04678e4d21330cdeab8c9f28b7279f62461b7ac96a267ec810282c	18
taxon_f0160fa88831a563cf0002b3b0eebd9cdd30e33658fcc41c97b6321c27774d2d	18
taxon_f2326dcda80f0b662c8e6fcbf6ebed58912f65ca6a258a500c18774d6aefcb0b	18
taxon_f3374d99978ddd994f291720b19bcf3cbcc4c6711feb29e6622825a983af41ca	18
taxon_f3531edb5ba2aa0194f845645dc0dd1de7e7e9bee16a5d9b20b9a47e91402c5b	18
taxon_f4045a533c5025cb1d7092246985025853b02301ad032fa5e98cb9c5174ccb87	18
taxon_f425bfab00ee224d2f08479408cd8906c84bfa61929f710bbcfd035d16fec41a	18
taxon_f4b13207a91e21b837009e28b9a0b309dbccb0be0a2212168752e352934221be	18
taxon_f757c1772e09b35958b984689685f281f21945eccc1bd5805224f6693a197dc5	18
taxon_f88b9d8c2479ef930e40f56b840411e90643a9bf464c8c758c9eeb3e1a3626da	18
taxon_fb761262cce9c5489f24a81fea088c22142551f0dc7a51e2fe958acf66f0f0c8	18
taxon_fc83c776c2c1d4d97a09907bc57f3f1d8626a1072def975d2051d8a1e4157c8b	18
taxon_ff3072a77fceadade2cc73c0c1bb007b215293575380f84acd255155310042c3	18
taxon_ff8d9ad18cbc7cda64ff794f7fc5d7fb5c4096675ada96bb112d16c0451b8a44	18
taxon_0184b5bb2efd874db3d81acaaf28a1be4526022a6f30479ce4f22b0ccc4a5989	17
taxon_01f067af5c6d7fb7950bd7bf76d7453155d94193ea40e6e054240fa3bdac5a04	17
taxon_040516b885505de0bd7e7cc307d3c1274556ae7947688a032c89c6a6eb575a57	17
taxon_04dce6ccce9322f00754f72b79fde37dedf437fc7edfd7c3379333ef33508ac6	17
taxon_05118b2075606d2365428a2cb28725ba907e52a7c6f656bdb24a095a3222a6dc	17
taxon_0595e5756f16477f9158fca3011752de473b95b66c05dfc2e0af7ea8143b6108	17
taxon_05fbbe86b33dc7f55598b1e6ad7698a470b973a35bace49a1f211361a5cc3369	17
taxon_07113a31c2d30d328a70affb2a3b7f8235026f2411bbc6bbcb57b89a71d71541	17
taxon_075396dee7a7460c7396cc5bf63c8844a2fc424387c18fd8216f01ff4978e2b2	17
taxon_07de9754f2e291f84a8b5d2bf106c83eedd68d22a8e32f6978d29f66eeec649b	17
taxon_08deefffaeb987a83e2557ca308924ce584f1a6d945dd6ae17a323b07497f400	17
taxon_08e09dc75c0b8ff662dd90fcf2717a6798138fa830d5ed9122b48e2bcf340e06	17
taxon_0946639cfa0baca9845ef3471527526558333b508f050630789b43e1c663308d	17
taxon_0a640db7b6c1c1e023a47928cff04d441abdf0f5bc4f98d7957ac6a9d4fde277	17
taxon_0ae6f5d79e63d5ab00e39fec858b21df3631c6ce50fab76c1409e16db7430ac2	17
taxon_0e62415a24903ef797a9a511ff83c33fd8afd3ad0606526b82742a2eb9aac0ab	17
taxon_0ed1db5f1618b3721aa7e8bc6b747d51a893ad47a6c3324aea0428813f983a8f	17
taxon_0f08f8cfb1ff5e932e6622e3702017664ef3e3391623075ad3113c21f3713874	17
taxon_1115546deae40f4df0c744b74af1d5382e6e58212e8b89f0d769224a6bb9e63c	17
taxon_11335c10fb269d14949e769bbb42890ddfdee5d953c0707094a6bea6e336969f	17
taxon_11c9d329fc0f749e1cd6f29c64fd7bb0746439f612e1526ebe1f9dbe1117d2f2	17
taxon_11f759affce95060836326f8f9ab7c4071b43fab3fa9ddeafb997ddd9ac7da5a	17
taxon_141fc39a08f863347191649be0724335cbd1f51ef8bbc6a548e7d3a781ceb4a9	17
taxon_146bb3c761697b68de688cb5a05b554bea785faebb1dcf3402bcb20684cd2913	17
taxon_146d4358c36765ef2d00dcfa218710178722e5db30c52d0307f3a5b744921cb1	17
taxon_157cd3d5942abb9f7303e3d736e740ee8f77e3ccbbc553f4bb01ff6d1fb52401	17
taxon_1614e827f06e8c2ee5604b111fe814f4a1e52ca98a40212c4ccf8cd536789de7	17
taxon_17252337b7b9ee706c7fddc1c74d2bd59d4323feb880fe9d2b2f198a46de5078	17
taxon_177cdb964859b1bdc44ececb60f66a70ef5a75b50308323720b381609dcffb7b	17
taxon_17b8fc77bb684fa7e39d4e17cffd522d56948b58d7161a4acacc712235a5078b	17
taxon_18338ea5f118197de83538c38109e260ddb27dd5562f3c9c35aa53f7a844e2d5	17
taxon_1892e3f4cda7fd120ca63031a03cb1d34456c5b8feada59b454c15936498e05a	17
taxon_1b87687270bff0326ccc849a58ef0b5b8cb4827a373fc8828ff2babf161ba3df	17
taxon_1be286c84c35e973c2fb98e1a623a11ea07a89f9aa21349c56292d79b4e7667d	17
taxon_1be481a5e5ade1f10fd9699b60abe68fa9c4f7d54a6e3bbe8ed5f2ef9488625e	17
taxon_1c0ce4f2e5ca7e9aef84f2f8168ea54f1e602ce2e9b7fabf255b599cab71526c	17
taxon_1c31547f7d06d236a09d60393d9b9ebc17761caf2d5ab4bdda3099047762fe1a	17
taxon_1d7709ae673bfd164b37dc940b52f626f2e8d37987f6bb713666fefba7db198d	17
taxon_1da5c7f734b59c1446ad457852511d9b7f4d4e551a8b60d0e7c0d5ff9744823a	17
taxon_1f3a2bd6f48c2c962a33b2e88b8236d104fab469d8c7e178876c0fbd4b3a63aa	17
taxon_201a027b234a90bc90e9f08b085336cf958ffd11a84826b72bc654a21b23d5b4	17
taxon_2187d2cfb231fb525f20e9ec106aec3c09f7e5d7cc034842ad4d5dda97742f2a	17
taxon_21ff1edc9d723117c88ebd0acf8adaa2106a550ae9fe785b36595c41f329173a	17
taxon_229bdc2b42086edb1b81cc1348a2908c606345ec91fcb58803005e920550b590	17
taxon_232f8cea1d7a2ed0628438f59b57b9e16f41aa13ce2a7afcbaa2cd97b2c63cc8	17
taxon_23e27a58e37bc503f532f08c195ed60d46cd76e893c40fc826ceb6e712a5b554	17
taxon_26ad1d79de25f5c4758a7741a16cbffe351cfcae28150bc0d60fef36cb183086	17
taxon_271f695a11e85e789b079efcbbbbc3e34f6d03a4c902d5efd4c71a3e0cec4532	17
taxon_275804a5bfb6427a6b38d8d70f6326ef7fb62f51a0f26c5ad33e29746e6a83bb	17
taxon_277224c8a4abc45ec7661adb4f7524c8b8ce691b9078064d8d4d31afe3ef7c82	17
taxon_2a54bedf8c19db553219308efdecc7f6d5f57ae3981b7c7f2757b68fa4441936	17
taxon_2aa61040e7ad96b4273c3799dd824cfb46edd7980e3331d5d0ce47a7d8a7e4fe	17
taxon_2ad760a596625ddf710b1836935bca3d6a2164ebebe0eff204f142bb297ec7bd	17
taxon_2b266f696eb65acf7bd828429fe25b1df97bb25fa14687d63bbe4b7ed037d10b	17
taxon_2b2af76052052bb5febaa5333d49d0a2a699e7acc1f4de29d715a0e8f3af9863	17
taxon_2bde40e48551c744c17f1d28f7af104e9a3a1ea49f6caf718457056346a30ac5	17
taxon_2c9f247ac75fccde4f2c19bc2b1405809527448db41d6a9f038417079e04a52a	17
taxon_2eff13099983147da0545daa90f4167fe93f18eaf39ffe30c523238a065e0059	17
taxon_2f7e4a318f7331124e6738f05418a29c1f830a6d960af68390149c5f83ff64a6	17
taxon_317b8f070f53cde76c7ee1904fee451922e3d7d85c40a4aefc717ebcfab5ea5d	17
taxon_31a472b447fb4fccc8bb24df9573fae151df97165c9ac09f3d3fc3cbf9049b64	17
taxon_32e40fddd351cdaea7c2956d7deced76c79eca38f879da66d7057f68f3a2d834	17
taxon_340643a30c699a12b888f7a064fa2621d57a4e5991c3efe6a274d3e50546b0d4	17
taxon_3410af690ee17d5d8eb612d2efc90f9bb888bb56a800e49dc8dc28d6625ad9f2	17
taxon_35c41c2f5cce4d7c3be365f3a9b8377cb2ed3f9f739c499d6aba5a925df0d340	17
taxon_36e7deeacf6b01bc5caf472d8e3e7d6c9d41321c27956f006a0d73eea1b03aae	17
taxon_377ee3003df82a7b5fdf681a3e806a7e915ce9443c752068c88dfffbe49983e7	17
taxon_37a1a04350f3b0707487800c7f3508db1e519e00d837c1541023b2fd591d30cf	17
taxon_396a975f193becf460da2b9fd3c6c1ff3a0ca1c6124eae49a3c79efabf6826f9	17
taxon_3ad27d42b266f638d20d89485f2575ca215e666f97f2d96e43dc110d88d83f02	17
taxon_3dc8085f035ae3a027ef1bd8b7b59f114cb370fb0c1f5a54b1349bd3183cecf3	17
taxon_3ee577b66e42139cc26a5559d838e8f213ac1cae968373ee13584f81d0333bd7	17
taxon_3ff808993b648649349771fa798a9bf4a24aaabac2c94b9a1b95642f675596fb	17
taxon_4011eb00914be3e91a5a59ec497264a15c27c67febb22890a3e7f8e4df22c98b	17
taxon_4069259a070be0e6b332f28f0e86421683670de693bdac55a6353d7e08008be6	17
taxon_4123043c16e735c51d263b618c9a066803df34240b22b35fc059e6fb4154ddc5	17
taxon_41f76888ba95c64ff21d88042d893e85fa4dbf277a0da25092fc9145cf66e0d6	17
taxon_4423dcd012d2d5c0962bb244cea4701983adca75ec7cc52fcbd93a7ffcaa6853	17
taxon_4447db98adb6eb5923c8c7e15e2c8027175e5b5b5936b5f85b8ea042fb48848d	17
taxon_460e854fe0a9526c4d320a1bbf20c65127fbfa8f32fc05adbadc0cb89beb9393	17
taxon_470d4234781dde531089b8ff8a834c14d5839518a53e95738f80c5c83b57f0b7	17
taxon_482bb5bb4e5442eedfdcf8dbdf7595ad63fc9c2b8d03dbb7528e74028e5bd2dc	17
taxon_483bdfbf0d00db5f0d8137f75bb7c2d0b06e6c88bb59fdf9c6eceed8d52ae960	17
taxon_4a837e7e748af7ac55e07cab4301d7589612615e88515c10e4d597cd5720e6a0	17
taxon_4ae0fdfb8dfacc5c8ea143fc0818985cde472105007ecc2fc2af7b78139f50c0	17
taxon_4d292ecbe7ed61dacd25c4c62154f369ddacf3aeb455ce051add42f45faed712	17
taxon_4eb9f4c096df83e425d05b1e13eecec8a42839d6430d32d285a5f37e2b618069	17
taxon_50110db81d207b15a9502c1dfeb2c9e161d1ceab76b944d488b8135e3d03d4cb	17
taxon_54a99b979b981a77d2d8190c1f7759273959025971f8abe9753c730f47b544ca	17
taxon_54fda086b4c5765eb76d64112027ac9c70648013f4b63017dcccbb44a8a502dc	17
taxon_569d82914a62dfca17c03938ce51e9a884a522aa544096705bea8848e46b5b31	17
taxon_580c7bafdfe80ebde4629f58b86b9263274a8091647041374006310e39392ac7	17
taxon_58816d70406ec2584e8d23340c19ccbc6c4186cc9fa46b36d114077229a7bba7	17
taxon_589a8f269378622144158d01b4067fa65ca13bdc0ecd46c0bdbfe519e3083da9	17
taxon_59536611715ddcbcda54ca57352eae5be28e14df779d7d7b863e34ef6c79b686	17
taxon_5a2f1f89b132091d2af427d997b0ed9d4909e77ba48cc7e01ea0a4d490113e4a	17
taxon_5ad82f187c09c21f09986d38f7ca33665aa1b6314e0f5a445368ecfc78cd9163	17
taxon_5ca0ba1f640b50752ab08b2dc79108c461964861ed104570df6c8fb3cccc924f	17
taxon_5d1f593d946d72ddd3db0eca978e66410c9956078af9e53af449e40df6760ac5	17
taxon_5d235dfa4f74d8f3487140ae323421c1317583fc4ece5a97db7139a27c255f46	17
taxon_5d75e45a78eff3b0c9aa56eee0dd5718ef1f9b95049a5c0865189bebb18e4c57	17
taxon_5dbd6649047d51523786daa69e9810412cbd9f49a5fc6b675102eded840f1013	17
taxon_5ecdd239504849a66c5e01d89b9de627055ea9892a7163da8eacfcb81bdbb735	17
taxon_5f7bfaf004f5c7a954b221bf6f2bdc4cc4376cbd0f5b8b1c8312f97392fefd50	17
taxon_60b2bc7865c89b003deb2fd252a1a9223cfaa3b989692e51fc7a1d9b96f1b0c6	17
taxon_62a00b121a380e8d98588f0b7edab80757c4a0e8e5fd6875ec6cae112a510c5a	17
taxon_65b8c279de8c38dfea89d49badf992777445183e0a3c30908a38be98acc194b2	17
taxon_65e4ffa6790066a7a3e75468f8729a51cdd8c3e3a36faacef56820f677a08bd0	17
taxon_6834aaf6921f4d95710bf99e29203e375413842a7da52522b283ff27be9eb4e7	17
taxon_686688e9da34991122aafbf8128e4e55c1239fcee01c744c4e72f47fbb2a2345	17
taxon_689b57626e554bb513359c196153356c0059c3fbc397ed3130885cf0ba451376	17
taxon_68b7e393497afef486bbd32b47aa8c2e2b93244fc21c8ab0f52efb35f8adca24	17
taxon_6906c8a16976190ca9af996e961c82b9d60e648f0f2825981e12235cba30d44d	17
taxon_6a20a6887defcf69cb1422e36c11e2cede389ac768c89912b7ad9cec06e840ff	17
taxon_6cd3eea87d5861e261e0997ffd1b39a3e21b3ffd5e92969909685f90d42ee2fa	17
taxon_6d3352cb5c6d4ed179e4a7cbf582149b140e6c9b3273fe491f1c74b05af4b2f8	17
taxon_6d583666b943472aa77e97c31c34595d971abb3ef5357c1ed1b5d966982272bd	17
taxon_6f2337122c4c2efe782f7d2eaa2300172f5363a7f3183427a74fc92a75e249b5	17
taxon_6ffaccc2607da05c82c00801feac37e90ae78995e8316106cc8ec32eb38dc0aa	17
taxon_7028ac6c87d69fb2b7e556dfcb4215d85f9f7a6f69fff5b798db7ed79d72a62f	17
taxon_70eb972b7a66ec5be21da85d90e57bdc08c87c4cdccd3d27dbec089c27561b4d	17
taxon_714f6087ad0a4db1efa86126694e647b3e9844c41a99b3e5af0fa16c259bbb0e	17
taxon_74cf530e7a4b79a16e6b330d0d98d13f39f18bd934c62ba8f22dcf506db1eb85	17
taxon_7524312bb7359a6974aa1f91e322b30b805a372e3c1ee10f8bfca8e1cfd0214d	17
taxon_753be252f519be1b904ce65b27903324120bb42dfbed2fcc18049a0e6e8fb126	17
taxon_75d6b5dcbc5241c446de40dbd3ae3f077863cd2cfdaee929dfdd9b26ff40371e	17
taxon_777de415e42ba5118df10e969df6551b4ca420c5358e28cd24eb6db3a518d42c	17
taxon_78ab447367aaac479ec485f0b734ddb5b86dce6152ed071be12c406110e9e575	17
taxon_7accfe54fa96106b220c102783f94bae3cb985947db2ac043b9d2ee1b8b8f424	17
taxon_7b37dc1dddccae35f8e4b97bf550fbc70d82a3ae6aff81d068bd54caed1fcc43	17
taxon_7c29155c028307a8b659761ed69698f2001fa0a07bde2703438dfae7bdead830	17
taxon_7d0ee3c5fc79d50c0f64954cbe4856f3279bf4f772d587d39f9aaf2deff6f501	17
taxon_7e48e7142b78d04a0ade22a4253befd3959814da209400337ad0859a841fdb55	17
taxon_7e5b32ffc960beea9b67469c7d329cfc74f1905901209df9094339d92d42f455	17
taxon_7e7ab5a01d67e6e1e13e5384c8335e644cf6a7dc1062c2fbea35c4ed06d3aa55	17
taxon_7f779127671cef7d0b13f8a065789bbae1964e9696fb4a66425675c0240c2e8a	17
taxon_805570c512404c9111cf7eeb6e8f16c1951b72d83013b1a009df6c75a367258e	17
taxon_8097d34f7401b8cebad4246620d4c390c2624183cf55742a0eac846615ce4a65	17
taxon_81604a1581badb24c976fa42387e506895129587fb13f7221c6a81e4e6fdbb1f	17
taxon_82c189332e9d4e3826ec5f81ca99d280d4f1120752b7b7e22b20d36c8409c471	17
taxon_845df8a85fdda9cf752e6cedb9a48cd064a6ef2eb2781711ca8457c40d7f238d	17
taxon_85e014f9f1700f4583a3eefe628c3a6b5aa3367d6769648d4ee3a35b63ebfbc2	17
taxon_86509cc23aa6123ba3a4fdaef6b393728ba54ab43f4216c8b0d0dcdc9065988e	17
taxon_88a3460ba6a0c0baafaba45dc960ba836ad2f63fa3f8ad0dd86794334955cfd1	17
taxon_8a7543b21a98978da9e1029688b96da45c11602af90c408ddf49f28462caa6c3	17
taxon_8abd32cf3a06cddf109d1d596309e6cbac21cf1136bb9569cae8746f8304daf3	17
taxon_8ad28aa15a89201a93058499461c432a1c36262335a3c4ea4395267f5c7f6491	17
taxon_8ba6b891f205b79583153c1331c893b97c019fa14474dbbdcc331f91f884eadc	17
taxon_8dfb612d17dd84f5faf82151fe69426cd9e6fd1333edd4254c961ea9a09cea4c	17
taxon_8e17d7412b82ebb11a1bd8b84b2f17dd511088cc6ddb5049d345e02780b9af26	17
taxon_8e94e4b88860a36fdb2b6d7af0aeec26bcba2b4fd03655c6631597a78e83fef5	17
taxon_8ee653dd6daa56abbafd9bb79abfb333602320f0bee49cf77a5f92d3848faf33	17
taxon_8f080e86f69415bc71a01d74e28f9ef2e294b11034d37ce2f323b736052517a9	17
taxon_8f9a3c26d1469aeea98b76123650b0c161b112b91ccf3d5ed946083f28aacb4d	17
taxon_9302f8ca001bf702c2f19fd1f06b0e35e447b5c89ec0e68542a304e35d852f71	17
taxon_94395f5d4767d9bcdd9a542ef18c579531cf5082e2d6fbf9c0ad2389a2063ea9	17
taxon_946650973dfe9c1bf1327fa93020668d48b2a90aaae7a17e871887e83a772e2a	17
taxon_9500ef8b5330171df250ec255384e43d8e5bb5b66667b26717237d02d98270ce	17
taxon_968a87af859574902c283e339b8bbe5cc4cb292ae37c556b0c0fc08fb5c6396d	17
taxon_98cc5807212fc24c2d0bc675873ed3979963c2076de1ba102c3ea4a5a784baed	17
taxon_98d340ff10524cfb904721fbdb03376b647b759f56b4d533767239851aab66de	17
taxon_9aebf828152e721844d86e9cf0e59f553d7226e5b918de836f52cf97a4235f14	17
taxon_9be9d9eed097b6dc24eead2c0a019f63020a2f7bbda1cc4c013f151f4e985ab1	17
taxon_9cfbdaf21bbd9e15090f700dc6b0e444037525b7f8b815145b7ef2fd379af714	17
taxon_9d37f40c59327b1c8af9e21dfb4f0f75bb824b01ee0f6e214c4e135f2ea589e0	17
taxon_9e2f46aa7fb7602e100ece6e2a156a3a971abe9b0ae8d724831072a9cf2194e4	17
taxon_9f3881cdd0e4fd75f5cc04e7165cd3356bd2fd56e3f63a6a13ac625bde22fca0	17
taxon_9ff99c37784cc81a77207d854a465b735dabd78025a19c3bf07d8c556be32958	17
taxon_a1a3bb7f268378da52784c9ee8471137d55c2ee7662f7dabede422ab4b9d39a3	17
taxon_a1bde7617b9b86b15e97ee5aec00b688ae6973add9cac14f65e4c8bca317ae44	17
taxon_a271a42ccb0cc871b05a14dcff9201848865bdd70ba90cd1592718badbedd638	17
taxon_a2c62e749047ba5336ad786f5788710c6b639acb9843dfa518a69626fcecdc4f	17
taxon_a3331b8a3f516af69f0519107695a1a2f76eb99ef37a6cb5f77f8d17b8c09a53	17
taxon_a3c4a28358c89e406bee3388fea46c82929cd8bfc3bc9241249848611593f1ce	17
taxon_a5bd11a7985a942fa7dabfb0a0852a5864c3eb77c5501b6f41890bf1c8b67a56	17
taxon_a6af0f7d4a373d0f4d6d59523e0990fb15eae72c0bbe91091610122f526723fa	17
taxon_a74805c6359f4b9fb1628d53816b9017030fdedd38d3dfc583becfc50f209d6d	17
taxon_a750815d0e61d4a0f15d548b8e4c6198d54851d11378bf7610b7dc3d2a697e53	17
taxon_ad8d306789c77b23562ab1ef59e7c9aa76755f7e234b281099f6529595ed4270	17
taxon_ae38142f7d31de7aaafab629c2cafa4ebdae065abd84792cf447099730367982	17
taxon_aeddb512a07542fef556f2eb7e2df86be19fbc179ce00336e848cd3b97fa9e44	17
taxon_af1fa581b7ab66a751620c600bad3cb7c2ee09440b6667f51b82f2075ff24531	17
taxon_af2398fbc91d792e57af5270af45f1e2dbfd973eea6070cfe60be2baa4d2ab86	17
taxon_b04f2ac264f1018024c3cfbcdebceafcc9518c50cf2aea5eb31c00f7632ad2a0	17
taxon_b1d22f93858b61b37a339ee2d5110daf290f524d92a8d48bf55bb9c69b46931e	17
taxon_b248a640c16b9d0afefa5afce64dfba5bdfd4727b5f3fc184190b6d1b1863c8c	17
taxon_b2dfbfdadcf57f834c6acaf465d06aea720e73d93c394fc246d3fb9f43069126	17
taxon_b2fd2afa73d41dfd202691d61756a2a0fc65a810009c8e08ab7abf985019df43	17
taxon_b376002865225b2398916e7e950fa24bf7cf7b212ca490201a1d692d5f765823	17
taxon_b4f53c5e06e5a7969a8551c56a5a32a66a7b345f6246307521d8af41304ef5bf	17
taxon_b508e26a1c897200b7e50d77ec0ef99ee1c93df0262d29663c0df380eafe9b9f	17
taxon_b51a0cd084bc92f81c23463ff78c306748fa59c8283322620f886fe3d4e10353	17
taxon_b59d97f8199d88451215187c5b01c888e39be53ac4f9fa75f61ef4bd70469095	17
taxon_b5faeb946024c4cf27e2d0bf9cce7c70853a97dc53283915e2d920218c233c3b	17
taxon_b619ede1caa58bb1c1dbf7211e4c167d86178aeff09e8bae9be5301e9ae0f8a3	17
taxon_b6d7346f769a51e13555d87166059b9e33d449c19ec7ff77eccbce129edb016e	17
taxon_b8552e87954f426fa4b82360ccab92fc3558f6344ef5c95d7e411ecb28258503	17
taxon_b9db2f30a9c52a096e288b08b40d7f74e0cec47757b4002ae5787be75a70b6da	17
taxon_baad893dfa199f044e7f98e29fc7cf9586aef5a051127ad8cc96ee3c52816c40	17
taxon_bb247ce17501275661d7b3f277c41d0cff110dbe9137b8d0acc0f62550d30a7c	17
taxon_bbd6938d441f07165100aeada9ce151cf71671201ab21d7b689fe6307d2b0292	17
taxon_bbf6db6886d1acb66e53a3b6ecf4628e1153fc91768091e6081585ea59e806f6	17
taxon_bc28dcf5e58a70038306d3b5d33c78f22f9b2ee580b68d08e1f227bc9c794c9e	17
taxon_be73c30bafe7e65f90679bb122294f6254c1bfe8db05e19171bce679aba13465	17
taxon_bf911b9c96a40191cf250d5735652fba864b78f9866e0c92a029791cfeb5d6da	17
taxon_c15e4f5b5a410fc5b3cf784cdb02ab1944ee84438d257a25c99736aa4fd3b5d6	17
taxon_c1eb7cb1b9e63f9e78b07649f06edddc38e57001cf9360e4fd0efe2124e76e0c	17
taxon_c2c5ea19960f4588b284f614fbe53c19fba9656b63581d9c0a7f46e4dcf61ab2	17
taxon_c3da84d72fd0c4b372c104067615b02e7b4da3b5210bd2301efcadf33cad82fe	17
taxon_c400262b32df84cde2003ffb19495cebc84ecda1ace439a68321f407d3ab2743	17
taxon_c454f8a6d79fffeeb6e4463be53e2d7900525a4b910c2265bad91686c8c4d56b	17
taxon_c518ec470bf843f41ca900bef8c280de93592e83c88216c53488a50394c298f4	17
taxon_c6b3af90ba02e8385cf0a1a3befc03a84691c5994c4f2f1d79de64604efb9043	17
taxon_c73e2409741f275448849e969952e64365d5da37be6367293c0ffc4f83293433	17
taxon_c86640ae0afe03aa9236739ba8f11a3b1e9e7f048590577d808793996d12262d	17
taxon_c8e120336c5f1cfff49db558620444e73353edc0a95ab56d32780eaf8e74a830	17
taxon_c96275d9935a20cb541ed1b6d0813ff7564e348a3fd35a21c37a1a6405ef1f88	17
taxon_c96b0b86713f0b3bf7ad4d7c7cfcfed1c1aae6a7a81e4cd12288c997d6daa2da	17
taxon_c9bad6d565ef8f040ee557b5d9020d30ae3d23ea945af34147c2f848f8ec69cf	17
taxon_ca1535a0443f58cd9421bf032871b0781e8d37ab0de4ed2536ba084ceada8d1d	17
taxon_ca2784ce7a3fb99ad9d23101d19baf1cd29b15a07830e8c2479970ff85f72543	17
taxon_cb3075a89facf8f4d9bfffcd0e69ded43b6a2294aadb8a57db88165a52757139	17
taxon_cbfd2e3148f261e198e89c7f34ff2f7778e436bc7e231aa14c00d5328234b96b	17
taxon_cd626761f98820648e5a8438ee99d44cbc54e871768da5375dfa865bbb78e334	17
taxon_ceb781a75ed1e39c7553c3c1ba8cab3d1e6f6bc208059166d0c99fa410a99235	17
taxon_cebb70f03bd03e9566c5c5666bf3cb4fb6926cae4136a6142d63f04ea6ef1abb	17
taxon_d03e66ea30667741feecc34d73ca863ea2d6e6316e5a0d0dc383bf23cf619c7c	17
taxon_d13b6dbc7144f3162d7efc4443590533e24ef2905166ca0ed7d451b02550f5a1	17
taxon_d150a78c84bf454937f2eb1fa599a12bc865486830a8d37dcb435662ccf86e08	17
taxon_d4ce76ed9370d8f6624f026f41a8130410d10cddf2944da57a1eb0980f0909b9	17
taxon_d4f8d17010cddee545b61de2f963d4304c1ca6f7796e72f7c59a70a593cff6e1	17
taxon_d5fd5f7df70f00291b392fb9559bf1e924193786b2519f6b75a2d1c7a03b7fa7	17
taxon_d6008dd3812ff72474f514715f9ac1f1a8c49480a5f9967f43b4e7731b230031	17
taxon_d76aa3eae16b7a80a0f5e5d2b5b3322ee2aef81522ccdf3f865edfdc707f11b5	17
taxon_d7862e07a5db48202436dacfea7d0d48f11781ef32d534a6271af311db16640c	17
taxon_d99560ba3513ea2f691729e7cbdf70ebe01c175e65ae26eebc740d7525e836c0	17
taxon_d9d7e2ff4174da865c0acf2cb0ee7ceae6f1f37771a7aaf3be3cf6340fdc7591	17
taxon_da94e45c3b33c7bc8444200e467d23dbcb98ba93292518549ef672039179ea3f	17
taxon_de5658e08991a7794b0d5b752cde118a69732f1ff1183c8861348a02bcbbb04c	17
taxon_df15da2fa559f5d41614dcd85037c61b85ac00cfd8e797b018b3bcbd40e7e07a	17
taxon_df7bbdbc62f4ac4e59712ed6eb203e68db50dce72e8debb3f665be783fe3005b	17
taxon_e05050ff46f7e563be2d8a19e0a29029b62aefe9a99d4e0b127dc6b0fe2c824a	17
taxon_e1bc4dc7c293cb1efdbc63d6233d151481712f8ece41fdeb705a02de8741774c	17
taxon_e3e2d074aa227795ce46e3e694c213efceabd05c4f0dcb4600f91c1b140fe142	17
taxon_e44aafd4ed227d615f9c75520ab5e71074d5a5b2dee381308a62b2564c13ad07	17
taxon_e56ec5707f28ba34ac9a6dca3a3a1daf5ff890e7a73c497fe632e6ceda1e59dc	17
taxon_e5c9bd2ddfc42ca0a558c6a509c5dce0e17c186e6467523e12f46ad2721adb19	17
taxon_e700ee0382c553bc3b99c328a8d61eef6dc8048a47b86e84112499ebe21dd4b7	17
taxon_e7b29677be72af9e3ae6d8b8317584cac51106200710e79f8ac163817a71cc97	17
taxon_e8947e722ac1af9c850018e6df96215d74064ddae8746de00a95ff35043c140c	17
taxon_e9c8beb7678aaa7888d428d93aa9e71f852a6ff87f0c62205753a2c9ba54b83b	17
taxon_e9e8d673ad3dee532cad17930521c288fba851abedd0476489f945a36886e803	17
taxon_e9f8c5fd63b35e603800996e465c49e7ae571f055ff26af260ba2bc1f3e92b0b	17
taxon_ea01ba5323ae5de1d3708c86f1043c4233e875e9f864918c4717bb28158e7939	17
taxon_ea1e7c43a5fc06679ecc12a0a80d46c839de0261d4567e5ee7a2b93de43ba797	17
taxon_ebae1fd7f963bfe0b175db3d6e45b2b61ec778de99d325e8e35a4814497150d9	17
taxon_ec1f9e6b643d32f32f6a608f60fcdb72595cda8ec7297d6a986f183064789607	17
taxon_ecabbcd728ea42306ff4389b39bbc62d58f1fdbe2cfc63030cab6e4a1261aec5	17
taxon_ee08a3d29904ce5bcad33cfb8568be6a8f0759f5943bbf32a7b0c642350ba9d1	17
taxon_ee1439b9d430c7340a1159c44d989feae61c4d2ca184405003d2424e09789c29	17
taxon_ef65f1194c2563953c7b1359b6d2201d2e08f12a8f44ff91f0220ba1ba34c647	17
taxon_f259f6f1eaefa9202d3c55aa6f8b1745ff8cd13ea5dd165c5b34a9ef2ce73ef5	17
taxon_f40131e47503cf989c26d2d0b2c4774907beca2f04caf9caa30f35dca6ca2b6f	17
taxon_f4206c3fcfbfb3584eb71f534a6a5a65535e95e096e05d091e7fd1ea6b28a067	17
taxon_f53a42ae0063eb65a80a9d241c95a6c4d884b783a30511b6d2c29966a72f66d8	17
taxon_f73d9d72c1c29bc960e919cada3f5075cd1417589f2fab85b586c62867cd7aff	17
taxon_f7a0847ddc95885f5792a3cd863c309de4252be53c5f91c130c7f6478e318e39	17
taxon_f7dbb57b81553581046542798751e55fceba7c8a958d774097f86c90a11543b9	17
taxon_f8bd89ae428b387cd6909094c0e5c672907559677e6d8839f2b0a46d9eddf917	17
taxon_f958633a2f3a1f0bcdf8d470dbeddcc0b609a651ca43b66cbf6bff4768ca16a6	17
taxon_f963d8902960707dd3cadc5de3bccf06de0496da6b288a3e21d19fbcdb227174	17
taxon_fa55a583cc992f7a449efd51f42941cddabe173666d4ab1d4d0b446d53cf9c1d	17
taxon_fb562dab7af1424a36700f530c7ac0a66c42ba149f75dd036bb07ff015843776	17
taxon_fbf384a7b7f407245917984b10adb6ba44462f9a72d521691e3532ca4abce7c3	17
taxon_fc29bcff705899c6df2b2480aaba09b43c77c8c552e8f348f82662511d7966f9	17
taxon_fcff228e251a5f05d974c30fc18eef00abcd4ef192e7b9b9fc3137263cd4c1b0	17
taxon_fd73c2aea1c116d7524df16428716f4ccef5854a12fdd3f64276ef65a802fa87	17
taxon_fe18e2c6933678ba580bf23816e8ddaca63747447cf3b9af6e628d7864684cb9	17
taxon_006980249774f4b39f8577397fb487660d74e9c8ff80a9176d2b9ea1ff3172d9	16
taxon_035065b63d138d864ae34b8f346582c2757474c472fd250d32c488b6b2d17d67	16
taxon_0400f64ef68bc6b26095394cebeb9935a619ae20e2a3b51b849af900856c89cf	16
taxon_04907a95215bdcf65b3e6635eeeb47fc5f22f7781fa5f150a35c711ccf1c91a7	16
taxon_056204a37d215cc8e83f7a16846007346d2f92a85ff8025d3df1d4c5a625430c	16
taxon_065778e15f56ce7701fc574b8259fe873d00932bd3175f7bf99ca6397ab21118	16
taxon_0689ba9c85d9c5f0d0248738e1a8a3011be658987ee2a59bf8d0c2d34b94cb20	16
taxon_075f2275a523ac846cba6ddf6aa5647c2fc363c77c2b304671b84e1b359dac2e	16
taxon_0958c4c07022e891fef012130beba549582fba188a2531e421dffe3a1a9eb000	16
taxon_09d3769ed84cbe506967a7d87c52934aa55f7ed4eb4deb77da765b34e16a414d	16
taxon_0bc5f0f31f9cc880594545bce009b9aec7ddb43deed07989721cc76e423fed0d	16
taxon_0c882b967832e16ee92f45060018faf822f19f98a34a9643ef54ac4c0b034fa5	16
taxon_0f52a929113af8dc1bed9e828b88d32bc8a62a263894e0a1d5bc9223f1471bac	16
taxon_10df160111dda3fed656d6a6e423c048dcedd32496bbdbfdc0a028de919afaf1	16
taxon_118efd46878d338e8dfb9097ab050b4ca9b80e13989018b47724b1618223e3e9	16
taxon_13b4180c892b33d47ac12e52d3fbc2cbccc79c05f4b86cd360f62ea46a42c980	16
taxon_14dce87a5a777dce99c3cce7a57280f6cba410bc26a8e11f0dd33ecdc1482a9a	16
taxon_155c5cbee0a8c35b699066c5cb5db12007e2550f893c8d145365af97587a1b75	16
taxon_1913aad5b56474110b63022c552a79c4269d3d8fdb6b5c7c1bfcb405f7e4f201	16
taxon_194bfe30206435f26aad1b8011f20c99e054716037948404f6a67ada4375490d	16
taxon_1a1542fadd42a29102e5818e4b2ce399945aabe75c633207de27c5221ac76996	16
taxon_1afe990f46aa5a94487f8e89c8ef02bbb907119b10f92f19a04990d0e1b49250	16
taxon_1ddf5efae65fe6a55e7b34a518bce842aecbfbb848c0252e1abe69859891ce7b	16
taxon_1ebfb8cec82ab1b106c681bdddac61797a48ea48fbdb0dc685c818c0bb8e73d6	16
taxon_1f8e577c67f31886cfcd682b502775eece05545d602e3a16405e157c82d31bc2	16
taxon_1faf9f6cb708aef13d66deb2416ccdd861633e1aac7d1917e54467b7a0735c45	16
taxon_200973285968a7f7a0bff557fde508391ce96aad674583dd09726189e64b690e	16
taxon_20a83a46d26039a7b65d00305ea11a8caa7aeca3cd09834edc965cb2bf85d81f	16
taxon_20dfb37a5cfe294ac34f7b5e54d463e3bebe96e078ef6ce65ce09f5fdcb84bb6	16
taxon_2162ba0b3e30f243fb0c85acfff9d9eb3671101845beac21d5d7e09410f9d851	16
taxon_221713d345194a9facdb6fdae02e21059a45a1f9933de020333a6685f740559a	16
taxon_2219090d7cdc1180c5a322cf156088271c9fd6d19fec9487a1a18729aff3bde8	16
taxon_226aff8c9ddf4b210a8789fd47ada7bdc2debb62105e0ea6846a546d6f787a24	16
taxon_22f236f0d0cf3ff540ae37c5319fe78e2e83b627556d9d4bc6298b41084736a2	16
taxon_2351559dc8a80e0f2dba9a6e9e1190b63966adcebab80efbf20c68e40ab0f09f	16
taxon_23fcc9d7fd9ae306656d6516ceed13829e1883caebad042a6aab71023625dc7c	16
taxon_24493e835d15df9150c3b2a59575194978f6a99e4a35163be9d04f47ee3aa8a7	16
taxon_24cf43aa4ab5b7ada6882a8f309e2e7b8b6f1f2a7949b95060ba8824d3b925a4	16
taxon_251024953b76ea69673d1530c275792fb0ae5a1bacef2c7d2ae4db5bb832ce73	16
taxon_280bbdb9a09f88beca596d59c79ff2a04684b10844241ab3678709665f3d4408	16
taxon_28a3600eb7b5cf1acf2830bdd6b52f2daef88e0353e4e8fb97828cbb893d0153	16
taxon_28b72d7d6ccaadea5c276ee59b9c11ccf0b5484f873da31a2772b3ed8d456405	16
taxon_28f72f95de545e7cefd5506f9aeb436c7af2466821c0222c2087d5961cff5b2b	16
taxon_29101f9732a1906864e1074ccff1ce18f70116d790704612a0aa508c5bd00486	16
taxon_2937ca08507d436eaedb9c84c1f3dc2fe7d11a2e60916f6c47b7366cdd5612d7	16
taxon_298fb1996ad41fa9ca2b04c6338d8e647aa9aece837178e3390e317b393b7872	16
taxon_299600221e51f7f410f07adb3caf75a5b19b6fef5519852daec7e2c686c984ed	16
taxon_29acf2dd097a5148d8d31ccb53924ba6fdcf4434a30b8ae5aba268bda6c714c2	16
taxon_29c4a53bb8d019c797bc193e5a01316114f3a8df8a0c8defdc7e680f70b417d1	16
taxon_2a9138279c71a6c9c25f7196565f7c7e143a22baf48868380feffb4b056a8e7f	16
taxon_2ab4a74face848d691dcde2fe6a6d64f8d4096e7fd5f09e27962287e8feff5e1	16
taxon_2ab8a993c40eddc83f2d1ea75e87bdbdca8dac198b05f5eff6dea9dfe9f94485	16
taxon_2b569b0e58a3ca96e554a09be5491e9bb3bcec5a6197988f3daee9ede2eb15ba	16
taxon_2d35b415c784ef97d96abd0c26f7e33726886ad41ead1eaecaaf2c3d74b9b0ce	16
taxon_2e7a1812e2b4e5efb75648fe5ac4a14148488d3d27dc486c389e8f8ae25e4609	16
taxon_2fc8df66ddc2f11d6447e0f86470dfcaff6c0fa0afe633af638ba03e489d8c32	16
taxon_30966ff05f428dfd1424fbd86d264e3c040d9253c81b7b2e94c17c8b99f93a39	16
taxon_31f534c030bcc178fe45615725c039d2bc3543a6371b285b601c82eaa881256d	16
taxon_3228d4d2c415d185764fac63b86e7a4f22b908028c2972feca9795180fcf0d14	16
taxon_3240126cccea33aeafb4e23642a90a889046e02e1c44a8e4c854080a56de3d39	16
taxon_337468fec2fc58fdadf8b4583b6ce89e71ea2f8e64f19fad87b3e5e065dfc484	16
taxon_3381a6ab3591ed89009c1f52ecc0431bbfae30d2399ca71e4a079e9ed988ab41	16
taxon_3393e141689388f131bf551e155959ea6004c9a503a9702fb9c42c71ace6644b	16
taxon_33f7f446209f8ef8673416ee5bc21af9582a6af0e732a5aa51091dba6d2a4a48	16
taxon_3424c39be050c8d9c484afc5766e286743d9eae9c2aa60177b644181c0476dc3	16
taxon_36dab2825885fefdb99da4e281d31ee8eff24b6997c4041f48dbcbb938abc7ac	16
taxon_37a7f2b48b4f9f3fbd349c184c0d2e3e36297eff2e13a18587f3ac3ad6130cf4	16
taxon_38f6fd2745a6554696f5634d6a3bf6b28270f6eae834303922d492bdf53cf918	16
taxon_3969d116aadd72e585ee7a4a03baf8882766a9e2aca9f0793a462540e8c0fb26	16
taxon_3a9cb3b67145ed11d5da9727d87901fc508eea31b43f7d6beecd3386d32ba0bf	16
taxon_3ad7d9fcafd90c8a2583564448135c0b5a38cb9d09049e7726f558dd665dfd34	16
taxon_3d0fa9e946717426f521708a6dca4e9ab8ce3cf6088c53f48b7fe1b1f54fca4a	16
taxon_3d268c593079c3f5e0e295c8340251183ea6514fc26082ce8d66a528b06441a5	16
taxon_3e0563926a6f1397f473dd83e99f988efc15fee07d726b3186af8f26167a6df4	16
taxon_3eb178982636033a5e84f126018d74de970cefb83591fb52fe5b5d71375b226e	16
taxon_3f5ec986860c4e0f6f5bb194a6efc2604ac58ee29c241144a34330ca3c170f69	16
taxon_3fecae18033b3166efe2e52ead62f080eb5a7b4c6370c0bc0581faad5237acca	16
taxon_401dcdca443eddc4ee4ae757ef4057f455295943394b5689119fbe75391dde8c	16
taxon_41921ebb41f67fc083d99e61bd7073649a076204e4f4a91aa3ec4681251b93f9	16
taxon_4209ef8ece6f28eecd75245b6df36186387fe8c78e70bb3276326a0a164ab940	16
taxon_4232a63ae4779191fee5c189ae88d928f3b38756f14e9946ac294eca0e79490b	16
taxon_428ec84dfa5a78f464fa055cc1943aa7cdbfe1c4950434dc1daffe50c7e3256a	16
taxon_433481f234623801bef95ceac0686c0a20b0731d09dbef545dc3f16e89599069	16
taxon_434c17b932c202486e24bc93fab0ad567a42875f469b3367dd8aa58c3f2b5145	16
taxon_457438652a9a521be4fb984774b5c8aff1fa178c3ac68783ca7cf2af4d2a15c5	16
taxon_47595e1cd68cd82ae33fc7d7f64b887775334514b37cadf37b1e8cd677886b7d	16
taxon_4a22d24cbc5ff097c709aacd4542dacf1ec93f33596c17156087acf38ed6ace0	16
taxon_4d33f9f281314cc1e3b9128c70b288428044b196e2bdeeee8e300567531844dd	16
taxon_4d5144beb0838378185331cff599da9c4b86d955faa13d4a725ca20d112bfd44	16
taxon_4dd7eecc26985ec5704617d17cb99fb8a6ade59329ceb7dddec8da756175ac04	16
taxon_4e8a908903004881c1075f36673dd7f497266945e2be303330ebe0109a407bcc	16
taxon_4fe4aa164badc164f40ebdd6554c2832c38e4bd7b22f33369bf4c85f9450904e	16
taxon_54522d33c1ef50acdd571833f31e09aa72ce29dffca9e7e656fc42659bbef8cb	16
taxon_558d88908b4b99cee2b102459dcfb274df5244c4615986271e04f1c54583ff68	16
taxon_57f18ef4ca31840517a3d531494221dfadc5c0b226041241b40c16db43bdc45b	16
taxon_58664b0e1130dd133ee3eeabf75369b9554a4871801dd66a92f451fcc02285e0	16
taxon_5978de607479784200877fe5f9d18899fe429b85a432a288e23631797e6865f4	16
taxon_5a32f2f0d1485ab911c7ff57bd5cc52115d7b5f1aa42c7b1c014b464d2ff7be2	16
taxon_5b2153c429e6d4fa354ee38dd6d982f5445741b963d0f759e1e29d4c0bcb5d68	16
taxon_5dbe418329e24dcf94919998350727c6bdbe3a546fc8a0c5c53f8b7b7499edb6	16
taxon_5e0324e60507d002b817f29a4568d6dfc68d024ae8931900a4dbb583845ad73a	16
taxon_5e2d7208a3c8c20111b6148fe7eaf6848404f075f53e03619c9fcf4d49146756	16
taxon_5e772dead7524b202ba6f3fb478de013ebc17a0d321b93f9f4238aece6f41517	16
taxon_5f9323f778c7e9ef543c7a7ed17c640cdc04a126d562636d7439c53d493ffecd	16
taxon_619d5d3cbaced71090c013be7eb6a45ca4f76b816a2e4091fe1b874f70cad7e7	16
taxon_644d00639c1ef5aa9f716f7f389594a8794ba0392c546efee5dfb9b004b18672	16
taxon_649cd2fa59ee96bde63a276549047c11a5b6feb52f7ebf5d3a8c3e6efd8e5c53	16
taxon_654572773da71abfc83759e42016e20712cda9636ad049e5edc83a31f3557ba8	16
taxon_65866ac26afb58ee7054c9357cac50baeaca64845d3c678b832ba5d79a5ec1df	16
taxon_68781bae8bcda06a7f7d6b22c9b8e8f7f874a11211b695cc567039ddb0913352	16
taxon_6a0d923ca32dcbafa2608571c7672997ae196692ef822f767f30de7c6f7ed640	16
taxon_6a121d1ffc81aed18a85fdcc74a142bcd4a5caee425901fd2100179fb81f1caf	16
taxon_6a80c509507b281548c8f814ef5ec29c120d7c94e6c23dc4ce436feea558a144	16
taxon_6a8356bcfbd1118dc94db52496df4a825c7a025cea20a51117784aa9b69bfacc	16
taxon_6e2e2d739baa616660a569765bc03d01c19785249e0edb94ac5069fbab2d7269	16
taxon_708271b4555d74fb5a8e9bc5e2ae2a38a6dc1c16f3384d3b23430f02bfc055c7	16
taxon_74363678f7a6e49392b0b936cb883f76d160ad9260a824afe74cd145afb897c1	16
taxon_743ecea95921940199c347b456a05af7dfc20a5df4569299270a4d671d3227a4	16
taxon_7712a2845196a7ad49ac37e511c0b7019e25c5d0b612bb5e3bce0d4712aa1cfa	16
taxon_780a31d6af7f4807382361c123c0b852d327c04db0c87f2fd94d56797d1a0491	16
taxon_79aa875894a348071378d93859a6aeef2ae1da074dc272a89036d8514d6c64cb	16
taxon_7a855dfa73c9b86d81cbf156ec68a3e04cf6b1b08751f8aa59e6dab5a165fcf2	16
taxon_7b4a0048b3d07637af5fef33a0ac0b425eb4609520f9cea959fd7d4b5b75a146	16
taxon_7b59846625a9b15b97e88b415643dc26e655cee46ecb0925278150ac6d18d0b4	16
taxon_7c3ec5caec6a4b6adfe47dc7dd3392c873d87bcceb6b4b2df249ae7a4ca34159	16
taxon_7c533a04e0fcfe006b31ce2691e2c4c07c4410e84417d3168c61dfb44bf6bee7	16
taxon_7cb66b82040dfb4d3d412d23c1386cd17086d07350f4db80439c5af948402582	16
taxon_7ceef415bd88d692c793984d2e655389624ba0471cb5ea95b675426c382d7ce2	16
taxon_7d05c8ea5be889b2555b9ac582cc590191f706ec173c44cc42b8d55bfa573504	16
taxon_7e180376f867d6af6172b69e5024204af7ac570a2bc435c32697b871f0393642	16
taxon_804fe156a7f0665604e34f0dd034343151631af038016742b495ff121ae86db3	16
taxon_8092b31086ddd2f694c09a271ab65f410b86f2683cd13432bf3aed1a6f6a9153	16
taxon_8332f3743cec0a0f6153a76f4f74100841e1f2eb803d72e279aaec669269558d	16
taxon_83914c5c4e839a96ee52340e0a6c22e800b087623f6c5675e88da4c9a06dd0c7	16
taxon_83de1da72ba35a6d3418d68ade5c83ccc208c32992af228c4cc95c744f3190ae	16
taxon_84222a962b42e95451e4c8be37c29a6cd129377a097b1a45af0aa18989a49723	16
taxon_8499e287e0ef4c219968920becc5790f731b06be2352dc1ef649582f5eda94de	16
taxon_84c6a0d16816359dfa46853eb3c43e2029ed35e3e0a614b99abb7e6c4be3eec2	16
taxon_84c94a831b8fce3cf7bc170c733ec2bbe14457612a053d952eb88629571da8ca	16
taxon_8541acfb96a57ad6b848e1b8ee912c2ec23ee0ae0b7d0a81248e7339fa2eef2a	16
taxon_8571219636cb7dba80117751cfaf7adc792e9edc1da4e308ae4cda7e9d9898c6	16
taxon_85949e699fe6878d1199ea1dd1742a92d653ff185eb4d7b2d98e139f90663dd6	16
taxon_860dd48d24529dfc3d5ce0c27fd9c3819b13aef04e18f9ef9aaaf8312ee14fc4	16
taxon_865225b3063c6b8be91b1cb7aa0488ec34c75f2835c0f738df298dae96528832	16
taxon_86d5941354f225ad1cbcf28fcc1e52978bb10c70d79ea9d3bb7fec9683ef8f3a	16
taxon_8918ffd21cccd4c2c92a2f55ac1521e6da864c09fccd6f0d82f9a1db29bde9ce	16
taxon_8a8bf8ad521124eb9782c065c96d113b3f0a31f2d43c5ea405b3850a727c7848	16
taxon_8cdc8f47ba22ce26a50c2d5484ddc75a2381e9c0a8aa399b20750fec8788f949	16
taxon_8e1c9d9728e80912f56ef5c601698451a4332c6a2ea35950504257c71d895331	16
taxon_8e32c43818cc6197ecc37b9cb80ef972c6778c23446496b74a178809998bd4b0	16
taxon_8f6291b2a6df4c2fa3adfbbef660cd8905fdba6ed318346e6555d78ca75b471b	16
taxon_9066fcfffcddd53f86940025bce374e89d2ff8163f0b1d0db3ff464c192f8fbf	16
taxon_909fce60cb9679cdb2e59e9ff38d318f7dea664bba6c2ad89104c66e604d74c0	16
taxon_9221ef650fb347c7ef5b902cb740f101f578f11ab309d050fe754a3b699d3f73	16
taxon_93304a99d6794bbbf5ffbe4319e376b7466c9bc5d3f900ac3a6fec1c4f0ced9a	16
taxon_93e4136677db0a86a2d5205d88ae0d176e2365165938a1a57a318ca015e60a71	16
taxon_93e6ae718159868a26b97d5182f58092f6731d57a4ed12940ea38983aefaf7d2	16
taxon_951c4fa08885e715584fd0151c88a3bc9ef5859b26e2cd397285c57e05666301	16
taxon_9552de94539b45a9ce3b6f8e9fc156862168b1903dbc10927ec81c2bf7fc68ed	16
taxon_956d0ac2ef8eaa9314c4cb2aa883f3f5d738174c4720495ca592cb54a05b3410	16
taxon_95a03db1458bb0be7465b73eb82342e30033887eeffe4c463b395563e89ff10c	16
taxon_95b5025785c7e48e76ccf3eea9091589cdf96273e4cffc64e657bfffdabe1776	16
taxon_987438df844e04cc1c521a7c917647b6636368c16f1c7f6478eb7fe3041b8dcb	16
taxon_99de5b8935c326db871dc5369aa4719b857fafd4e7490da9b073ca264ef63d47	16
taxon_9a56ad0e68c8b964dd57235228eac66d53bc872f09a6b20b310da449da51ccf4	16
taxon_9d173686933aff36533893e58e05aa3223f09e0c56db44c0176717d20214432f	16
taxon_9e1875633212cecb2fda486ddbbd1bebcd5bfb93a2fac1d5ca667eccf24eee14	16
taxon_9f46b4c27b68311e3c30eee2182cfbc2b8e720ed8469a46b2563fd9e29d58f58	16
taxon_9f57e16c3b3f886622a8d614f037bf56978256f0684615ef738720e1e1837df7	16
taxon_9fd9bb7ff7902c0425999831fc18ed822d123170954d10cf0bafc11a3597fd99	16
taxon_a05dbf96e290449773baad7896e63db9893dae0f35cbc0e1f2e9bb73fa648512	16
taxon_a1b05a822b0863530f44dbbed8b23542f6026122c224af73c109f82d3e68bb8b	16
taxon_a459fb97e9a6f460c1d7aaf9bf621159719ad1ada9ffe8120e22f51ffe4b0254	16
taxon_a63910cf53728da96ef1fa80034ebec03c429f3bf7fdbdf3e4dc7396a3d7c434	16
taxon_a7130ee769022fd7ea82a545b0edc74f76c6124a2b36c328219c7366a53e3035	16
taxon_aa39ed82f756498c4a16b695cee0aa3e3e3888f22888f499ab94c799e4834ebd	16
taxon_aa76c64675f970486af7f916766bc82aa3bfe1b1dfde5aad6911565fdf38e673	16
taxon_aaf022f27a218de7d7d6111a6afcda6fed583225591bd72786a7d0bdb041a87b	16
taxon_ab30caa8c49d81ab9752ba39864ec02bded687362bbffe34e6dd1d59f297b72f	16
taxon_ac0fe7a6d7cb0589123173d99f2abc89f1666b262da43c8588285a0cee220b2e	16
taxon_ac53e2acfee81f6289ad5fd6fa4aaed5c823b908671fb359afe0ab4da93658b1	16
taxon_ad31c3cd5b299b8271f68dd65b91c56d505ca2ca1fa961ed748debbb9de2aed3	16
taxon_adf29f532e630d7db9630a63cfde8541526af7001ae457e55af009f327c941fe	16
taxon_aec223f760ef47cc80e8d05961b476587115d90b791495daa415924ffea5e1db	16
taxon_af3b87d61f5ad3c5d982e23ba6a2ead0c5b404c0438c567bb3059343d5a8d0b4	16
taxon_b08cfc80ef48941240dce3bea4c8912d82846eee15e63cc8fdaea9488fe3e9ec	16
taxon_b20868b69a1d62bb39a283592c1903f426792b4bff87a18466452147c0eff289	16
taxon_b3d3525d621f23590de6e27c43605f5f7ce13b900a5bc1f14d87100404092453	16
taxon_b585ae0fa701899410dd558cf1a7ad2d64aaed77d7a4a6f1582fc7ef3985d524	16
taxon_b603e6ae092b6679274124aac3b40f44c930d14373e0a10a18fe38def02c2974	16
taxon_b72e601c56f90d1c0adb0c8b9d1830998994143e9ce1cf7c17525e96c50e59b7	16
taxon_b7506533ccfc5b2c8797b0de90428d52bd1d9b29613fd0a289df94f2119a93dd	16
taxon_b8031fc154c52b0d022a13dbc2ed3d75a2d3461e06575e351cc25061ce333064	16
taxon_b84019d64ffaee45b78bf5116dad35ca6d72b87621de93559abc7944204bbf74	16
taxon_b9436882136b05233fb123623829e3844dbb697c012c7fb6c68dc2f4125d2935	16
taxon_babdb475e16c893008637ac07d70abd053be8dcd8d90c9d6f0e26f423c4fa157	16
taxon_bb09dc9225908cc2ce576896a15f562e83bc70990a5fe53d2ec51a9d8ddf2909	16
taxon_bca189d7753d74064b29d4aabaed249191d7a9ea74998951cd77e68429e96d82	16
taxon_c153168f7d3c87d96ee0b6a8a3f04df8a89d3fe8fdbf214e4eed738790a24a0e	16
taxon_c2859290154c36632d980f8569dcf599e01c5a1b30f00f4d7735e234695b1d19	16
taxon_c2a6e0e0ca32851e4ac9f04221357cddff3f965d143b86581796c39fb369305a	16
taxon_c3cf65eb4b657cb208946123379671730adc96d851ba9fe5a6796be2b935ed03	16
taxon_c61e1ee9ef22ba99d237e7e1bb9b9b3166a07f04f945c78713e22fc23b9f9053	16
taxon_c648a8274da8031cbc905e9de6ce0f449e4851a51b31dd7320756bc1eb6c8d47	16
taxon_ca230a306248e297d9b937f4c6466380420f7d3c4889a60724596e3f777a32ce	16
taxon_cb3536925020cccc3aaa674ea527c258e4477d09c7bde7ab4d98e2f3e312984a	16
taxon_cd47db3693cdff4f75db1cf97344facd65559634a49067684b9970a719c02cfa	16
taxon_cd5e47cf7af74b94497d2e4e1261dcc92bd4996e2e00473a9879273369f70b62	16
taxon_cd641b513aed2d901b20660e9ada1b34fb69ac622ff86c08c8e99df13093c884	16
taxon_ce21f1b5aa9d083cae70ef4012fbac4aa437926bd47d83a5334f32719f635571	16
taxon_ce9331edccec9df7d165431ff9be226e00546d3b9f362581c44e09047a4bec7a	16
taxon_ce9bbd7bcfdb31e1fd48ffa87f173e3aa09aa7dc506d157f925ef19a2a5a7f0c	16
taxon_cefbfd4164343915b5d1bb4dd77bbf84640ea94f5d9ad8f9302a82e8bbecd431	16
taxon_d0ab49b0e05db0eeed4e3f0c4793848f8347f28fa31e1219e9f136487bcae898	16
taxon_d11ffb4146925e93354aef974f903a9e23598be8e10c25712b7bde59b95e3e95	16
taxon_d145d74b286770e3f7d728616a50f21b06b18b0c773274d1788c10d393ae3170	16
taxon_d1def892193ba8ec4f5007ee5810934a815029a2e6693126f4a4b886de5f0653	16
taxon_d1f3b784a9d2d50e8149f4d716c6403557e489449fcc4810f1a7dfdaa951d3ad	16
taxon_d306ef09cc5346a6be968ac2613723b348098187c1437fecfbe8160f35fce0a4	16
taxon_d4d4547f2d9bc80f8c2f7640c43f927cc645a6f5d7cf8909866b6b85eac13e15	16
taxon_d5da089d936d0845a4f1b6db93aff4a428ccbdd100874374b723d52bd7fecb2c	16
taxon_d75c8d07cbab8cfd71386f6905dbbeb734cf68815f230b9459045bfa70e506b1	16
taxon_d7daccb4882708c5c7ea352355f7f337aecce7f07b94619f5f3cecf1d1c46e15	16
taxon_d8f89968e06ade55aeadd5132b729f9cee50c7ae3adb39bc51b478cb151d2039	16
taxon_da19f2639397bd322183922ff87ef2f6a266ac5d27892701f070448fbe5fd5da	16
taxon_daa309d4aa074c8f65a43d0e9305683792f19cce641c2a9ea3800bba6f2d43d6	16
taxon_dac65d9b26d1d21746113f13dfc3d15f91abba7134245faece101ae02358d3d6	16
taxon_db4ae5f4ff8060f613f32aa77f39ac4c676a7995953da10acdb3f5f596055455	16
taxon_dd55ab15f041f7c117e3fc12aeb3033eda8b5407867a819205fecf488c9f4079	16
taxon_deca14db4b5e0af4001ae9839831aa1b963d7797b7d72e766686258f3cba26a2	16
taxon_dfa9175e341bfe43c60d153f41d273081b22ed1d583c548d5d6050cd82424f62	16
taxon_e0132e1f72a31e6670ac75b71b1e80d551c84235c98765d0d3a6670d304f9428	16
taxon_e0582778531e120db5c93d79736e8691e5a6a28608acf82f54644e30c4bbb730	16
taxon_e0df4bc9b25dacd33ff2ef7c35d797d740446219e08f2b7582cfd0ea1f64e33f	16
taxon_e2526834bdb51d22355e7a7ae5cf899dc7c4dffcc70d501c633fa5cc0fafa118	16
taxon_e2e129b51c53d950765ef28ad502340f42529e715939f82c6f2cfa4e32f1d294	16
taxon_e33d123a2ab7b9466110310e7e094104fd0c3793dedb93fdf6bd9b588dd578f6	16
taxon_e38b9889899b6f65b65fa8245a2f851bd8b3a644d4aa709aaec2bf9857c69bb5	16
taxon_e51ebf3182e9ee7a4ac174bdab7667f273f31ce023c79f08e4f1b6a393894162	16
taxon_e68c9d907ed0daaecb8683186aaf2d5363e5d01e2a62e7bd49245efe187b62c9	16
taxon_e7522e5440ad3ca0bb9072ff8d00a6e96c554a15a04078e2d55738890ada2748	16
taxon_e86a8a54c9e567f27b49e4f376dae28d6ff374a9d9c86cc70a6e6fa1eb6bdbfa	16
taxon_e8f252decef2beec5790f7a624a015eac1d493a663cdc389a22ae5b2bdabb1a6	16
taxon_ea2137c919d3b651a00db27cd8c20dc9006ed94d5b5cd5e332a08b8ea9995f79	16
taxon_ea501bf1cd551d0985b0975668eefd82c58e7e505025f192ed68c1d7cebb4538	16
taxon_eac044be2fdb660f0b99aea879e88b86ac74bb0bbfad556a3980b3de4a7c9520	16
taxon_ebfecda11430b8aa2deeff615627a594782abebda23d38341a22ecfd106dc274	16
taxon_ec0d3d4a605c1b64e7734b760b91b62a9376f9479ee783f9f479c8327626e037	16
taxon_ec3113d3cd4d0fc0ada79e853315953bc5915b9aa207b50ce8b61571d41cb1e0	16
taxon_ecaf00a3a6304c35c5254b6ca9764ab41eaf6ff04033e3815123997f90fce2a8	16
taxon_ef42e9d0fd86f0759f6fe2a7657c728e22d04091e697e0182e6a26ee0b9867bb	16
taxon_f1f6ad1efdcf5a91e759c0d333a1480ac9c25b7af5f8bef211b1a368f9dbbe69	16
taxon_f271c7d935b94d6186979e8978ef17adc51c698f2169ef50f3c2f72f0f3861f4	16
taxon_f403bdbaf236f6dd17b34a07daf57ee2dda650d9c51bc84a95691a8bac87a7e4	16
taxon_f489aef41ce4bdf31a52e2f8d277235e40d0a0e6d19706912991fd85555e4289	16
taxon_f6578d3358d5cab56c86e46ff7b16fccaecd59b7bd1d5f0f231703d8cbe61028	16
taxon_f7025339720502389484271f054e1311cf0a9cf2222803de68065c2e0e56db2a	16
taxon_f744e2cc79aa68931fd8b9324a29a8b15f13b94841737729c130b9daaf8e9ad3	16
taxon_f7a4b33b3cfa889a90c8ae0603f3b10388072d1241687d7312ee5f53b1746928	16
taxon_f7a702dd90d8d0cc0b176f0c91ac3e03cba0cb2f5b7ce557b0bffd78bdf4e072	16
taxon_f809d07f5841e41fe2bc32d5f804d9534965c0ecd3ae24e8c7f00a599657e770	16
taxon_f8af8b9847bf2373343861a07fc3ef875ede8ea21fb0497dd1c6d1e88add994d	16
taxon_f9df4752beb9968b9ed87891dff8576295812989473b281dce9ae650288c9ada	16
taxon_fac073c4598667f790c170eef2caac70e69ee951a87eb7d97a32f0315822e508	16
taxon_fb5ea122a084e83d7e845c85c711ec9373b0c7a8a1b2bb720b3672b71e2b23b0	16
taxon_fc2ddfaf87070b097f0a35d708adce81e52162608de1de704caccfacbab8c124	16
taxon_fddf4e051ebe7d9d8578ee5b2707144627da66fc827de127f865ad4eb83cf818	16
taxon_fe4664f6da74163cdda322adb3ccd816fb6b8c2722420b461edf46720abea05f	16
taxon_fec49fbca29cfe49acc97c8baaf14b7f84af89e375892a3b0e70797e0282a009	16
taxon_ff978922b3ce9b80e0e774f041c2a4ecb8ef48ab4fd549ca02d6b296b4c74d46	16
taxon_ffa61f01fe463302e4893e8ef7bb3e4b5d1cbd8bfcbd6817f36d01ba2bd77238	16
taxon_ffaefe4a2c7ae27c7635cf4baf1cca01edfc57a3400f207355bb2b09948b20a8	16
taxon_ffb302513a3b6a0385421f0da814fe70e4564f8f6100eb8dda50122efcb517bd	16
taxon_0011e4acedd1429d940dcd41556b3d6ca41460e84c77190aab3d0378694fd71a	15
taxon_00dd0175d2083570c9416b73962ff3adf77a67fbb646ce30b1726ef7c769fe96	15
taxon_012d0f27ee4104978ad7145289556bd0a81a20b1d7d3dfbe858d029e099b34de	15
taxon_016d45ffae92b7ac984c5658971c199a2e582a2a54706b0abe6d2ee5b335d5d3	15
taxon_01c838bd60956ded234fe7672735e5b50c272822e0b2b6d720f8afa3a7bf816b	15
taxon_03b3bd548874eacd2ea3dfa95dff17dcafdcc34868ab96b3a3aed22795ce9d46	15
taxon_04fe5cf4bced6605df2923e89853ffa67d8982677fd10e91cfb4b52b291a3265	15
taxon_05d359e5efc09f5f0a6b5fa0497442ab52927e7b4c895dca2579c82605943e0d	15
taxon_060992265b692862fcc6b6eba58e4aaf63317bef8713ae02ac236fa6d5e7e264	15
taxon_06ea28552b707978a6eac3ff397f9732231149ad2cc246a1415f0184979cc988	15
taxon_06f2ebf050a71997a96845cb0ce75df306dea1c993eb7d9a3c6b7bbd3c20a702	15
taxon_07dce25c121c3cf6f1d8b96d63bd8acb802e7cc46293a944bf45bab9b0a8bbcd	15
taxon_09663c24e34b5a5b5e83b23ece4e9d87e5d9a7322923a09ced1ccd1fe1b50eee	15
taxon_097cf132dd7ae627f5949584488aed1d18ef2c222bea19364d144c6ca8baf6f4	15
taxon_0aa1b0dc80517bc398d23bf0f7b5d86e6416b74e01e4793d63e8500b93495839	15
taxon_0bd82d79aa8d328551f76f36e9da8a84eb89944d3fffd8604391893fa98da692	15
taxon_0dcaca5fbb9ed7b1d3ef83ee989432e21cbb6e45e82b8df7752dc624280ba53a	15
taxon_0e48911615c5869d800290fecf802b61a62bc2d6480dc8f74cb85763aca5751b	15
taxon_0e553c4b46f30a96bdc60267749e99240ab524917e986cace366eb0eab8d6a14	15
taxon_0e98c9fca78e554ca915c2c92fb6ea036711e42bfbb654e8305dc89139c22fdb	15
taxon_0e9b69f55cb7bac6a5a76f4d2917eb98b6604751d970646c02f971001cd06784	15
taxon_0f067c413c7ac8bfa48efab5c665ad586e652da0e8afab7a591e261238923734	15
taxon_10ef928cffaab4e9c611ac792ac472f9183f0e63dc423af0c89957ba3118c322	15
taxon_11246218fb51cecb28c0e5140fe20118f491a4c30387fdbe049d678b4ed7e797	15
taxon_115624e17f13cefcb3e7b87682ff312228d7aa7201630382a8062995b7bb86bf	15
taxon_12c5fa09fdb85bf9cded53161bd5db6737cd0f139e238042b13bc037771523d4	15
taxon_1483de70d6c2d1193735c337e11f6ddb0e49423bea4bafe4760279ce6e3c6343	15
taxon_14ffddc08e6af2d65cf03a0971ecf853a4b902d3094c1704bf7e385dd2e79417	15
taxon_17762cb43b9c16f543633b0202c8aa5ab98a2539eef378b4fc73db359389bf38	15
taxon_194af4c59e68515b45e7307ce11f911590c93b107375e44b8841acaf36de3045	15
taxon_1995b53c6b5fc767ee29f2151b301e483451733f0de8fbcff46b9d807e407ce9	15
taxon_1a6f6b06c15f128728d75bef09a9146209e4d3139224bb66d9c4c88842e72bc5	15
taxon_1b047dc579c53ab9e85622a066efa6e85962a7ad8676c206bb2944d6cc540c6c	15
taxon_1c1bd5dae04857b76c995864d0eeb35ec14a1cc0f8787dd03c23b2a03e56fe64	15
taxon_1c2e678b7ccde62690b89439c5b0af7e23e2416fcfb8e3ac7874e83f2d05c530	15
taxon_1d972e444e5907238184d2827b3331c896db5eb3d9ed1fa9851f243df7e0b2e8	15
taxon_1e932c712a60fbcc6d2a37d54b3e209b7f47a32ca82bf2f5d04a354be8a28769	15
taxon_1e99dee193a1eb83387dd6582c475b687e397f1c4a1b44472cc6d8a5e1e3ecac	15
taxon_2065b28a06eeaa7838ecc2d8d5302b3068dddc894c85d3f82a6da9fd643bbc3d	15
taxon_20fd52c7b5c2b7537fd6ca9f3dd30eb24ab76a6a22dfceb2ede0f91e3fb75d28	15
taxon_22365989565530d8dabe6adfc8bfc9b2cb5d65e06a085b9e1eea1575df8ccf41	15
taxon_234a5ef2bcd456ba101623d00ecbf9bd449d6810e9f09bf514206a505b10b1bc	15
taxon_2886ad55949940fb409a769c7f3b26c9463a160b7ba55b06cc032c2aeae9e2ca	15
taxon_28ba896723bdf7b97ecc10ab64ddb1f08447480520e0fb79eb47f24a0cd4ef1c	15
taxon_28c4a2dd87e70a29eac179ef093a4735c79bfc187cf58de8fc8c6d659d8b4177	15
taxon_29387d8465586805536f3ac09c18283ca80c8359c3a210f44308aa65602f8a65	15
taxon_2a4b33b91399f2a5bb598ddbc01e171eac04f30d83266d0395b72d4a1ae9fb8e	15
taxon_2b19205754c890e447a84d285ffc4cb61d30cd3cdd52d8b830010bbf6dd17789	15
taxon_2bb7dec7dc1e469901342cd972e037708d363f00b5f2880bcfb62dee7a5b50c0	15
taxon_2bc9be1a1e8d0fb9c8a5fdf68339efac38497397d2f547e04dcc1ddf2f4d7f16	15
taxon_2c373d785158cbd28f053b7115ec80f74741498169db77f0574cf29ee6981313	15
taxon_2cf0489906c8ff09619f06118cb1937562cb038e5937838a4e4906af51018d83	15
taxon_2d4795ba60b17d3440880bbef136c49f9476358814de8b3376966807a1e58270	15
taxon_2dfab0cb5d3b37fb2af2917138690bcc9063600e970b3fd0d9bec4a58ae1fc16	15
taxon_2dfeb7d39b7507db4902bceb119adcc745b526e74933330d927f77ea2a61077a	15
taxon_2f648862914e6bab3d08f3d82653ef3119c710c277ba0b0c97c6cde07070fab0	15
taxon_2f8a0b6547ed5f9c0f3eed185da701f4f8ea63a6f827e6636a33614af8252fa7	15
taxon_3145e638c2af39fab321ff3bc3fdd6822d44338b2f54e762de3dd1732451b161	15
taxon_31dc07b16d6e0b9a7934c297ab95208ec25eaf22e1282f6f0436690563b32b1b	15
taxon_3250e2f88a659c3880d96ead8704a985cc691bd5b3b60ac6f7affb563c6ee2b6	15
taxon_33191724871ea7ff90f54be22b9cabfcfbe7cc298469167dbbfdd9dabf82e636	15
taxon_341a57611905570957f2dff6a14d7c76d4810f96ae6a3936c95e69e132fcd5b8	15
taxon_344580198eca4cdc781cee62ff48bea0387d0363a1a4e6f4a5f7b853c5d67b21	15
taxon_3609b30be9ba0820b79bb7b55a5a7dedfbf5bd33fec699ab2c2cac4d02785be7	15
taxon_366cef43379e51dcbf34deef3acdd14c932cd5caf53ff1b414884bbba4aadbf4	15
taxon_378fb8816397f0a8bc3e05e26075626214b505898168f0cd62dca79206da5138	15
taxon_3af44ab1adc8a3cec9f686ab157dc3db6bea9b505bfa96c11bb8e755ab25d6b6	15
taxon_3b60eda06cb84e35f815c975e062ad2a5dd005eaadca9fe01c3a1d20c684364b	15
taxon_3b9827900e807c1fdffa90ab6afa0791a554046ec0e2481d97ad508b160bfbc7	15
taxon_3c0e176d1013863a785d04e7e0fe3fc67f80290a2c2a03bd3258248d6d87ca4e	15
taxon_3da9e74f8d07a484aa66459dd3eae1f306f4c9496843c90f2685dffcc89b0674	15
taxon_3defab1e79b0621347ecaa2fd826a888396e2090beac32e64209b9d243e3c83f	15
taxon_3e3c4628c5410f0ee65cbf137fdf67fb4b83982439084d6c9aeb237b199bff6b	15
taxon_3eacdd34559b48bd481ed9f13397ca6b46ad071d5328227180f916bd7afc2dd0	15
taxon_3fb4478e8ff208f314ffc018b0132f43634091090b674c71f9d77983a56e7a90	15
taxon_4042cef26e0a08c15babd2d454daca0dd91f1ce297b73ce168b8b17f5f212af1	15
taxon_407d28c3e45e411d8d4263d478fb061b23d373959c53fc85b0d1cda1f3668a16	15
taxon_42c8334a54da68a2a498e109e2c8cf509d2af204dc3f70662853c0dcb914e5cd	15
taxon_43bb5b1cf1e33f97dc96c84cd8b2d7872280698ef40df56a05dcad8b2f195320	15
taxon_4628c93886d13678448defe0cef37ceb69def6ef3e8a72f361e1ba34daf3960e	15
taxon_462bef108367700dcd03cff0590207293968ccf2c9d75e249963c6b3d9ce5c36	15
taxon_46e5939e2e927ea810e4f6001ab1a13eebe098667e7cb42255bfdde3cf48de21	15
taxon_4a283072de1e267271ed1174e1d4ca2dcecd3d5036b78fea67df01fdb27318d7	15
taxon_4acc83a2a856cf25f5014f1f8c31e10fbd6980c687c7496a658f3346c8f10a8c	15
taxon_50e95c4099fabd5ebb7d1d6f7b92f3ab96e442a81fd81bbab9a037746c2c6d6c	15
taxon_517cb12acc4bebca8ce9c71b79dc546523d52a15ca1595df0f2b3fd809e4f284	15
taxon_51930bfd01bc5222fa6141b471ba6bc321bb9f1cd9aba6bb5e9efb3b682184b3	15
taxon_536e74b611883f0cb4fdaee86b1419b6114395d7a2e622942b98de409569cb98	15
taxon_55b89e7cd6e7b69c40ceba29e43a414ed482930f04b341a16f32f10124bf08df	15
taxon_571d91e3b9bd1ebca9390669ff4449d96250f684e09c06d1cff485369cdabc02	15
taxon_572be71919e87d7f0ef1ae1b090e23a83413bad889e3c21ef436f699708afeb4	15
taxon_57834dc26299271f7e55c488cef01b7afe186ae874e115805d7508ad95c60456	15
taxon_57b8da0f10dd14e39d898643d591ec3f2de740fdbc8ba7dddc6787410aa07117	15
taxon_58d1833d4a145124f1877cfa61e24957a8442ad517cd0aeb7ce51159fa61e938	15
taxon_58dbfacd06322d9c4b687827f1eefa93d72720ea572415cecb27de9077bde976	15
taxon_5a14b8c76b415e0e4c46ab0df4871e3e70d57515be480a1888df7734afdbdf24	15
taxon_5ba6e345f8b09beaec26dd40bdeec82a94c3defcffce96e9bc5a5b751971bbe4	15
taxon_5be41d46a0bbdf5f441475bede9762ca5671b095065f604b328641578fe93b7c	15
taxon_5c035b992ee590c9a9bf88ffd4ab9785e7f0971ff0a495f46878e4bb2f4beb6d	15
taxon_5c078f9b8f724a2d8b5df3b4e22452f2bfbe46e5f42474e955488859bfdbc36c	15
taxon_5ea7a63942c737c6884402d4fa971500edda8cb130e4abdb0bd73e7a1850e950	15
taxon_5ec6a049e6faae95a86776d460ab3051d9f0fcf80910e06161497a785676b1ae	15
taxon_5f5df1040ce5102fa7963f387be6cbbed20b1bfdbdc431679863703c196df6a3	15
taxon_5f60770b3dbbd144cadd3f30c561f66d1ca83869ca2c0246f63c09ca107c634c	15
taxon_602922ffc667bf2a2cf0791ae76ea046c87fb4314a3f628f32988b840ee71645	15
taxon_60da4dcfbffae255320782f1272f5a28c95af50661e388405841bcace2b1339b	15
taxon_61b928d6e1a4d02b318d441b46ad19a6211bc2c044b56915cb9f511adf79b922	15
taxon_61cd46aba861927fe2ef18665de9c7161f6518d04ec2c89fa6f753c5478c7bf8	15
taxon_62271311ff24407aed79cf08517316e7577d55b5f27d25df3e49bd262e46f515	15
taxon_62d36391f8dbe95fd9bd8291c15e64d410074bd78d703612eb4ae1d8317b7e68	15
taxon_643740ed9d2d9547faf954446ebcb93f72ab6067eb2901a6d5bef278d321d1cc	15
taxon_6463da14f4a93839d17df8013b3128669a2561e054bff4b390223c965b8321e6	15
taxon_64c6546fbf65b71498048ab6f3cbffae5a3fd208b2070c9fedeeff1fbd5ae217	15
taxon_6538ea11a3e0dc7b232e190c2dc68aadc519ba33c6afed23f1e924ce086e847f	15
taxon_65ca704dc06f75d3063f68e0bc84bbdbb08ec997ce9a21c9b37443daab1bbf0e	15
taxon_66f6d549488cb9844168dd0a424591da24d70ba2168c7cc547a47e47db74e89b	15
taxon_670ac7b1961a60a34248c91908cd099fbf79ad21a37f14beb33ae7f3843ba137	15
taxon_676b2a30c14e3459d66645c53f195b4b0749b26851686084f003bec0ed025b72	15
taxon_6785c0544f09b8c549d268493eef52191187d0af2dcf4fa82847aace9dd9f886	15
taxon_6956bde0bcbf7225c4ce09f92127eee14e0de6a1d1bd8c4e9aac1f958af92054	15
taxon_6a9ecfe4ee53de54762c01534c464810e47da90305b34257cb8864145468c137	15
taxon_6ad922bc36920c9669a268a4981369502d61b994d3e8b16e5a089045fe1cdb8d	15
taxon_6bcef06645d6659e679a94d2aedf140260a88cecccfa7fd32f404da52f971608	15
taxon_6c3d0f6b31ce429cddb7b95546760f171eef3a6edbd948419b41421dde4a2b28	15
taxon_6d6d1b471ee9de69fcbd0630ed6aa22a5da9696372e9108b5fd87704b25b03cf	15
taxon_6da8f0211d27c5350d656da9bc3568d71d76b34edaf7776c6f7253c6c7bc1872	15
taxon_6f46829a1502b48101e5c9f8a098c96c4dfe9e1434ea868019384ae52b7390f0	15
taxon_6f8a1c7cd226c3daad2d077888c4df9cea717c54773308d8741f881abe3691d0	15
taxon_704905a8cbbcbce035dfaa4ddb60ecc80bffe7c49873055854f05a0ff4503819	15
taxon_706ce7a2f2ba011323b99bd7557f7722bd100267db03e17b450f695b81a90e85	15
taxon_71e37d6f110a65180327019c16af9cec2ac68c81ea8932cca8b55178f155e963	15
taxon_74ba0905991bce3e9c9d7a47425267aa5c2bac2c07c0529a3f185546c252c814	15
taxon_75143c4b252f1a54fe7a3feba59b9a2a4d615b1d314427c992ecea7d74df6a6a	15
taxon_7546a627dec263c88c79ee432027a46a79f4dae2597666de9a572eb151d7c823	15
taxon_76bde05374eccd214d5411f4953c127c1471374837652f86ca21363fbc9c3b72	15
taxon_76fd1148c0f38dfe4bd507a1b8ed16e18ac7036f6592f956747a9c81f28301ee	15
taxon_781e6a6ea13a7a9f54255618385054c62b8c7ba04be0d28b5bba59eacc0dab0a	15
taxon_7861c6261d33817b84898cdefc198fe7e9f569aa2a106a2a3e88f1dc51167597	15
taxon_7878895836b12b806cc8888e9794487d890265c164d862122742f53619854a85	15
taxon_797dd25357b9230442819f017ad22db27792ce65b1b8e9d5c15790a0a51d061c	15
taxon_7a56eb3d6a61ed3aa8665398e626dc1a150357e8c5c4019aa1754ef4c7acfa30	15
taxon_7a5da47e9c79e773936ee37bfbac567b13478a1ce89f0b9f805daf1da9146bb1	15
taxon_7c16c4dddac84340137ce8fb6935e70486bb2848fda11dd0281681d2f4345816	15
taxon_7c199719b3a5ad4c9fca32dd7fc67508572332f253d4b423d00bfb3a1a57417f	15
taxon_7ca2e9b06251ca3f7c600256eac9bf0608f4876e8fdebfa50215445569713f2a	15
taxon_7d64119792a20fb3d3d6fceda90359f4090c4c65840a465dc8aaa54a66fcab6d	15
taxon_7d8e6a43122befb27a2d9f9acc79ad6bf24e0f9d61e451e777a74886bd9c6555	15
taxon_7e7de276eb87ce65289af4d169d346ddb93803dc354a611a846c7868e2eea27f	15
taxon_81499f7dd5dfa144cb72f55898cc69d39b29a9c1e3b39a981d235098b885c1de	15
taxon_82718d1cde0a89ed7b06d566772d8d9261db9e69f05ce981b8b57d60c6f974a8	15
taxon_828ce515467e615ec08c6db3a82d73ae601e5beb28ba15f75ecaa6a7da9d53aa	15
taxon_83548a77d95618cb1fab501f9cf49119dbd85d7a63f7f70eb2b66b23b9e0ca66	15
taxon_837a8cc41b127fddd56c3b4ac6c6bd6d10c0569c4c5af74b4b6d2798fa3959ca	15
taxon_8406991b6058868c722312bae6608ba93136b581d45cf546c061b21b6a5ecf61	15
taxon_8469aaa4ca43645beb30b53cb516ba46c69932a9f685d76136e3a2e362140705	15
taxon_848ecb7c29c8588fc70beda8700a385a7cbfccfef4e2d171104b8f7d489e4d37	15
taxon_8519da08ea1c4c69e0acc58543879e432eacfec5f8dbaf804f4957338a4345d1	15
taxon_8778f54cd9a1f476c3a22f985e8df1d13bdaa39f3c9b2f272dcbe23a8eb7a317	15
taxon_87b16a091cbd7e402ce912a8fafe1828d30617c08c7db0febd47197b98871040	15
taxon_87e87417734acd599dcfafe76016495b6f46b59e53797aaf33e893370e8e8d66	15
taxon_89547a437d9c1395d5420a1550c079f332e305d984c00e6634b9c0813d72e828	15
taxon_895dee53b29da0b171ce110e794388a6db5408175a8d86d5f7b128bd2a617393	15
taxon_8a29874e076524c3d0f30c347fec867e442143e1da15cc03b7d8adb2c35e7ca8	15
taxon_8a60add4e465494f905a75d7bd1b7917e1099132e38466ae19c8a227e6058a0c	15
taxon_8bc70f7d81c05f6f164153f11e6633663a7f32dee37941983182cf8aa34a7a13	15
taxon_8bd0d5740667418ed8d0effdda3a0a35e23751e16a495f42bd11f5f19a63aada	15
taxon_8c2e2f6a736b8100768e17e2a94facfc47ff847aa671ed2affe9be3ef91c0c4d	15
taxon_8d4efb05bc7ee5a8202eb289acedd79cf8ffaf3093a619d07b9c29d47ddf594b	15
taxon_8d689efba1ae9ead5c70a210a2e3a42479374ab0ecf6ba09c2cf2c387677526c	15
taxon_8db77d3dba4095906f25b72cd6539b6cfb2a7baa8a12ec6201ace0441c6666d2	15
taxon_924daf028c79a5ffc8a15088167ed2ea7e6937052a6c3bcdddebb7d346f53e48	15
taxon_939bc83fc648332589e586fee7a87c6cbce00b20b24fc001a676334f3521dd6d	15
taxon_96a870b8dd1a1ebe440c58dd46a73ccc443e479be8bc7f18679dc78f05a8467d	15
taxon_96d003da19e811ce613ba43b72700b4017392ff6530896ec0ab0a6f13b406f33	15
taxon_9859e9073857117b25500784362e83e12cf547d1f6c5fe8d6d085fb2bfee4016	15
taxon_98db8a71ba60b33001aff263b80c877438c6a0ef167077c5d951063fe38cfc48	15
taxon_98ecb2e98f1cad84ca7a28170b8b31cd8c7225ff897acc7a191b811deb2c66ea	15
taxon_9a38840afd4075791d26b4b38a38bf16972ef6087aecb8945d97316e0578ee6e	15
taxon_9b2f1206657b9f96a86d6419ed64a4aca5d991008b1b9131d2ef37190599a77c	15
taxon_9e6ae399f43d1212f78ac7a50a4eea290a7d180f2d729fef1f1f958b437b452d	15
taxon_9ebfd731c4fa15ba1044fd516d30cd04789a3b9aa1d8bc51fcbcd8ac5359531c	15
taxon_9f300c1fd06a087445c601aa90e841d4db91fe50c760356c1a1840e310577613	15
taxon_a2d57edb8807dcf16b1ad151e18bc2e95c10910987d4630a8fdbfb23a367464c	15
taxon_a540d04a48548ce9994e1f04dad9dd789b676426b3bfdb46b03ed6587c34fc4b	15
taxon_a5cbec82958784ddb47acb8279e8f570a10c99e06bec7d151e34f56246a797f7	15
taxon_a7625babb4c5dea4fa10669543ec748285252ee0d1e243db3bc6be0bd14dad3b	15
taxon_a79fc6c45cb8ab64df206fb3da34d5c06e4580500ebb1b56bb5cf2ef0a41fe3d	15
taxon_a903321ad44ebdacaee6e7829a41f8396ccc4b6e1679d60c7a7f4a2acc482466	15
taxon_aaa20b013910315a45befe01a002a5a78885587e26a23d3655caf58db70582c4	15
taxon_ad35fdc0378654fece61a5b3ff8dcaff38973ca12bf5fbd3eed5237a4f89410b	15
taxon_ad9e3fbb9c5e2f277ebb524d4ff27867a6051813c15a69fbdb7ce7c7d9aa021a	15
taxon_ae77000d5548763828fe8bcb9886259488bf86e34d48277cdb873d84f9d497a5	15
taxon_af6143d23f34825630bb0ae0c91a71cfd0ee53072aac878cdcb027e7ddc4ca60	15
taxon_b05e949b1553dec387d261c82b8740607ec8e5f0d720f486f75e26d138bcf808	15
taxon_b09a5a63e71585e4948b8a383fcfaa7ffcc5682b2d86472876a6dbbf16dea07f	15
taxon_b1603ca20a608cc02817bf664615175a71d08c648c6a2b63a22371f458f3d412	15
taxon_b25559c777f379cdc70f8a5d9e56438dfd62e6d22765da8de686702c9a7bb7c1	15
taxon_b29a20f8e4e43782065cb389975888d00ebc4a848df42b00ccb0d03d18314e54	15
taxon_b2df828bac45b92b588ee28cd5083e3fbae8b7e2c4e3b858148043704691ef48	15
taxon_b36524618c9afe0348cc9bbcc00d44c2dce15eb722698de58407e1359741c589	15
taxon_b40a6bce40081b4c358aba4ed8a2144ce7ba498060dc83d8f914b626cb351038	15
taxon_b4232027d0e49ca7ea4ffc3f6caea43ee716059196d80bd2919182c04b6aa2b6	15
taxon_b4236ada70ce58d14ce7b1c6747e1a9a2c86dc105183129e2b95e1f3c0e09910	15
taxon_b48892883158a7dcdc00d7eae4da43eb28d02ffa13cb03d44fbbe46dbc37e4d4	15
taxon_b4d5fff64b49fc418e331dbb0ff16678168aa0177624e2eb29a61460c3e288b7	15
taxon_b6fc80d5a79582bcc886a559a8c61b8ec5a0fc9454b03a7607efa39a607c47f7	15
taxon_b8fa610eefe97b161746280d73579a0462b9aff4136a086008479eb423f1f34a	15
taxon_ba027417abef997f3a7552e75e13ce1b18b4045d03b3ec8f86332374c4e9ad28	15
taxon_ba69ddcc5b769706caecb85a52e8d6b6961be045d980567dafca8ca1596e069f	15
taxon_bacb9db5b093b21a62c9af85fee20f4fae20324a00ea9a4c81a6707f5e3608a2	15
taxon_bc0ed23984565b984bb34650945c1ac399f8e7f7b076a128e9e913805a82f6ce	15
taxon_bc2c20ec38593579ec8c3907956c3f5ef4305eac3526155d1ac16eb880b5bb56	15
taxon_bc5ee2367a54e70258875bef5f8befdf140f8f115994d080bc38afbb9c676ca4	15
taxon_bc7b9424c0d336ff8249208f26f941eee457e84ffbc67511eae295c565dfe239	15
taxon_bcd043b311e473483287160455ce7012c449af5e79493a4493c74954a2998056	15
taxon_bdc8b377631cb4140efc9d2f2221d9d3685b43aa8359406857838d3aa289f608	15
taxon_bed15d59384c9a4effa5e09ffe39ca930076b27645ef7f2fa2db3a0dcd3a68d5	15
taxon_bf38cd0c209654d4bf034056feeb08d331f1d9ad75ecf442d18f10cb2ca43b9c	15
taxon_c0c7a72456f81cbc10bf4973992fd42837269770c1455ff132432ab725231a17	15
taxon_c1ba144fb53d2359b00963bdb712f764904bc5a59778cbe118ae241065463434	15
taxon_c2ebe7eabaa69db53221321db28187b7827bf62a08b0e7573edfd6fd3a53a6c7	15
taxon_c45c19eccf57f94acf7bba058fef005a4356202d503b835643285ab296feba64	15
taxon_c4849febf4dd58f1caeceb8ba8f6bba8ae065894d46b5157180c218ee6392780	15
taxon_c4a59987ff7c16041949a42debb91613ecfdd9ed6dc881067f5c91b671fd5672	15
taxon_c517f1595ed87b0b5817d048f5624a469398e009390021b255ce2c54f515bb93	15
taxon_c56d9821ca66d520b89b2e751981bf242eca0d1505b6c7a3c42ff7518d7d9c3a	15
taxon_c69e71f0d1ab9041a5b3d7559ec641e4b0991059d6cf2188e57f148fae7e013d	15
taxon_c6ff7ff03b77e2cbbd97df81aea9242642334f4e4984a74fcb81d12ab9ec716f	15
taxon_c76be2dbb0d62cecc505216fd4317accefea949174dea40d5c5a83fb83539da6	15
taxon_c783951ad6690bf432c0c5e268993fbe609d6f221594bb9ff6089aa12c47a784	15
taxon_c7845c13f5e8ae1619f487b37ba53f76342495ae9fb6a76d923d1a822de01f46	15
taxon_ca7498dd4049ad378f590ab26ecabb4f05f85b86dd6ccf4b278d61c401822894	15
taxon_ca7e1be212f09819ea0b4267b9db818abb591f9184dd59f52a48d42956783969	15
taxon_cae4b215da2fff5a2074505771af498e77c4e4495c8dc02637a03c78dab1371d	15
taxon_cbae9a0ee010f61dc34f1a591c1fb956a1d801738cb4981924b45959b35ac70a	15
taxon_cc7a2046b01476a8f66e00aea8c73d424965965e9154979fc801b48dbd893adb	15
taxon_cc7c335907f9856df9232e73c037a2bdbddb0ef5e97a00326418e4ae9c7d8056	15
taxon_cca623471765091c0c5cf48fbeb51e82ff1662870e51f7dbb047bf194c6806ed	15
taxon_cd82d8f3244d9ef40c0f2c191a8c4ee6740ea8dc857c83037eeb957ad8979738	15
taxon_cde16b0480d1093fb365d0e0fa5ab8fbd899d16437e01be6f023af18557f5011	15
taxon_d074c9e41ae4986a6428981767cd7821847f35e7251dfd52b0ca4e288bc9ba30	15
taxon_d07f79078440cb14c10e0bf15d7815aae7b8e55bd58c9da7c66d4a5506534c1b	15
taxon_d10f6d84d903dde15b2d565ff3df231ea463427e1a6c243236ee1f74d0a83440	15
taxon_d1f3f1620240a634df6c8fd53c8720f593dd233c15614351d677107013b00a28	15
taxon_d2e21c55f7c179f584c2681b4e9e663606f48f82383c5113adeb009d86252c11	15
taxon_d382f337f9b65b97520f6335a78965c6adedce3ee0cb5c546b3176a440375f4d	15
taxon_d3d5f857522e4431bac2e0410c05facd0208cade6a48938d20e908215ccbcd57	15
taxon_d40d6eb9d80f29d70e8e3ab5cf0b7c7ad08658b3abcac18dd5fe18ae56ac17c3	15
taxon_d4f7e78414c5763c0cbf8c45ea9336aa7c670ad8ffa17daa647bf4e86ff6865c	15
taxon_d69541190fa02b424884934eb76a1e9286ae9b0d8013530b693be7e717d8c9f8	15
taxon_d7637f8c707b47b59a93c187335083349fff321f69d1e059bf651ba16d009eab	15
taxon_d863c5258cda482d5a300e311e8c4dd8d5aa4849445af900cab44ea3ece0c831	15
taxon_d9da0f4b7d28d66460cb2c47c73b1ee23922407aa7c3afbc61c4ab5f52251ef8	15
taxon_dc730b6f9dbe95cb85b2e8b068e6423f618f12816fe04a431271593071467492	15
taxon_de5ecafa25e6e011f0b2d0bfc88481e44bb9a4a48f82fdb8dfa3a2ebef6751f4	15
taxon_dec35ac45022202610de5823093ffa276eec8672ca8a4fdf3f3ae7b8a48a2bc6	15
taxon_df65ecf7eeae2c485646bb4cd14ccec38effa1dcfa521fbc782f6512a6422ea9	15
taxon_dff4a5060500dc23a86442e0c7f9a44168321a08468e666bd6795a400a7bf0fc	15
taxon_dff84609a2d4245f039f56f4815f1f0ec93364740d334a60bde5c23420a6797f	15
taxon_e0973712ca24511e25625d1f57e66f1510e2973b55b7e8c1aeccc182e0ca7d90	15
taxon_e26c81e180d7d747e7fb32fa81ba81b7d09b9282e652d8b2fe759e3540a0f86c	15
taxon_e3b23367406fe666f3634503c5b62412ce7d9ed757b7b1fc07ff12ed81a8710a	15
taxon_e555210ae439fb5e42e189684bf799b63c817eab59bdb343e9f5213622df43c5	15
taxon_e57cb1986259826775f0f47a0b5710e5e33ce247e86203991c4b67bd16b6f10b	15
taxon_e61ac906ec8cc751f0b83071edf56e0bd7c895651db51e3118c8de42746d9074	15
taxon_e6f55fbb520cb5bfc3ef99e7a00c8089d9a2c0afb9130bfe2d9b6742f8e0b8a2	15
taxon_e791ba7ceea3a9e77bdee82de4c320a3fb28336183a99059334eb73e9a2ddb76	15
taxon_e7f5c7b551342442cc249ca86da57f71786bde64954eadaa33583b654bfd6761	15
taxon_e910f5bf14d7f708909421f8572ce788bee43437ec9afe95cbe3cb12822ba582	15
taxon_e92410999520d0830dc34797833105f618e95d7db0125adf2111c8b24ce14e77	15
taxon_eaaeb810f4e6bb002a575f6a2eab0624b4bbd3a906cb205dd7f59e4231d35c99	15
taxon_eb3f968d50dc30cf0e66ddd298a13eed2a994c415ed38058034984c5e9531f4a	15
taxon_ec8009eb6690b0e377c6e5f51da367511d200f6d428b93801ef33bda4f444334	15
taxon_ecd8c6e9b284f35b3a1ff8691b50856b3215f992f2dac4731ecac4688817024e	15
taxon_eedcee3873205b328b6b4edb29464ef62d64f47637d1309fcc7ce62473180a29	15
taxon_ef8ba82901d3c9cb4b3af5599e9135805c4355a177ee82157386e4da7582c029	15
taxon_f0273b0c42bcb1755bc96d8ec755491d71914fb5cc65c0f90ae15c7ef2966509	15
taxon_f1a15e08850145601f470676817d52da24210d6ea17617eaf6b022bd860e1218	15
taxon_f2f8b39004542470f3ffe7711f3ec4ad5e42460ee7c2ef5cd6cb86cb0a0a1956	15
taxon_f30d9b00761b442b7505b499177d05cae1a71b4b4637e3ba7d52a323aa9b7df6	15
taxon_f3dae760f4ae567bb78d37c0c57b86c00afe596c5e58dde1cc2f6563b70505dc	15
taxon_f4a8c20421f37efc7f4a9091dffaf0ebd96b12c34be6cb9557c352b9225d383c	15
taxon_f4c6dfa421b26653f9da74cf8cdaf133b631e89e4972fb6054c8c45eabfcb07e	15
taxon_f58b21cab23663c0084a793dd315aac37b247cc3e962a6a549046abf05413f4a	15
taxon_f603b1c7e08ce536d40a6d8ca03968aad9881a54ca99e5ee856bbb1c6ff91ff3	15
taxon_f74187f11bf9a386bebf180408785d7b6f43ca28004ce4d1228bd25480dd2246	15
taxon_f7c57763bb02133e4466479073a5f4e72986a85038da563b0f2cea823f4269c8	15
taxon_f98e1171e685bf1ecab002af6271d19ec878a8c2e5517c595e0e367b34559f25	15
taxon_fa4c5e1a2ef9f83b678efee85ea67b7def2195166e59bc815ccdfca0471444de	15
taxon_fa53485a9ba8eb04d065b765158c2465c8e6f843ab7ffe873da575f92c531ef2	15
taxon_faf24b08cc2bfe5e0e20bff07969447673b988375f1157a1e66a805b1a4d1a48	15
taxon_fcc52aa050c6e323355160ffe8986ca865774ee323f5420b72ea46338a662a94	15
taxon_fcfd25a98b132ac2fbbf217f6b726893ab4fec16dd2c727e9c87fa50faef419c	15
taxon_fd4aa72d60adf62672d858f42eee9e350e73f6ab0a759dd00c5ead8788b04e7a	15
taxon_fdc837ce7490cf1d5d25f997933cdd74b1cb78ff1d5d974791b8f5b2eafa06ea	15
taxon_fe21e37c42dfd79ee0abceb0be8184dde7f66e7eefcfc756f10e9d474803ac62	15
taxon_fe53d4da6c9f56bfb52d0cd443032afd3b9ae072da1f0db7c92d6a6bf9500fe9	15
taxon_ff6c889c09fcf74fffb2bc7e461c300501be1f74b206babffd241008465c90a7	15
taxon_ffbd78ab77258f3d17aaf1a9e33c3398c407a06d0c00a4b36599764a911a112b	15
taxon_ffe18821109ffcaee83b4e0ca7a6089ea90df78957d5819a08a097566985a9af	15
taxon_008914bc024660e5c26f480cd1f2039a4062a78302e81b4e8b5e9e72af46cb93	14
taxon_019243a63e0fe20e29a9c5d190fdb484f9798915b60307cac37413b1105a0195	14
taxon_0258bf870a412d1bf4745b16dedd59c80c152e581f30d461d648c0f457d38fbd	14
taxon_02acff0638cbd9310658b4d858730e7e9290a093f0570324dacebd1fe24a6390	14
taxon_02ceaf121ac2fa30e56f0dd0e77de4eb5cff74d5fd4eb52f646c7ed39ee93dca	14
taxon_0318ae980eec94c54aa4b488da295d69b264814420e747dfbb76ddf6de2bc0ff	14
taxon_03217ce058e096a6c80d5af6e0cbcecff38ca9c91cff83ef3747c093ad123b4c	14
taxon_035ed2ddb5a385277d7a99ac75397f7a6e53056d9a80042418aefddafa2469b7	14
taxon_0376ab1392c50f447c5f2487d5da41b251f45b4c81982a5bb9523baabe4712a5	14
taxon_07bdf8898109c3322340175d3d78238c7414bf048f10ba9010ea850625eeee89	14
taxon_082c6e56b4ec2365db1bd9475fca267b2343707f41b569de32791d8bf2909695	14
taxon_08cdfad276fc8da9124d9380763635adf16b776b918d733c0041a2661566931b	14
taxon_09935afb0e071128631e1a94a0e066df74b229672b9ad5f0568b3901a452ae1b	14
taxon_0b091af37eaca766030acfeabfe44f3edb74032c66228d274884c3f23760500c	14
taxon_0b1610012cd14ab45c391c6f448f3436ee1841868f541c74d699e404332bc0db	14
taxon_0bd8744ce7871eed29c1549220006734818960b82edbc8fe6bcb4b12c9620b64	14
taxon_0ca1dc7b2be35643095bd0b8b8f1077ac0568d2dfb7e6a2caff6467b46483611	14
taxon_0e5114bfc3af407c2eeb8cc4866dfaf18d1ead1de7cf8d53cd35e9938e032c50	14
taxon_0e7fac3165ac6889546292e93f9e6ff57ee98e049ee82f8711b92cbefe1edfc3	14
taxon_0f6d71374841f98b4dfccd4136494d681913e7afbcd820e47dc04fcc6ffb6b3a	14
taxon_0ffb6652cdf756078c9d5fdd452e2a07fb5fa6c63ded24131f6cb68da58ba853	14
taxon_10131ff5655e618ecb879f1f34daca1800c1a9cd5e043de14f50714cbb3822e0	14
taxon_112548f2adedf388e070c4e94298bc23720fb4a4e13aa782a771ffaff37f5caa	14
taxon_11d699ae58ed9e61addf251b6176b36838f3d9fe8403a64bff8c24b8dea03f80	14
taxon_126b884f3b77d942897a88b55e794380c8e0129c002806a7c6ae100277eab226	14
taxon_14b1eb89b69dca70296abb0097c95442dfa9b8b9589d33e6b3a833307765883c	14
taxon_150b5c08137e590809d5f1542d2409321493d43e96138575b09369c35a21f9a1	14
taxon_1635b3f9a4a14a2e2af676d50153b3d39103c7134254d11aee6486478c917466	14
taxon_176c689a0e18d1f7c1b3df64b2d040ba88066a2284c5256a8b9148b371787ebb	14
taxon_18142b4f94a35c1d816b14f92b26b735ec4ae95f7c9345cc4e8340467f94590c	14
taxon_1860a1900d59e5de131ab0f7258e355349ff9ae243fcaf4d67cfb799130467d1	14
taxon_19f55aba37fe819df0a4cd51beac8cb70bb06eea498bc138129f21ae6f522d4e	14
taxon_1a1ef25dcfd76af4e0f6862ad87c13bbca4410589914ecc3e3adb383c3d8023f	14
taxon_1a849bcf380ff3d9e677389ab19e9d0268c59fc7094c55334ce2b50e0e9e9852	14
taxon_1ae71820205d2a11fd31a39fedd43a86f1fc62e3167e0c7a290452362dd734d1	14
taxon_1b02d4aa294228dda37695b0d10baa49adc26c0b3661206216c0a1623ebe3625	14
taxon_1b1ac433d5ed506bd7b22ffefe2a3484d51dae6aa4a1625e3dae833558f37630	14
taxon_1b38acf9ecac2f01f4b3dd29e8e524fb0b336b7ea1536a6050190cc43fb54fbe	14
taxon_1bf6a5231e831af8380629087ce8e8ec654677ad94fd84048f9eb8344607e869	14
taxon_1c19ffdafd267aa6c05800baa8fccd7610c71c3fb5edc0386d8c99eb96bcca9b	14
taxon_1c388b73269f168efceb67f7e8a728e159f7803c9470e19184845868a0b57234	14
taxon_1c9126e3eed41b79f723d7193e68efa1197e02dbad97cbd184a4da79d920542a	14
taxon_1e1d68059dd2684565805795925fcf2a29204225658e8e0000e5fddc59b91c85	14
taxon_1e7efae24604cb2bc4a715d83ba08a0269be301baf7eccadc454d8237b29efe2	14
taxon_1f58dce4050e497187ee639abeeb996d5b19c2a3423eaebe27ed15bfaa6df173	14
taxon_2269158212b085c4b5a8364ebe5663e5baf8daf8ab88ac60260770798062d4c1	14
taxon_22ea94ac540c7e6d7b18296d677e09af7bfb8bebf716e903ef9ceb27c4b78fa7	14
taxon_25d9f5a1db9f1d27703c6974e771da080d380625a775d78536f04299531bda64	14
taxon_26c6f9c9b1eb81281f26e63908b2e4a0e221dd8ee6332c59789fc066b3eac76e	14
taxon_2782a568999c4ef8aef927472a7788a332a43ca2d3fdd97cbf585264460ba0a9	14
taxon_28c971c3700d0b4ac1800f2c490f65de84d46c5d795ed6d30af8cd27b80c427a	14
taxon_29ad37dc9f9e0909399aa80833e4056ef5ac8f9380ddc9e256219e728b8703b6	14
taxon_29eeac175bffbc52f219f24caac402608da62e5b5eb3dcc37e12d2298b3e270b	14
taxon_2a4279dbf945cbd3958d0fd03971c374357de747dcfae094bc067ff6960bb001	14
taxon_2a4f94ed5b1d8013b9929e43c77f9559dbe11702f7cbe42597a4e5e74405d63d	14
taxon_2ac2d405783eb39a00c4c8bd48d2eb6d0e24fe14aebbace0900667805487c1d8	14
taxon_2aeb07ce88fb00c0e4df0d482e3d46d19bc406f0ab8f2b5a4f7421306808c3b9	14
taxon_2c08a1bab6a52a702bbe14dfb2dc6501d17775830d4701210a96a414307aff4a	14
taxon_2dc7b0c48cf963e3b6f56c285f59bf433a98d50f012fce4151f71adbcf0f06f6	14
taxon_2eaa89afd60058bb9d29ea01134d6d9a630bd809f99e5aae31b786ea91bd6181	14
taxon_2f5b9d1e4b57636987949b3af21dc9782c76dba0f4b9ef35969f39faad91acd9	14
taxon_2f8232df55e35039f13118f7019a2fb0d5ea54161ca1b0e2172add84db759b5f	14
taxon_30f859416c4362dd52e335c0887584bf4cefb82ee75f93b43e29e55b67ac6798	14
taxon_310fad590b1a9b6997a0753ea05c17f5726da005c98cc55df174a688f62a4d90	14
taxon_319d033a206dc53ab44c405c0c622dd86eed7dc6a49be637f63452901865f325	14
taxon_3243d5a8518d3b558e1d6e960198146fa20f4137769217f7fb582d17922f7bd5	14
taxon_3251b8cc4a5a92c3f2d1862927c26fce602d1ff63985612a95eaa5d7479a18ac	14
taxon_35272d25c58823bf7b34aec60f793668f11b2fdbdae183c5a0f0d9efb4d27abe	14
taxon_3744ddd41855fd722e7b44fea3742b5ebf7d0c80d7f7eacaa157dce22218757f	14
taxon_39c0a9389a21d193240568bb75be64cc0327058ce3e3c8ba77b63bcdc835b070	14
taxon_39d78dd0b4d0c87a436a288a3415ce7f3d0289163078bc62e51dac2f6d2a549d	14
taxon_3a7e0717f6aa5b344a0ae9a23a328c29586bcd3bec7b7bbaf6d057aaa5ad1d2c	14
taxon_3ae465d459c57b92c50640019d622bc6cc7ffdd386c3d0281a8bb268dd3d6643	14
taxon_3b344e63c845fe86e8416f8ed63dc6ea7c611964a4b60b2205699448b340ffe7	14
taxon_3b3d08af8235572b5cc15af98010ba497b35742bfc59a480e2e5b985e14ae3bd	14
taxon_3bffe7e43e901bb350bbd31ac35f6e3c11691db1cec7c952f42b4870045b036f	14
taxon_3d30e1435b222b21067137c3b7c0fc4511b816d9a6f111e0e7bfb3ca8d78318a	14
taxon_3d33641a6fe4c28c9c3ae19af1c4ea14b04a683d98d5e296e39df005e9ba169e	14
taxon_3e6578b8252f0a476cf128b4238df994c9be983babc62bfd7e5e694d4be630d1	14
taxon_3ea0a954b6f9437b0d6be76675c45bb6835893294852f4c3446619253adc26dd	14
taxon_3eb4f991a6866ba6794da8a20a7e0660b7bda9036cb9e7dc4b9149aa935eba3a	14
taxon_40c912a657d26381d65d14007397e26f346def296fdda95fc43c805b23bfbc92	14
taxon_41057ced8d7eaac73a785e6e83b98731374746daed91277b61846e987b2e6ab0	14
taxon_41123b2a6ad991e7fa278f4aead44bd3a9cb8d0bdb2879b56e49c14024143228	14
taxon_4115f9678de1369e1326a17899099e7e6739e636a7df0032c9487ed9346ca35b	14
taxon_419c529ff8f194a5b17d0fd3983983d34b377d085897574c5907da5a916df840	14
taxon_42bc9eb2a4e7b818a78aec46b12c9006781cd5eec533c21bcb10f67d712ccc95	14
taxon_42eb3e884546fb1fd51a2817cbc7ab05cc209a0f074656fef27d18c46182b974	14
taxon_43fa295f24c0dc186b67457d780e0fb7cd3ac7be1d87f175c57937917ca4e936	14
taxon_44151312abce42333b1afb48abc7860313384195ec371ba8e25b08f483d093a6	14
taxon_45116a1518cfeec3e0977c9e8fd152df3992c0b618d984ded4e844c4767a252d	14
taxon_45ef39fe1b532a71ec5b6e5150ca5b966d72a45bba2f21efba70703e1b8d863f	14
taxon_46328a3270b6b809daa6216e327129c58eb60cb9479bf9a4886d857d4c4db693	14
taxon_472aebb5fba5094d3c5195dbe8cf7837011e421ce9b2885b15c570384b159226	14
taxon_47ef7f5c9584142652c947d2f38ce65c1912c1d7dae2407ce1d384bf18abbeaa	14
taxon_485b3e337c6a1bc3f934f21dea5b775f67e4ad83f4c1369952fbfab080b92f77	14
taxon_485bd4259f7427165a84f5aab72fc731317a8d5a565860aac378d84c0861aeb9	14
taxon_486346c9571967ba035781d359d61ef60491e45284c1cb1169ec8a6b0b0a11f2	14
taxon_4a8144218cb823d879a6e1fdd967728104efd9bc71293bb0f563f6e2c3711f55	14
taxon_4acc696e5c86b7c79a746a0d7952f4cab09e0bd5b1334b02446fa727a0e813ac	14
taxon_4b20d22af5af21205a021e9a9d28366acffbdb62ddecc6431b61a5c8304677da	14
taxon_4b742bef596ee658a05c4e1001c70bc84d7f1af8814ed2d5f8a9fcf704863440	14
taxon_4b798a360b9919254acf5614e5c338fecd017a4f57de3d63b703db983f565af5	14
taxon_4b7e1949495f9f65102cfb88eab8a1dc8b32b128aac792639119a512e0609ef7	14
taxon_4c4b7bd197d4a789f999ea2a2a08717a3eeb6868e728a3cbbb2b438f50cee478	14
taxon_4c9eae64cb9bbe8a3080b380368f093755f417095e2eaf82cfd7db6c1c64d619	14
taxon_4cc69fa0e40c0065b2220fda4e679f62b3b5c152509c4c95ae454f5b57e40a76	14
taxon_4ce09139816f889436030d0b1750c0f448a8e901f073aaef78368a80c282f6b0	14
taxon_4d3dc1c9cb3d2506a78052f98b947f03ecc469962d6477823450f44aa862279e	14
taxon_4d4425c58d5f253256388df447a14291b6cdbd2e246b06b724a69cb4421c094e	14
taxon_4d73b53c9be9b27cb42e90cd1ff33fbed51c3441c5823a07eca1ae5a1b73450b	14
taxon_4ec53cce1caa7eba1cdc186ec25e1575e46bebb1571abf4fc16df97f935c7789	14
taxon_4f54bd02ff7ef4759a90ff6e1da7cc18b36ea1290068dd476e40b2146e9622e1	14
taxon_504c61a7dbb2250e8d3aae209dfec542f98c4deff7022fc41f6269933ea4c697	14
taxon_5158296d648d7edb739cd222721809b38a74c24e5eb707d78c7a48527e0cdb59	14
taxon_53cf76c3e6f0efd8e2b5b20a5faf28122c8e2fe80d617c09ce565943d8bd94d0	14
taxon_56e85a0c6b32555c5331763229359b6340b34f2a6ce8c6cdc000d290d026f9c5	14
taxon_56f902674ef24779e9dd9e8dc81cbc5c10a94f85b63c0440875e1346423f33cc	14
taxon_581ac8a6b1d571980b54863e07b6bf3aaed49b1a4701f9c4d0b6559c8345eef9	14
taxon_5ad131d405992723b58b1de5b21391cf742e767947e4db9ab83460a262709a9f	14
taxon_5b7c117e6d12d52ad02e14c20aaa78fd7545c15e4f5db249f29e7cf2045efee3	14
taxon_5bd4467fdbe7166ec7c630d62dffa1b151e59e6da7733c16aedbbe9a792743df	14
taxon_5c293e24f729607fc2cc10025b53d98b8f83560b4ecbe57aedc068deedbb1738	14
taxon_5c84430bb1a4d55326332e1be314dde2a002578f0c3c9546445311ca81364cb6	14
taxon_5d770b6ef4ab5893b8e8dfa30826be0fc6c4969f312e86fdc687a904bb4b68a1	14
taxon_5d96c2e33eadffcd49742fd03621494162ea9279d135a42ce916baa36b93352e	14
taxon_600986456f162093ae9c4bcd2b651079c111a8f9b7c48781e4da1d851097e9c6	14
taxon_60cef66c51353a15f71dff653918a7be0a451411ac4a80fa78c00fd5e5a32460	14
taxon_61111a900a781f3840c56f445de91c27c162112a12cdec05a10ed0386a330d9f	14
taxon_61a6cddfc5c8c0f816c132ac909ea79785ed2f032e30c1054286d100c81f87b3	14
taxon_63f008d4bfcc7df347388306c3429523f7a493249060da47ac6d14a3271f5658	14
taxon_64ed5b6a2784700c83ca46bdce2a3d53c3cd493e09b7af3abaf785f21baac2e4	14
taxon_68c678e3ef2e1d274a5414afc6a30a794f41d15f2394adab5015984ca48a26e8	14
taxon_69921920e320fca6354100c1ba0d44892acb1c2de07b8068ccc50c82407453a4	14
taxon_6a5f1acba7e496c218788ef57b3257baaedd77e8a82fab46217ede8ecad44d5c	14
taxon_6b487e55ddb64a7d6a96bf9fc0625af3b021459aec9f468d89cb0753ef1b7abb	14
taxon_6b8e66671482d1e6bb5d7a0608923f97feb5cafbca0a0a7c34eb31137c1e3ee4	14
taxon_6ba08de745028e59fde0311de8c1bc3704a81a39a4172e317ec87fac6ea7e8fa	14
taxon_6c354b1ad6d6eb41999b21a1887ae971cba0a11586e094f7e671575ea0d16d15	14
taxon_6c7e896455ae9a1734e379cc51711efb9d7ef3a7f1ab3a8667d48022748759e4	14
taxon_6d95bbe594d508cabc6bcb32a40064284d29e405333dc18df2f17ade677c3d5e	14
taxon_6e6c7fa60d561dc80d7b9dca371dc8bf89331c21011a04920e9fc39b51733a58	14
taxon_6ea436f559e094793e0c6d7ff887474476cd822109932f7f2b3e51b25cf3917a	14
taxon_705d25614f77ec97480907d8666769b4036f1d0160619c835df176e9c714998c	14
taxon_736f346ab462cf79d1edcdb2c5ccb1175fd2089c79fe92704f69a406c765d384	14
taxon_74c63a9aaa1fa16c90766c2ecd965d220bd4b2c2b90ae75283a87d0f986f0020	14
taxon_757fef6e51e0a5cc8042670baa1a8487ae276ca943ad3ad2adbd6e9ce496a3a2	14
taxon_77c117e7daf588234aaa5b35fab8bfcca9c32b4f2190696fdf987902e11528cf	14
taxon_789b8754ce9c3a97cd55f9a7ca3b02adf7d3453c465939e4ee01ac3912f74fa1	14
taxon_7967bf82b8d5cfc96d7e72ff5b55bdc95a444be1f9de8804176ed16a2a97a03e	14
taxon_7a2b645c0d8c04eb0a718d3f03aa2971fa378c4c9e7039171a1d0739ba46c337	14
taxon_7b8dc2fafac9e0debf865817b2e1423df353ba262aab10a55bb45e9eb103a7fe	14
taxon_7b91e8fcbbc36da4416d155ed40cf747ea642ea6059805c4ddc85bff10fc740d	14
taxon_7d0399a30703725460ecb185b8c3ad29f19de8fd79e1bd5943dcb92e189c7381	14
taxon_7dc3dc6cc9993beb2f6f20bed6014935756e69af0a3109d4ffe79c70e10a503a	14
taxon_7e2b52eb4a32bac8d77433a07232f78ffec27aa24b8cacd726c4cbe813e11f8b	14
taxon_7e3a47c9711cf3edc41d6e795b9b5231e20066f8c4dc7724d9525abe95db38b0	14
taxon_7e5472d48a94b268a6bf6e2e844449b9a7c3e7a203b8d0d967f49a7cc7a69630	14
taxon_80246e34371f2ad218cd7eed70de54602784f30473622116163aab586df9a475	14
taxon_807b5515fa16eefcb531b0b75a532a19436cc46a9b1eef5725fe22adc58688da	14
taxon_80dfdb2a8bacbef2ef3c50151dbcdba42aebe03030aa166361296f7db71ed1a7	14
taxon_820b8af99b1f1386279a9083bc4a7adebb33796accd00be0574d5a6b8414de5b	14
taxon_8211af91c06e1a1d1e41b045e4c42f845dda6ebf45a50abc474810d3adff2e8e	14
taxon_82853e98708cf71772eaba345bbecec038632423c472f9518424826b685162fb	14
taxon_8457b0aca9aa3d06d55714782748e38b6e8249ba9f091cc2ad8feb96cc4579de	14
taxon_84871f189e820a3f9846d7de54cdbd88ee83946735bc5f76dfcf03f9b35b0948	14
taxon_85c7850bf8eeff830b65c4c30d2dce66219217d00f94087878190ccf31493379	14
taxon_860a0d2cb24df6d342d1349045f83abeb49d597839606c4caacb7148182d4647	14
taxon_88caf2123161783550c424d61aa50efda33a7746da1d5eb09d1714ad8bf319ee	14
taxon_894ac6d4dd33e095d1341e9bbeb509295d594748e69c00cb343125f8c1c1fa31	14
taxon_8a1790577383eceff0036e7d1b74e36e2014891a4091c94d723180f434f80600	14
taxon_8a6389f2b65d7720a8c267c1f9499a3a7e3d0940e303d6c758af4d2d8e8ca94c	14
taxon_8a7a17b959a8cf110f2db55621148a62de70118fc64caddd888b8dfd00c39a03	14
taxon_8b46c5daa9b1d993bec4b47d0eafbd4dc336a5e885e492bc3c5fc10870c87fa5	14
taxon_8b72b13efe1f0be5b9ee7efb366b72f81d38c403f6479c23eb6e984ecac55014	14
taxon_8ba7ef9b0dfdf8f2bc270be4d37a2594195f1d3eda6c300cf1521475c729e9dd	14
taxon_8be4822efab3eaa8ef985c49e0814ecf725d7bf125ff409ae7de6e4afbca17c8	14
taxon_8beef644ea32400cfc20859a018fd7b818010137c88de8b8929c8d7502ecc2cc	14
taxon_8c9d8d44e1df3e048e928cf70ff485f120e81a925ed2a78fa4a1990880942751	14
taxon_8d443414e21debec30240e18f4867505eca78df9bbbc73d48072a966576fb128	14
taxon_8dde2181731605b765f5436df580f8915f53fae9533596e01f200e76e5ba4aa9	14
taxon_8e530546f5dc807b04edf13e280f79ed5857cde357566ad4360a0c9dacc4aa7e	14
taxon_8e836aabca929c1a5be1b10f73de42d409ad306d37830a95d8970615e30b60d0	14
taxon_8ff84ef471748f624add2b8c931c381c6830eda66a74307ee69a74e56ea3100a	14
taxon_90c4487889e9d755e164019ce2dae21814495616c4eecc316d7f56a6f920d1b9	14
taxon_90f7822f352f004e6b7291b5d98c840403e6962a08b28a2d2e5124aa9da32b15	14
taxon_91604c0ae0201b30a77a8df46eb1eb53439897dc6d01fd8339fc637bc2d417de	14
taxon_91fa030a3910664c0775dd557c3fd6eff29883a11c9674dbce6fab651b32f7a0	14
taxon_92a6ff7e35e512ae1df884c6f034c53caf0d8648351e3a7ee8314fea6e9b9d3d	14
taxon_92fd7ad63d794a6f575ddf73bc224e118f98cdeada6fdee87039d8122574e88d	14
taxon_937ffa0cca0f425fd0bb2d418cf6a3942345e2d564fc066bb95c574c0c0e49f4	14
taxon_945a4bca6b74fed60f940456201c5e0acba6d9f1b9132fea7a7ee6ad69ca7dff	14
taxon_94bf1f1473d0147a11f49c904b7910dc07d141d5e00292cab51dd0d6551988a7	14
taxon_94f246d383830e6efcd4d0f741c61c32fc85e835d66ee815f2f6e49e4bf3b3d6	14
taxon_9606cc327f289307a4dcb212a02ef8fd72ed2dd4e459eb3be4784ee16e98f17a	14
taxon_9702989d8ef6c73c3259aec87d713e43b6f14ac89aef4a0b3230897ccb731ad3	14
taxon_970d03af6bb857f89c10eb2822c204b5b1769a455362a33bcc931c828a65502a	14
taxon_97c7949259f4e1d654361ee401044f090e8b4933b51a2b7336c53effa81dfc4a	14
taxon_98cdb9fc57a23ee0a534e499e9f7e33a3d35575677be440d0acd7ab9b126fda0	14
taxon_9aaff92324b26a73d877f202d1627bbe3151902cc18b37e2075de5bba856080a	14
taxon_9ab19251ed7ade4df2bc56f5d2de52df148bd4d96d99c2354c2e18b18d4f9759	14
taxon_9b253aa8ac1477ee6bb2414705edd470858ad4b9cdc770375112a778ff0454cf	14
taxon_9bf72da13fb99f9bf901fd06a0f6cbebfede478f3876b8063e585173c95d057d	14
taxon_9c07b6ca064ed8b621ec8bcecd6fd4356d3a4e908fe069b3345e27836e6c081b	14
taxon_9cbe46962bce5c38f7f41a68003b85cc46bd4e859dc6b151f5786c013c04045a	14
taxon_9cee0fff2f82eb9b1c17317ad87c5d02888bd136d6254f4878d1444eed2fec74	14
taxon_9d3db2d4b38cd59d242c311a9b859c84ccfcc83484dbe8a63af2088e5880c7ac	14
taxon_9e0a7415e17259fc7b75ecc06eda27b51312ea62e181b4b502898823e0ab18eb	14
taxon_a12384e90a8f31214e89a94805e8db95b003ce26ea8855192657525aaab65e61	14
taxon_a20759250c45042a8ae42b6d17c5a9d7476af19fcc364496d8ef68568c9227e6	14
taxon_a28d417e724e74999f942efcf1f5127734d60c545bb3315d447af76c7ad960c0	14
taxon_a4272b8635c20dafb9daf3461f3cae555b379b03b6baad68580aa96f765bc37d	14
taxon_a533ab7550e6b6b7c18e9726113e614ec6fd9f2d1c35f80894157b6c3e64937e	14
taxon_a5ff6e21260e3481a4268e8412fa113fea08000634cda10b0e1994d3ae4515e3	14
taxon_a628aeb2e75d8c57475673a4cc8326783e8ffadb6fae05985ff566af7381aa52	14
taxon_a669224c8b766f6724bcb788891f2b5f695cb45633561f43295d05c8d13db4b5	14
taxon_a772d420749056acd58ee87aa504c94052be35727051fa8fff0da4403cd5ed17	14
taxon_a81b554facae911d6905bd83febb7ab8c806982732beb0b7ba95de63801bfe25	14
taxon_a828441904777fe5af00847b96cecc52793e579238494b0f9ba35d96ea95fa5d	14
taxon_a83278e289c0ca222083dbc218edddfb2e4203ca634a0ddbe1a88f9bf8742da2	14
taxon_a8ac53861d52540017239467d52c614b4978841871f5fef615123ab40c286f0f	14
taxon_a9c3de785122295af4d74d71caef2a8b629d983bd670ff12839b3ce27120a068	14
taxon_aa2136ce6587532e12524e2c6d1765adf90fefb21e50eff0983d14141a8cac63	14
taxon_aa328df187611ccc2e8dd1ebf071c7fddf71a906ea7d2421fa498e11dd38b940	14
taxon_aa59784a4541e43b7e5018c5c7068ed768ebfd14c8ce34915e6e9824fd6a9615	14
taxon_aa67c03c4518dde8bc8a4e4a050fd2b56c1ebe254030c2eab59b8c9c9cc9cc16	14
taxon_aaae00d395e595b90b9b03bb3b576aaf37defb12fe8ae645396a2b96d31eab07	14
taxon_ac9662351e3a7af1a36871603dd2c84aac32ba7fd44af0ed5ed2d3bbb84c3050	14
taxon_acbdfb7724a762ed1d142cbed143729a1fc8d07a16c9b3192736a770116a884b	14
taxon_adfc5720a01ddf511541fe03e09b1beaf59d06cf4d4c5fa660e5d72249c43936	14
taxon_ae14a5f1cb4906e99e37c0e666d28c254b857f3de87b48b40371b3eeca27b6aa	14
taxon_ae882081b82acf58a554809b0fcb14d1bffbc70b2bfe6f219b1c616ac536156a	14
taxon_afa70b0156e3fb32e261ed6df06c7a5625aa94c02144bbd9851f90083f902daa	14
taxon_b1a89bc501c236e3476de63c45845d7b6b9ad17dbf517f669866d7646c988df6	14
taxon_b1bef657f8c4fa11d2a83e81782dcb6ebb0efa4cf97e7ad9289a77f02e0893bd	14
taxon_b29217a1039c1c0529f34f157d181f49d7a4d42afcab9a77c5ece1668d6ccb9f	14
taxon_b326572146c7342f73dc26f67c5e660e80f68ec9729f9865d74d5b0eca56dde6	14
taxon_b326f32592d5c4342bf269f4bd7c2a3d1f3599e1fd00b4d810b8949a44639afb	14
taxon_b43e1f9ab86a3e7f1f2b8f22025fd7c100e96d48fec7a7c17aaaf79a3ca6d5aa	14
taxon_b46878afcb596168e4ec8a5d37bb07b409b66386bf280fbf0cb023fc83f3e3c8	14
taxon_b531a19343f04f93e2186b265845f4f25355e5c98da0995fa3443a6a4093e9ba	14
taxon_b567bbc052996e282bd804324e829a422f48129187b625d7e547d53eb0a02842	14
taxon_b5f205eee6212b7e95b1c903199f48ee553ab7aacf01f6a3733d90c92ec9548c	14
taxon_b608c29b210952886b788f0cd081c4ab0a2b33332ab484dd5fe46e0eeca576f9	14
taxon_b7af1e1a05515b65a24cc2d9dffab5f748145ae0d0878e0db3b96849209c20d3	14
taxon_b9e1829168dc1d201c0bef2b3f38ecd3eca4891a29303f2e3afb0db340fa1b15	14
taxon_ba3bcabd9946d6ce39a0a0352e6ee05e2bbee7d317ca49e2f668ce29b28c1b43	14
taxon_baa3a270eece64439b3f22ac33e11841619e892085b880069a27f5d2cd8d075d	14
taxon_bac172830450bac14798fb1396948711594c449d74e9acfb3ad05ec2c96c62ac	14
taxon_baf6d1685bb5a4791345aadcfaacdd6fd1e769b6da23f095fe1237d3b8201e40	14
taxon_bc23c6a9b176fe5cdd384acca246abee869126c17e8ac988fb5bb326da78ac63	14
taxon_bc619e867bc6215882a17cb9e47bdf64d973012167b8b833ffa4d49e73dbb9a8	14
taxon_bd1130d187ef7cf2caf95a5b195d21d054f8c7568bc55f3ee429dfbdf927c6f9	14
taxon_bfa54d2002fe9e78973e0f751db2ce1e55576c73f2726be98a156d27de320605	14
taxon_bfb7586a23e7df7fe58c8c5b9bb6189b97d4db0d9ac6056d39476a5d0ac33d93	14
taxon_c157c39bcf3e699afd3dba5d90411391045e6db902e52a0a16738b468edfd809	14
taxon_c17e6cd44ec083e8d05cfd6edc132afb218fe4f6f4abf0687b4d6708520d9647	14
taxon_c1c57d66ba1d81e42fba795b19423a7635cbae3d7f958386278dce3c7b5b8e47	14
taxon_c37be8a936f59ecd417fd4d091f8cda9e152b925c92232629cd5470209f5215a	14
taxon_c3e3ee03bf0d8944b9883d487cea5332712647269d5c9989154770e66323458c	14
taxon_c47a553472672ea8ce32b71d7bc194ff57297a54b99827614436357a2a98ecc3	14
taxon_c58fa240b78935e6177d944e50fad1ec217b4e870f453f35b33ee11d65e64b4d	14
taxon_c5b169e84d49eacd831f08bb1ee89cc6af194c9b1543848c0c78a9a1f9c5a8f8	14
taxon_c6d044927fa9bd1658c184f001f3866f06de05cf03249d413b7704e268fc87d7	14
taxon_c6e50bfda36acbd7effb710e5d537185f2e5c5f50f6f7dbd9c13af9f07d326e2	14
taxon_c7c99a2b2ac19bf144954f435d9cad9c15278c4a962efb07c478ccabd0e588df	14
taxon_c7cc618c2f8022e5cd3399ccf83d11d53d388d33e2ab0e06d55171dd183bcd82	14
taxon_c82d09a76133f1832a49c00fc54f885a6f18c77a9fb246b20f8665f525718aeb	14
taxon_c9d15b0e120df1c48cf3826795e73c0652b10609e6f0f2240b94e324ee229bb5	14
taxon_ca16ac89949e2e17f41c54e8f8ef107b73b8754e05f2767caf9fb2a838885233	14
taxon_cb9e3af2e19b890652a3c36848abd1a5f1aa98a4064854f47daf767e4249d63e	14
taxon_cc8e3d85e0d1c28462f79df6b304c4b7a7d69e76a430f0932f6f2bb07d14a104	14
taxon_ce0e3e1f3fd2763b2bceaa98ef5b8eaa8d1c96cc1fed22a841a9c7af73dcfce1	14
taxon_cf316247f0203f2e30a8c809f9037b3e3f6a43b384005e92e29b06c71df8982e	14
taxon_d0303c61c7281827f579b30ce76ef0cb47088898ba0849047c27aa0817c10397	14
taxon_d07b9e80ea935bb3b5f1a34d9003f49488f5873723b80b7359d660065f0a88b2	14
taxon_d0f9535d992d6fa1878f6b6e9aec36823896b2abf202882b1804f8a1403e7ec5	14
taxon_d1121865fdb9afc2433b1d87ade4227e999a3d2c8d61ab2ed3722ccfbcc67eb8	14
taxon_d1f5294392fa568b2ca7e5ad22697f46855c0e16cf7489b1d4fad92abff89b1f	14
taxon_d202ab20e8420e094b2ac3d3d7ef80f7371aee1bf24dbacdecca093c2810629b	14
taxon_d2cd90f2d5c3a88f71df4dd5567e8ef63f96e73219adb94ddf85d645801df1e1	14
taxon_d37a75c3424acba6659676c3fb7cf54aa91e609ab4ec0891c9d865c9b56a6647	14
taxon_d60c3ee2df71d2c804dfcd9ac8eb24b4c79bb568490fb7548bfbdf857a8ece46	14
taxon_d660759302a8b9842380c7a187b183b9699521b7dc5f12bdf5467f9311a99daa	14
taxon_d70144d21a5ec0d5fcc908f5d6c90ad473621c6dcff7076eb71b823533a2b874	14
taxon_d79bdd9060b7de9bfe5ca5acaa3a279dc759e5f7db8d297a9ffef0926757500c	14
taxon_d851190fcca0dbe0bc664398b43f9e5c78118e02951e3fea6a51317d5c6318fe	14
taxon_d90ba14fc1d569f123c538c82765207a52030f068d47d58f015e9e7f52776838	14
taxon_d91b9917f0c08690aebb21c8dbd5c1d06ef29854307e33b88ba3ec58aca5276c	14
taxon_d94427c3d2ab52012e686d51e90ee242725c067747e5d54229b14749c88026ce	14
taxon_d94eedb3dbd893ca6f1bae027231c309654b7a1430172f24a260a954a59ee8f7	14
taxon_d96daac71a15e5d82efb53a9106de37fabc063559fe42ea3ce6a31250f3e766e	14
taxon_d9f8d7d342ac94283d266cae37da98ea18a64e68a38f242ef80631baaea97eb9	14
taxon_da66597b4d82d47694934352b0c3b5a43687940f67744f7cc7b4da90fffade0c	14
taxon_db784d547a26bb38f54002360c7a040405c689b8ba2dd1d336aa72a8e3c44704	14
taxon_dbb4461e54e5fd2493c622a2fcae3acf279acb20b90cf429bb6356ff73ad94a3	14
taxon_dbdeb6694851e1c34e0e9a44f073fb2de3a95dd2b8b03a34cb537b9701bf2e09	14
taxon_dca62d3192e4b4d7a703ce5f99af2eaf7e6c713243aabbb6cfbff5126f85e741	14
taxon_ddfcb59eaca8fc185c516f186d06312df0236453ecc5622b0364edc688b9789b	14
taxon_de5d2b03069f29a1bff8ce56ed7fdfa4a57890a2538b9bc24f8b678496b1005c	14
taxon_de6bc3806eb4f121ddaaa359ce5c2b509c279469c7979e85439d7fea4397d73d	14
taxon_debc1af5521a770e596ba3c2f115dffae797568d92b14a761593e6da3a2c0854	14
taxon_dff953e19a80daa1b708ca9cca33c866387cc69d1b74ea5b59b5d04a72bcf767	14
taxon_dffa9d7a53e4eaab27556cb03216adf1b316a191f6a2b96b6832b3861f9d05df	14
taxon_e1812809ac2fde2bdb5abe251413c220d9357c1b4b151d415c4946428d890914	14
taxon_e27ff9ec818a0a53835c9765b58b88f9a79dbd0251d6569c29546398922076c8	14
taxon_e2b143bccf66f1bd0aa7ada14e84893eb36c50a478c09d63ed9e0dcde1b059f7	14
taxon_e2b833447e36be76315742f85ffe4aaa37b595651c104d7d9c5f858ecc03cba5	14
taxon_e39322bfc515c93c9bdf7347973ffa52bad1b47ca1fe60833545ec73c938733b	14
taxon_e3ba52a7150d7f951b7327564b2e9d6b365e2b0046f22cf8e899c30f96dca3c2	14
taxon_e40e552729e4ffd89a0c18ead1bd04867b01e25c3d7ac80473713721b94e96e2	14
taxon_e487df6dc21bab61330847ff932fe2f3c944df99dad433c9b95ee613750667fd	14
taxon_e51797fa868404effba6fade54ee6f4c6587fc875da3172aa1cc8d145805acb6	14
taxon_e6e2f65c60234cfe587633f42fd7124f5b55e79628d88fed5bbc9e6b1c6901d8	14
taxon_e71578c27c59946c0548d2290d679c3c61daddb2c2ab15fe592e6023aa006492	14
taxon_e7a32ecd51ba4deb413d6ba56363232b572c5b954b6c2cf35419b472cd2d0059	14
taxon_e92e0b355fc2fed944f5c6753deca7c41338ca63575d5a3b93b0bc48a7f972c2	14
taxon_e9bd610954cc9d341f7e89713cde1aff3b3e95fb8f4bc4181184f824d3a7fd47	14
taxon_ea39e2898d3ef38282e1b1e4c2e08556dca66536c6d2d37040a249650b29f022	14
taxon_eb631e6af086c3f2984676501a288296928c51d358379ef70b45a07e6ace6f1a	14
taxon_eba648c9a8ceb2868e614bfc32e2b1a426d38904b9d0a720fe3446d7b4424872	14
taxon_ec4a52e33ebd7fec6295fbb551a8b1bf9aacf5f47d0d2e214744c8e61e56a381	14
taxon_ed21e519d5e08fca496f982498a0c0b5fec9c94f26540ea4231f45223ecf185d	14
taxon_ed6c6ad18a89e2efd6c07eaa70d1ef495e23ee0e313bf8011462f95ff29b8d59	14
taxon_eda7eee3e92008a77e3642d02873ab28bc6ed0a7c1b63e70bebb1a444966aea0	14
taxon_edb59c97d3324fc8fe53579858057c775ea0156d2dc05149a97730760439fd4a	14
taxon_edd8bec2251352b25657bb3add1102c382ee7e09189d5e4601940e7bd8aa87f2	14
taxon_edfe2b903887c55ed90433e76df3f015ecdb8c34260ce03c8d674d8055956119	14
taxon_ee12ffe21509ff1b258e8ed51243b0ea5daab27b78f0a298e4e4bd0f96f07d33	14
taxon_ef57a8e16dcadac0f69f5a70507b1e766a288795f230ecfc1c22a1ba1bcdea47	14
taxon_f0a79999ee5fb57c0f863e12ca17a190a69b92e05f2f5ca8606c7b93ca69551b	14
taxon_f10c99e6e665bc95c86b686b288ca5ac0554d6fe23a1c39f689542d036dedcbc	14
taxon_f10f29a4ffca9775fe6babcea6033be5cf9feb3362e284e08e7e4235deda2aca	14
taxon_f24800194601a64d6dc990daf847a5dc49a2d1e539a03f7b2d5ee0dafe456510	14
taxon_f3570c5ec39a73004ac81a96159f47bbb8cf71b6839e3801c1f150441f5b1644	14
taxon_f3e7adf9cc5897f1a8d08366cb3b7067aca61ea044ad60004a942b243e7d65c0	14
taxon_f486eda196dc0272049febf50fa5f5a361de022181b29f35003cc182beef7d3a	14
taxon_f4cf5c695af8c141e4db40fcffe0333e1933f0f39bc4108b5cc0a03bf00692e8	14
taxon_f563e63388df3b31f0d30bacaad3725753115f27ca6c69c926b5a4166a00e26e	14
taxon_f58233ef003b4fe3391f959087a0bd0733e81ec96cfa82dd117f115cb7f4c92f	14
taxon_f670e1a35b721d3044105d478c275e6336776e556229145606230d6589557d9a	14
taxon_f78862f94dd6166fc8ed76853eb95cda58c86d16f3ea3dec741014335177a0e6	14
taxon_f807ba11aed7aaf87bdd12783682727c459f40e8536b4d09eb0905abaef61bb8	14
taxon_f830ff6121c4a7d4a6941214cbcd33a2837629ba3e65dd121237f98ee029e4f2	14
taxon_f893858f0ed5990b741cb21f982f39dd5d86dcf4060c4b9c2bf739796e9cbad8	14
taxon_f94cf990bc58d99aa142257a7c204d7fbd7633a760e3590b40908ce849c8d68b	14
taxon_f95544ecc031f743b982e8d57aa850d3aa5b5c6d26b07ab25d0fa29c9499f0e6	14
taxon_f9670f4c7edc4277aeb7092acd8b3213ccb2cf7a7a8b93c4bd0a8945651d0120	14
taxon_f9d644316fa607698d391e6fb303ac593e0d0af0198a04dcb123deeae605b3c8	14
taxon_fa2d734c0beab5940d8e08bf30c7d3d7e1a84a8de55eef9045d43c8f53a8cb2e	14
taxon_faceba1b9c0177d46ae79005e2a899d2b9af540964a29d98e6a2cac88c5248fe	14
taxon_fb2bb7f9722ae229cbbde4286db1ee9669cc4862a25fd487ce854338b5c75a2b	14
taxon_fb353511e78efe220194a6e8dd7e89321340528063897e2d6404c113131e11eb	14
taxon_fb4c8205edd72a4508675e582b1bb00495154a68832da98f8b915287217467e2	14
taxon_fc1992c54415145bbd7dfa458035d5933d7b85e6e806256a3ef341180d8f8f71	14
taxon_fc32429bdd6dad9db50b5805a76c1419bd2af4311329578e26f1266c807141a7	14
taxon_fc95ea5efd892f81159be6f41284b413ad8b6f687f9575d910382036e41f3867	14
taxon_fd938e9ca16e5692dec6ccf8580ef141d8b750e074cf9887160d5271031de55c	14
taxon_fe8231e29542f66e53aa6469703da38eca8838217100cbc4f6f87e42db36cf70	14
taxon_ff1df1b78cde67e765a7de5712065da1652c591a6ee4987020e38a7ad037356a	14
taxon_ff34f91d36bff6ec6b8b199c060d55cb725cc68571734ff5f1c302bed2d64249	14
taxon_ff73d0498a431bf442c14958c4d3bb7207b4e6b08a0ac4b158dbf995f90aa0e6	14
taxon_ffa3d5891bdef76217e3d2bcbd838f088e7e6f74bea92710d902ac9f3b5dd2a2	14
taxon_0026bd5564df14c22404b4221092d2502eb0952d22b232dec2d203f52900e4a3	13
taxon_0073eb3104556bd3b2b1a9a11f595f87d3a4f20b7cfb38e2369be46ff5d19bab	13
taxon_011a73d4d5e62813276d3553724c183885367473db11a49ed0e727aa31d0764c	13
taxon_0153a2a322853292d646b0296f1470435c6609e09aa772d1bed7157e65b37bb1	13
taxon_02962aef6c61006fb09dc5174a7325bb819a61c652f2e346c29c17dd8d3763bf	13
taxon_031dcf88feead71f1c48dc6cc66f2899ae542dfd3b8df9da0cc9952436069766	13
taxon_036ac814000cad873e0f35fce50700f0ce5a851c10bd37c563b143b06f57a2c0	13
taxon_0393df6089d42a08d55f7a9d08e3724595aa0546935e32f3925fc997dd39f04c	13
taxon_04b00c289abae3ac335ffa9b775c6ed7f8826269e647b63e17e27a4946e54cc5	13
taxon_057871befece3de60911e8a4436c7927b612664182ffa908452565057e0a95a6	13
taxon_0657bd727bd4e5908af1000d62f236d3641c16f13e2189d6055e2abdf1c0ba82	13
taxon_066a78cb9ce15a4fe0dff1a1736f8697507c123dbe04ff4fe1097366a7681994	13
taxon_06d9e7ae1c2299af2a7193b7753f02a22c81c92b739528445a8d463dc791dd7e	13
taxon_070707ad94386e18b6b90292ea447520bb20b1476d10bd0b612145a2048bac1c	13
taxon_07b3ca427082e653e1b5532222b93216e8de2b9398d283eeed633f917a7418e6	13
taxon_07fc997cb27e1e74a6073f6979f0eb6bc4ce2dc5c2395d58d3169415176ef989	13
taxon_090908c9570ae65ddb8a8db7a7060af159d93d5854d54b604cf6465378f699be	13
taxon_090b07b891fbda1c71b7c357734071fd97847bcca9048ef1159c0fdf29d164ef	13
taxon_094d3ff9e9eeb88d04a8caa7bf748c6a0ef8bba0f1449de572d5d6e6058c30c3	13
taxon_0a48cbe64546bd06867d7c5230e83aae644915a9d4634bc022664ac5abffb290	13
taxon_0ab1841cc02471492615b01325d68cab763d205c505ba074f0072294f4d0e565	13
taxon_0c1b82e0cc347879a79df65b5ab2f22ba277ade4a3fdab4578ce7071d4597898	13
taxon_0c850fdda8b2ab1f511edadd50db7ebd6c64c30b6929a735a62396f13d661af4	13
taxon_0d425ed8873d888281bf2e5211966f20e12859d18d0601af22925384752f9642	13
taxon_0d61a34612e003262dc6f21d4ddc7359da51001cc2f1d730951b9b401bda7faa	13
taxon_0da53633c3635f1d6e782ed21bc6aac3c6aa328a5a0f51624d0021b3f863ee87	13
taxon_0dd9bd6c76356da775d920e77479f256caa389cfbee57fd0315894ce127ea29b	13
taxon_0e581fe41fd68b05ec00f58f99d67e9bfd04c7df1d46cbc8466ac526a174c039	13
taxon_0e7a5f35dc08cd5bfd19920524d1fa957b2cf063db2a0b7925feec8c138eca92	13
taxon_0eac7fc262523db0f4c332365fb2aeac7efea52518e4373b60f22fab731aa695	13
taxon_0ed3a6c6136a7bb39119709124e5672742dd743e1c750174f587ce37b627a1f9	13
taxon_0fa41366720da29f36aeb28f12ef04a7c43d48372d728c3a8fd4382754b39d90	13
taxon_103c982a61c40d14dac59fc83660ad2b45bc77e3be9046d7ad0a1c3c1cd2dd8d	13
taxon_104a89f1ce33d76799ea542781d51f8c012959a6ade142119a99ecf3cb096c2c	13
taxon_10b2ae025c00535a1b59bed090559540fad3a50ee7309878172dca10e852f602	13
taxon_118aad5288955a3d70487a38178bf3c8b01a7155b380c6bba50e82ea148b0946	13
taxon_11dd31add6ed1650f9f3f4ddb0653ff70593c50359985c4a530e96982e69d4a4	13
taxon_143af9d576ceadd170d3208d546e06cd5660445bc2914e831b453c9ad4846c05	13
taxon_154b7865982875342e6668d210a7355ba03d08c0efad04362b2e13850ce4a2bc	13
taxon_1566d307f928c1cb7340c637c80a23d6a86d1ef9e395cdc17ea128035c11a359	13
taxon_161edd021f23382fcdcd1299cf985490011e9387830d8da129c0114c604436dc	13
taxon_17cb33ba5d0f320740ea8f01d1dba8588f6fd31334ee2cfc34484265f91aafda	13
taxon_1801b06305628beca7a05d3fd549a923e5a54956f57726b88ebe54624146cb1d	13
taxon_1874fa40e3553c1b46e1597f77edf9cf49fe4e27222f24302b391408c357c0ff	13
taxon_18986745bf05aac53c8a8746539bf6b8171bff75d0bb63653eaafad42c784c22	13
taxon_19a90cefecf47c4c6b86e8bfd02d1780c8c6f7f7e31ab03d2ad27a4147a33368	13
taxon_1a4118898b69d06da5852e8d94496dfc558658959f650717a21cf16f4c756ca8	13
taxon_1ab00215d53465a1371c75a212113fe79299c2d2d0edf873b581944e2243d539	13
taxon_1bbe400d901d82d744182d613683985058ebffa75faf6e7b152f16bec2cd37eb	13
taxon_1dc954f8301151ed5fdafae2fdfec0e317ce2ca7e33848f3c9fa0c998f8833dc	13
taxon_1dec24d69b5820324499929ec541d25bc868e944b100e0d97bf08a6d4059e525	13
taxon_1ec1fb76238192c320792ccef15499d73a79c9a959b595c901bfecb04da772cf	13
taxon_1ec429042463b5306b1d926a0d44e929b622d127ac7c3dbef249b4819b32ec2e	13
taxon_20fe970ba9fff33e84b2a1dc8110fcc63f4e578d3658bb474d532cdd51915c76	13
taxon_21ac7861485bd35766760386067aab88eab516f8f8dbc5cb2a2da93b71448f63	13
taxon_2260e2a48f562bbd142efb81dfb2152a8fd6379b1cc686546945aa8f9d6e2599	13
taxon_2294eee21f0568df9a57f8cfde3a2b2c01d313e7d73679826f67359b90a77728	13
taxon_229f912ec5ae003a46e3c7cd7f01c1673a11ccfd6a8ded7b216b9d71a2c706b7	13
taxon_23091eb0b1c8bb0cb47178352a638865927becdedbea40981ca8f2fa20d856cc	13
taxon_23827f51e96bfd9cc3d7918a70022251215c840b61872d68ae0bf713060de337	13
taxon_241a12685fc5cbc896f7601bc8833ed9f9af633ebddecc2b15c774d234c7ecd2	13
taxon_24b794e9f1897bd78389a209a952a69234ce3806fc5b069502198acdccfa8fcc	13
taxon_24c08def9074dfd2aaf61928de8fb88b75f3ee177237fc16de998f4f999d5f44	13
taxon_25c701d029cb9993726e2313bf55df530d0a8f3b79e4a16a913b833df371c479	13
taxon_26a4bf5d57ce4f00012d1faa582e51c042242dd6da5e7b8d160102e2e274a598	13
taxon_26c890d3b739b6735c794c9fee720b72f9853f5073e866696c2caf04bc6ae927	13
taxon_270c5ba821f4bfeb64af6bd7a6ac4c81d878a2a33d644fbc3448e1caed4f5ca0	13
taxon_2a3dc49f7d487d713d4dc37f139014d285875fbc8f93690e15e6fe4cb0352322	13
taxon_2c7791cce17558ef3f4768b87fb0befa0ddf63aa0d0b45328e596dd8210a14e1	13
taxon_2c8738acead9722355b11de14545922c3b21fff371aa510dedcec2ca24e7eb8f	13
taxon_2dd020e9469710bb338828e723a705794043077432017187913af724738ff62a	13
taxon_2e71990656aae2e75c03704ab6f8eb076d706f1c3f177ad25950cf86ffef3dfd	13
taxon_2eb951dee1cdd85e724ed349475036f85032e598cb5404f8b9b8492f3fec0529	13
taxon_2edd9a3c4a9bbaae8e8520397548a0fb118334b7a5c184954abe37575d576da4	13
taxon_2fd8bb8c4e464e1b3cd0ea14e68426ea9ef989117ea6ca40e97bfb6617fa1078	13
taxon_30285aa1ee905118c77336f036338ca4ea4267025766435831c3d3d53ed20623	13
taxon_3161adabdadf021e56f9b6b6d5eab55f058fa24c2700fb7347f56bb9a7274552	13
taxon_31d5aecb91f834819dcacb57d6ada07ab1553aeefe6f79421bf833c41a4459dc	13
taxon_33c7d96dccd2fec3b25f36f6a45140cfc0a2eb653b7481419fb777d1e28dd237	13
taxon_36604a1b1209d019b473bf2a075f8befb72a2c9aa395b096b98be7c2b347a9a8	13
taxon_3752eacaab7ded2b07f737da77ff807583e92baef5b39f7a8c479d95d1a5c347	13
taxon_375a8660da40df458ca033042d0c7f85b4533ce6059af06ae018476d57a2b2d1	13
taxon_37e0d61b4067670e7250ee0c4cd8eeecbc08a1e84fa18e8ce8624ac1d8eb2a99	13
taxon_3847a5adae10e28cdfe01d5dc34a0b8ba176dc15cb8ea002fadca08c19f7a340	13
taxon_3951c657bc94e74f3f6d6551640fd005c0435a57d04918928bbdbb50fd493a44	13
taxon_39a03936d5668b83bbece20144e49682ab1baaadef6a887a0dc5aba6fe4fa4f5	13
taxon_3a076b590545bdfb22b8166b26ba75cfdb87ccf491212b7beeabe76d1c8958c4	13
taxon_3aa8ae2d4f3924f010a24596bd8129b2d8414c73efb28874d8b3255d0a013f00	13
taxon_3aef0526b1c360ae6d05cef6165782736e3454a7518c740baca2e1591676a88d	13
taxon_3b16dcf6a5b31ffeab96be8528ec4bfc1d9462b519569732c7206343c5e3ce05	13
taxon_3b6fb63e77060e1877bafcdf28431e9bf8804f3dad6afd9e3501d8b63cbc88e3	13
taxon_3bd3a07ff42254ef84098db9d195225439f6f143962c82529e25c219d8ce81a9	13
taxon_3c926390d8561b5765a8e6e43c8abc85858518a618ec0ce14771b99979bda51d	13
taxon_3d318f69472d01aecc08ceab82e2d9c29c48d703c4c587bf8aae4d0d1b1c09c1	13
taxon_3e3c0c9d31b3592337554496a86080255fbbc553311cd871cfea4bb812de0837	13
taxon_3ea18a8f9da67e6f6f487f91a2a1019267706470cf8ad28534f229d0b1c5408f	13
taxon_3fe745a5566920ebbaa3adb30b8c12c74401a99ece1597eadeeb259e4a2ec3a4	13
taxon_40485f1b2a4e554694b23057e1cbf73731b6b7e5a1b7e8afc5b9997916ae26d3	13
taxon_413bba563a91cc4c48a942c98f82dc8ba27b2139969c49730457d13eb5248a6c	13
taxon_416077fd8052db8024e10061a99c027779d9e301d9a957da82585457722727f4	13
taxon_435c025915e6e2adebd39c85e561a024ab83b903f45dbbda980e7518654d72b5	13
taxon_452f7407756bd23a97a54ca6c03aaa958a6dfb27241e254e37993e93319dcdd8	13
taxon_4552929d3fb33d50d17c3a75685aae0f4b12d0dd3e6d8ce30e70069cf12ff903	13
taxon_458598a9228390d3ab7674d617149c5f44e2e039742144ecedf95e8214531c73	13
taxon_461a6ecea42e0277c34be6d738b9e97191a9c344f8f177e71ba156eabc1e4d0f	13
taxon_4628955834412c01b21788359917a935314fbd863dabedba22ec0d6bc6ac9d48	13
taxon_48a68f6ebdc60f810fb65a268fe717293ce5cd7c062e7f21e372ad152eff92b7	13
taxon_4985bc1cdcdead149465bc1373ceb6a92ebca34dd47e4c7c86b1e4e8a59139c7	13
taxon_49f85a789b78b813f3118e94682eb90424ce931135beb80229c4353c465b19d8	13
taxon_4ca45f7b0b1ea2a53c95b85c1a6f4fe706808c1f47f33a7d6e6c80749ba923ff	13
taxon_4d6c7ae2338b5989e15620ebbfe25348c4b36cc5a75302791800c5b1d16a1a62	13
taxon_4f240da89c0340b52434f1791cec11dfd12ad1eb4831fa9cbddb5328e4b45f6e	13
taxon_4f4d0ba6d9dfdc6ad591902f60b50fc6f351578209c6575e425058dc5b83d013	13
taxon_533adcb02854ff624fd848a50e4fcd22c794ab4f8bed9aa8f0848759d653f042	13
taxon_536a192fc2783888653cfac7cd8f315dd003cb70d8afbf5e2ec75a8e6fc4304d	13
taxon_53f9a8b57efb82264dcba1238964aac7ba11b305d746dfbc5017addbc82ff79a	13
taxon_54177b34ef53f02de3f16d050641ca80b314b30ee11dbab243af2e6e1f4e5ff1	13
taxon_5658a7175d42394e6a98526f25459bab39b9be4731e10f7e9390d62c1c6bb934	13
taxon_56603d6ca80d670a60b1b2762a5dfae3a7843902c2fe8ddc694a98b11c837eb0	13
taxon_5687e3e6811041c6b9ef8b279523ca9c46f41a456abf204a62498b0104a8ab01	13
taxon_56eb70d358cfb7c04378e2569c4f74f76b86ca8c1313deb2171f3c803c313d5f	13
taxon_57fb4af5ebaa21383dc90d363e45f2c41d47482a5ff01179d9d39822c8e18d82	13
taxon_58a6ee53c17be0c38c2d9982845d18823fa777ab1b61e22bd670f6d7ccfadd64	13
taxon_58d2a57d5ee621c23df5aad35c498d0a0bc3c84b3f68fb591aea5a61d943677c	13
taxon_594553117e5afb00995900db02ba03d54ea46d0c0fb1a5c49d46f3f2a169bc7b	13
taxon_5a720be8f466ba026514ea3e1e52c3eb732d1bf2df2c7eb39b4f9e7e83617aaa	13
taxon_5a8a085713f9b54e72d002b3d4df3d9ee7e7101f925aecf9d50bd5922743479e	13
taxon_5b6ea074600bdfdae231845ea19735885de7b114b81a6b5b771d36b08da0d193	13
taxon_5bf1b9746ec4e0e53220cbcf8352259cdd9749d98bf077d279a631dce1312ce7	13
taxon_5d485b766ec9d633f13de006daec10a96995d4e0c96d21033101afef3ce5667c	13
taxon_5daecb083bc35e1a0f5c29c73cde0d9ad84a35b3f4b647283d0451a6ad7bae75	13
taxon_5dca83e6d49cede65d581776dfa08cda635782521273a2f808430366350c1461	13
taxon_5f9aa787cceed9fedd99de6296fbd96bd5d6a20d077a4d0ac1f142024a05807f	13
taxon_5ff1cec417f58bece34d7dbdf1571c86dcc62bf3b7f977975bc5bbdebf60bca4	13
taxon_620459847966363462fcaeb3c33e51603ac3957093216380f3069c3055c9df5c	13
taxon_63c40bcb527c29dc02c76434ccb5ea8578f93fe3206b08069f85b1a0dfb09c09	13
taxon_652937164579103751a4aeee2252dc67fa305de625a7c8f4df4291b659581219	13
taxon_65cf151200d92acdfdb3e1e53b4314f7c7dcb6450e9bd77658bed8f79f9f456d	13
taxon_660243f9f5d88527d030fb2785b2393771e99254c85afe68897ddad01f6c85ef	13
taxon_667b9ec4d21d3c9e22fc1213880b56394a44b1c5c2de825e5b3817c06c1b57b1	13
taxon_67160175fb2b2c856ed9dea5675c4d80c4c2c459154048fa0b31b712ebed38bc	13
taxon_67bd170109c98b2ca328c3e742eeba00b88f85d9d9cdc8ed66780a3c76c34d70	13
taxon_68cbba37f0642c814f437fd05deaae4768b7788cd8f4ba8af0ef2dc0a62d4a23	13
taxon_694d0eae7f31b34246e2afa16414181a356ea7a8c33a9f088aa3d4cd55a4d880	13
taxon_69557a90ff2dcfe0c09a5341a6908161530e8e3fc3b96531cb6e3785e88d4a40	13
taxon_69893819072e30bcbd6e963e1184b1670dcdf805c230623bc87485351a5cc478	13
taxon_69d51d03ed765254596e1605ef84296946bcb07e87418f07b03bf60b7521e85b	13
taxon_6b1366c02deea9c244df0f5ddcba22551e6e5303c85a9b174ea5b1c96dd9431f	13
taxon_6b70afd5b8f3911ea97b5c5003263e80f5a167b2f100319bae80aae9277a29c1	13
taxon_7118225689ad299dbd9766b94735b384bf86da0e2505d1c35881b6b00be231d1	13
taxon_713cfcd66e34c59bc0440986636764ea64313410169850d1e247d8405a22280f	13
taxon_737763f5b658655624f2e36a9be52f691fdc457e9721b7f60fdd585566336551	13
taxon_7386379c68a73e707fbb4c0f372fd048377adc1165e2bf770d440ad3d461a978	13
taxon_73dfdd151eed89d282645a39c4a6be38c19d1b0a6b1935d59d5ca41fc319c2b4	13
taxon_74b28f5a06ac2bf5146e2bc4aa1efa6e89a96a29404cd9d6e11cb559882f228e	13
taxon_74cbb1ee32cc90b118f695fed6039b18a59616a3f15f34b5e9c86d0f15c75a58	13
taxon_75e70ba371da33cbd341a5a3986c67472c938339a66aaf00515fbf501250e486	13
taxon_7759fadd2794f55276a805317708ba056247ef002bb529e22ed61089959fbff3	13
taxon_781be9e35be62b6c47863c8cbda0a7bebc4f45439414e644d71478388e42ad06	13
taxon_7929a91f7f0ee563874e660b4283c78aa587ecc08552f026673e07d3373411b8	13
taxon_797d1db487a5704375a7039d4cea3e08ff5e81bd37b762349d8c603efabdf249	13
taxon_7ab202017dcbcc17b6a9425db30327466b05213c0189df9afa707ad1dcbc5289	13
taxon_7b07ca69fbd380a4a3f9cdeb49b033345dac91fc3efdc2aec621f6f5b89f6570	13
taxon_7cda344109cd5d17a275042dedde3bf0257476fd126b655769918fc8c0e02aad	13
taxon_7df19d153d5873dd5956173df81d1475c9ee3e6c2c05aa0fc2a929e0b78b0348	13
taxon_7e9a4a8b742620536ff4015f66d709cfcb7f7d91334b46c4d0f4cc8c5374f193	13
taxon_7ed98571036946591ebb1d30296583a9d657393e022f0c0a22b8bedd73c5fbf7	13
taxon_7eef75284b2f093eb6012a2add37338a758643c6ec3cbabf0831558e6a175444	13
taxon_7f5bba3280fb45b24a895007496ec7c67799f370fda76da849583a8091101592	13
taxon_81728b16d8686cb7d9b3d0573ce044c93fc8c2a0c2e72911d13aac09fe2b5446	13
taxon_8219e8613665922c327593e94a84ccdf1135670f05e8f6a61936bc14f6ee36a1	13
taxon_8262a15926839954f6bd33076c331260e951db2504d7e66d49a97137e5fa60f2	13
taxon_832d9700b9777ca508be9cde6b8d862eccb2399f29c1f9d0e950d57a13225a3e	13
taxon_84cbe82d23de3772cf72f1c35ac3e79fb32d82865e3e5b3f264642574c6cd5d6	13
taxon_8580f91b004af836f3bda39056c57b797d4d7c75dc1046916b5e340b14853dc6	13
taxon_858907817e3d5f1ea88fd8028db30817d02a5f6b77d9d4b734512c70a7786521	13
taxon_8741a59947b1fbf53a7da39bcbf4b19dc872ea498abf6261dfd6cf992ea53df5	13
taxon_88cb2dbe7746c96bd06e5de50665dbeea17f6bc0ce2f2b790f7c2cbdd65571f7	13
taxon_8a53ed7cd731d89b9bcf3b63ef16ee472709363a139a3192ddad73e01351e3df	13
taxon_8a989ff44544949fb696b29330856d4db5e8d576580b882b3ae9b71a66deec05	13
taxon_8aa3240b531ccb323be5ef95743d7583e5ec878d0d60d63ce3e2cc29a19d44fa	13
taxon_8ab15477d2aa822e1269f761afc512038f66cf8049acf5829420b9a1c85bfd6a	13
taxon_8bd566b6ece4db613612848d7bca21a08e1b139e2c316cce807eef0c6a1b8496	13
taxon_8d0516b5f358c413c31e3394863b90fdaa9b4075d6593b509c1305ffdf7da277	13
taxon_8e3133326340c654ab762438f1f5cd9379de247aa0fa21f5f5e52dcdf254ad19	13
taxon_8e69f14cfc2e4ede97eeaa3c85a3a53691ceb893ca51b6a0fbb36118ca824c82	13
taxon_8f109eb67ae4479822391672a444fb2e9f9af6a13aee1c38590220a5fd04807d	13
taxon_8ff1d48646818f01ee000649686cd6f569ac9ac3541f37f1da161f3af1113744	13
taxon_90f184e777ba64fe5f187b6a2fa5c032bbb839c5be9e7a95e92de00f07224d54	13
taxon_912619cda508be3077179b6c260630a18b3788ecdb18faa1b708d272fbe15b33	13
taxon_9127bca8063d4bff2dca99cd6717e1298b03cd27b78e8158d36e55451c2830fc	13
taxon_912da43b9c88a446e40d264dad5ab105e9cece1dfe755fa93446705552e75aeb	13
taxon_9159dc696ced34c3720c94afb958b65246e0352331cf08f79c9e35acc4be3ecb	13
taxon_9246c913e86cce5ef01092a19e008945d8a9d54a2fc0288fcf4eaa41599b664a	13
taxon_92907a8d0dbfdbe597737a36756b4f83dbfd14e3bf696b5da40c07a067af08b3	13
taxon_92a8feb7e96d933a6d6a8d7431da2f72fe9069f34926fbad8ef673765817b307	13
taxon_934f60a54b372d81cb77c3db85a9934b02254c197e8f99d031c95b7b201a6cc2	13
taxon_936f7ccf718446b1cc6a73d89d1a5588e0028426f07df171fe5a2640bdfe06ef	13
taxon_93f0e82d0460f3be38b8bfd828ba349604cdd6a593cb6092e2a8149eb03897f1	13
taxon_940b01d9c4ec5ad11bd28a48239328b70e33a6b24c455fc35f73462f73d0de09	13
taxon_945ba267657f5225f915995ea8eae2591b6cd3b4d186f51272b801a3ca30fa79	13
taxon_94a47cc621c2db2f895e9d546ced8582ee22fe7df7a5be1c1f49852a4314e8ee	13
taxon_97d9a39088ea68fc850e0e5218bf34d3cf2869212fd91e43e2392c1822f53a78	13
taxon_9a259c83607bb3616da8f1d90177cf8d5b04d4b51e634ef85922bb9c12cb8be3	13
taxon_9c16784e60f314656fe3a91fa753b6daa7e7c88de28eb454c926057424ac22b0	13
taxon_9cfa06b51eb5c56a580c6d6b736c6824b3953b4391e3744ec3128f6836e3a085	13
taxon_9df43cde3d13e0c1e23a3d99dca9cc81d01e474f06e9580ca9f3bc9bb0af1ef2	13
taxon_9ec320df56303171ea90128ce30c0c4dc3942779f6ee9b4db26d6ce906eee3b3	13
taxon_a04865febf7e75b9ef495726f323a81ba5631bcb8154687de4425e22d543348d	13
taxon_a0c5087322967f77714dbe2715ff7099ccda0793f9f949616df4bf791cb08df3	13
taxon_a0e90bcb2af0978834aff0ece593706999cd101e540320a2ad2204b74894b398	13
taxon_a12aa9ff0cc819008476c492c3b7073886a8610692767dea810c5beb2269e77e	13
taxon_a1cb59ca3ac6488992ba8c668ae02a1f4edd057e0eea6f01366e1a6eeed7733b	13
taxon_a2224548ac360d0f37198af1b2b8d73e4d65c7a0c98e156e427b53818a3ee1c6	13
taxon_a22e8e1dbe064393804e1c3994e5a257e945824f697f1912ac3e8957c00644f1	13
taxon_a25b4481236f40434706492fd7283bccbec5858546d500ecde6d2f0e7a226d8b	13
taxon_a25ca04dd273003359885b2cb99893fca43a53f0172fb8633e65205c1e239b4d	13
taxon_a274fe299473c66371f9f456c33d88f565579f48099567ea1a59c7ca815fbd95	13
taxon_a32f28155a73a74cbe63c2bba3c6a9a2a084a62e77dae3a9a21286c013d6b1f2	13
taxon_a3baf71701cc4bd1e9160e028f43132b49188d8565ab28cf109d71d16f5479f5	13
taxon_a599ab16d901bc35d45c561c43fce52ed5a99e6b3ce401aff328cb4bf1294329	13
taxon_a5aa8569182664e00b2887f29472f8aabeb9223ed100b5ba83553e5c5a927a39	13
taxon_a5e67c86837c876d84ef8830180f59182ac7520bea961dbb8875dd22d9d92e8f	13
taxon_a7326249ba64de4da158642c4949f9497b57fcdd7e605955e80e39698fe3dc39	13
taxon_a73d492090355ef5752c489e0b57aa776ec4708f6ad31916118ec743368c336a	13
taxon_a7439aa6a166a6fcff306821d0216fe1c78af6f3a0a96826016eecee8b679483	13
taxon_a7a7e7e070d687d9ad622fff205b9130081755eb4eb30a3fd31aa293d1891211	13
taxon_a7f9d329ab30ab5ebb46aab35eb1bcb328aa90f3b28918d141a29d91a30351b0	13
taxon_a86f85e69760607c525db40e74e2d3f2f3cdb95ac09ec44f83e223bdeff76b58	13
taxon_a8743079b10268234ee57f2c2563514431689602a6228d3d2aa994375bda33b4	13
taxon_a8c05d28bc6a001a89353411397464f427ae2f5d4f9ab1b42cf9d01d2556ba41	13
taxon_ae6b3fa9c5872a5554f6a3d49a0c0744feeb906dc3dc4a5253fcc290fc4e4296	13
taxon_aefbd4929055eefcc1488135930c8400b9a7c6aae3e44277a669cd0b5b285e1f	13
taxon_b01c7df90e6780448f4d63f7082a4822fb356ff85a76f0138eae8a56cf87c560	13
taxon_b10523b65f6b9a84b382e05a1c8de10f3b0fda6a8c649337b63a7a0594446cbd	13
taxon_b11bec1bd6b39d55de6f46b1b92e71ae19a3f20c7f80fc3cb84aeaa3dae33253	13
taxon_b21ea386dca717e60af875ab187c6a0145bfe512dfd6f6308888064c1dc7a315	13
taxon_b31dde76fc9c63daf0d5fd15f0c9f5d9375b7c2eb2d9111c5364afd87fa4ffaf	13
taxon_b3b14cb51698a5d118dc3550714f98599b492313d967914cde4918a6f53ab2bb	13
taxon_b425f59b5fe6155c8a9dcefd9780efd7060a809a832028b82714e966c39bb624	13
taxon_b7054c210daac839967fdd0abfeffbc3c27fc7980b3e7fa19551592abd17a515	13
taxon_b82390bb34680be5d883ab3ddb13ee5264a4acfad602f785ada5bcc363cc88bb	13
taxon_b9d4941a957701818a7799a58c0b707fcd8a79a85d916c6ccb3395523bd85c39	13
taxon_bc2568e2cc3c2c2a20077cee62921ced9ccd4dacef7e23c5688b49fcbfaa8f63	13
taxon_bcba8ec5914f706e719db6abe1982f2956f4491ae52e1f41a2b69360143381fd	13
taxon_be853cb1321130d3a99a0166958f33fe3c9173fd3fcc70ea86d9170cee9849b0	13
taxon_befc3eafd03cdbe56a0aacb02875b1eb14856a74a6607b41c51239cc394d1597	13
taxon_c0aaec2ae208d87f85d6e69c701ea299b1f74b4079c637cc3197af93159ae9ca	13
taxon_c2411e995de031b77216c8aace1bbdd2e2fd7e30eb166e9d655796a359d168bf	13
taxon_c3624467aa63cb6874da0dfa15ae1ddbe3dbeb59d841d904df9df844daddffc3	13
taxon_c4769c5c922685d2a3768a3ecd326da2e69201e834f81aac14075f55fa1ad146	13
taxon_c4b4e6951aa18e041bd43296d590be968217ade38785fefc1a1d7dfe0c1e0ee0	13
taxon_c58ad4f8c220fb9eaf8f9da6fa0f94eba30efd41d18240631a9114c64ef7bb7f	13
taxon_c6619f83413d1117f15029dfb2a8721b933aa33e9a962adee9885449d2e27619	13
taxon_c668e6cda4083bd514982713893b8aa3c0ace6fa06fc70990106d2ceae4aa28b	13
taxon_c6e86d98b0b68f0bc7003725f0199b79af58ecce7b0a70e7e3186469212e27df	13
taxon_c7f416c5acf688d82bc9950fe3fd64fb4a14f9776377a3236a8c100222aaf143	13
taxon_c7f4a9611fcdcd1112dc5abe96b845f2adc90aea2ed2e4be3327b2c9e1515c99	13
taxon_c996898ab9bea8ef042fe257e189458e61b3faecd58d1261f715ffb5095b7317	13
taxon_c9e188d6286d280fd3f7745a45138f6c16b274cd57479d462b7ff503f0865199	13
taxon_ca4df56e0f8a0001d2b963e396ca9806e9b1dfe562f4edd3dbcce4d1ace21b17	13
taxon_cb2e0297b672d8e6ea030fca0e8241f1d5bbdb555b624311f1461b28240951ac	13
taxon_cb3296b2bbd644fbc60825c700fc4c68d8a74f80f4d64b2390cc2267661e60a7	13
taxon_cb57f4941764c5bdb2398448c3d50a2398a3c87892af42bc844fad0c4d04d822	13
taxon_cbfb31f3f8963275ca0f927e1574677396b9387694e62015611e617895541c54	13
taxon_ccae53970c49b8a7842d5192ff495c54bf154befd21f49c48036dd5a603b2e45	13
taxon_ccba2fc574c86a683b7df6f831f467209da54d40462a55fec433c969016b2c52	13
taxon_ccbf9aca403b9b885adfb891f6eaaa2378860de4d5a608783945ff863ae38a86	13
taxon_ccc9d188d381d13ef5de0bc8c69d1ad7f965d54b0cf0e5724e371e1a09d18823	13
taxon_cdbf334262cd09fbffc0e94e232159f32b794aa19606f9dcb9961207bd4c4c02	13
taxon_ce3b3be0f1ebb87586444e95ec016e0cb2d8ea54e88e431813553b17348a506d	13
taxon_cf88d0301ea5ed3c7e3b153c32f0fb22fe9632d2cf8b379be7e9a97c83a26c22	13
taxon_cf9de81a23a30e22c7368b40ceffd8785fecf048aa1d81aa590a0ee56332e4e4	13
taxon_cfb2212b2f50632db91115569a133a51ad1e8ab78fe51fac5668e146c2bb5bcd	13
taxon_d0c7d74ae43150f508e9e0ab8c49b9b505ebebcf017232fdce0c8a9945936586	13
taxon_d1a39f5fb5781bca8298e5076b8e3120ff68704cd5a3330e0765ee04abf175c9	13
taxon_d294cd8fd5ded158e78c3e3387850cd360f31b22a937afac86c5732a1e077358	13
taxon_d2c3c22c9389ce3f1e01fcdac5ca19332ad9b0360f1138e7cc3383bd1d972056	13
taxon_d4750e1f6f60a12a35386cfe6371d22f4d98c210990a3b6ad2f26057f52fc821	13
taxon_d4d889f5761bab18f6200cd420346d4db8f71d47a43f82133972d9ea7fab6c15	13
taxon_d62dc8315af4eea606790a53db4f71555caa4e9ebe59b6e7792f6714e70c8a9e	13
taxon_d691c1d918c25d0a9c73e11c780ae14fcad23b67a24cf92c19485d5bc4dc4e02	13
taxon_d71da3ce0e003c5a0f96b94fb94e3de1d6e17b73058747ff39ffbb996e15a1c6	13
taxon_d8ca9872e1a4f3cc02551dc2b10ac6bd8b0346a0f30751445b11957a04951a10	13
taxon_d910606237d70e80d1b5a2c4d1fc2adb25a8ca86b5c807441cc5a1c1a0cd18e1	13
taxon_d932276996f28ef0192ed54f51c01a0c39a23ef5edeeac26ac1c1e71bb07532b	13
taxon_d9f0c7d66794f2d6c56b752f952db90c6d75da6b8b1e6ae71de0065cb51b0794	13
taxon_da695e53b80739b4a4a56ca63cc156093435d8987d39cad69d2b2c598f2f6d3b	13
taxon_dacf60322d9de7884cbb6177c3ced00a85fc86ed132b84e3e7b48881694397f1	13
taxon_dae3738b189feb79218a3745a1902aabf164db1d095c00bbbb399be8b9eb6097	13
taxon_dbc3bbb54f0c9bbd1a6c71641204999a0f31b9505c567c306732050b0da5e36c	13
taxon_dbd07b90636df6557310d4b955ea38dcf3391656f99dc5c1ca7c2d7579ab2001	13
taxon_dbd6d6d822d9c552c837324d67e986c092f60a73e471f241d485466bdc02f0cf	13
taxon_dcc143c7101e21ed6ca88d4a10ce6e9a384c6f84e0d09a8529f10146fa2f109b	13
taxon_dd8f91653b8e5ebe99c39bd588e9f001760e9da8207a03c1a01f064b1a32d84a	13
taxon_de2c3d4d0a116f1e6d4f26b94353845ed5e49e118c11de9159ee6d624ffc599a	13
taxon_de75031365f015776a39bd513edcfb63f2b83eaf26fbdba79384886c77c05c8f	13
taxon_df2077971d840dafbf1655a14a5be19712136d8fc1c873514501820dfc4d685d	13
taxon_df2c133c8f665dbced61c6adb0672788649638b97a1a96dcaa3fb1dc2253d89f	13
taxon_df47aa13df92193cefb0c6e6b285a1771a0758bbe6fef0162fffb38c809ad931	13
taxon_df92da13eefe26f3be4939ceac22c72b9c9a876cf5b374bb65638b894c71fe43	13
taxon_e09dcf64c89ef2a35831fea6bd315c1fa7514ef59df0ca7f1553ff457ac3eba4	13
taxon_e18feb72900681d75d0cde82151f31c0d8eaeb0a98413a0d79216cf1077ac32f	13
taxon_e198517044031fbaa95f9a60733b3ea0338e71c22a710fb8260e782f2bbe7056	13
taxon_e1d54f4fe17eba835274a727e00b26329a2a7bc42a73c883c6811a1d0d003467	13
taxon_e21e425e9712e1e9d76c6532855f6464d2ba1d5830eb6120be270eb8d8221d67	13
taxon_e2ab273f6abdce7f62bc3f35cebf5a4ee68479a91fc1c2a50d28dad8b4db5199	13
taxon_e2e2b902667aa5474cb2cb6b3555b31d904ea25806b36e45132b2e9b5369c32c	13
taxon_e2e6201bc5eb08dcbc05d2f19c19f7d7f38bcce81e2d94346781cd60f1b80eef	13
taxon_e345a8ed6fb438eaeb35422fc8aeb8c8b5bfac83731a2c2b59210a3c6b278457	13
taxon_e3b78acffc9f2b482fe8c61111c683fd5c050956cc9ea9a29486be9bc7f5521d	13
taxon_e40a742d4ec52be99c0e6dda99d09584bcf622f1f007f7d02d4b96d03f0efa12	13
taxon_e4a39786dd16bbe16200f8a2dff85eeb7c4b9f1d8a113d8fad8218f28d1db439	13
taxon_e50f63fc8ff3491d2b9db3f1863633ee60332c32aedca9700e4cfb74c457b2b9	13
taxon_e5efcda864841e661ed632e458b1958f84a19cc6014f2154c889ffce91796847	13
taxon_e64fb1d0d8455acf6d622caf13c4872c27c582d1cdfc5ebdbeeeb064ba5a3813	13
taxon_e6773c5860c3e5f306cc3fdca09ba8086355c56cce2c9921a1d19ceba3f97345	13
taxon_e684b6ec8f57ad94a7a7c4bca9449b621dd326204c9dd5c2b6503afa13f5c364	13
taxon_e6ad1c029f8b6a7b5d0b8c92997b29780580f562b01ee9a5e9b679efbd99f05f	13
taxon_e74203e8d88c16a70e2b65ae7f7feada3d2e440c0946e5caf95edbae57130e6e	13
taxon_e8f509281ee4b1ccfd869e95739a2cf8caf1200478b6d8263c3189890f343a4a	13
taxon_eacda2a930cf1bfbb8076d1006daf681a2433cc2e489c4f0b2d59bc1fc02ceb2	13
taxon_ecf1ae34bf0f67a6701c921f8cf1c0e4fad83afe0ddbfbbd45f9445889ed01c9	13
taxon_ed7786300e790fdbbeaaa2e52963c19adec98a0171cd7a9404935b155bdd97b6	13
taxon_eda1f49d39e5e87d055d96fbf80c69aefad16187c13376e7a3fa1587c08586a6	13
taxon_ee22fbd6c2772727f825c1ec4a10efe21684f7d8194bca6a13a35ca4358515a0	13
taxon_eec6065348e727253e085bff8762ced50489a5ad7ec6c81f6b05849e102704fa	13
taxon_efa8f216bd3c657d34f336e9186d30ce1481b7a2273364fd84399a01e4061f7c	13
taxon_f0858e61f83520f59c8a289ac6a32572ae9e833040ba2982d9e5cd270c721d0b	13
taxon_f09ccf60a7d2c12ec1219f06336e672db4ad972dcf89efb36cebc14fc3251291	13
taxon_f103d460f8e4f5c9f564c3afc8a41ebeb467d24ba85080fdc47259d9e511f9cf	13
taxon_f12ed8efc21a18620b6e3e10bffc1a3d751220cf3eb1498fd6a0c7c51057c7e5	13
taxon_f1dffc6bac4b8d187f1be756c15e8fd2bd89fd34b8ade305cdbdde2a87869b68	13
taxon_f214c1eb592a1b843613e16a73a5da303fd6d0f20491bcfe7587c8067630dcd3	13
taxon_f2e9c29e2a623896e80e806ef68242ce45be2611781f4be7d67e7e7001b37a08	13
taxon_f302748b1dd99c64786422ec40f78aee7173511853a377314cabd1cd493b5c61	13
taxon_f41aa103c4a441df52ffb39c5bd5e17fefaf9f22231c97c0123b7abeb96fa2db	13
taxon_f4300672228cf21a7ecad52b982142eba2743076c82fe60b65dac28f01aab51f	13
taxon_f4697778bbbd80c577f6d32f75c657073a8da971787fcb2a5a0534a1090ff719	13
taxon_f6774dc1858cfec78730f770771e1e188bbaa43ebf8403dbaf1250e1917bf765	13
taxon_f67cb085079669478c02515eda126dd4e3a1fafd38251b172adbc9a78eea7d5f	13
taxon_f79c3ec9353b0f79e535b3f9aeb5c54055110b52b2bae4f9ddecb898b3d0f999	13
taxon_f87fdef6e0eae1f910e03ac6bcb99657ae0296ae6042be00ceab6ae32965b0b1	13
taxon_f96073c9518d95a9106878b67f9f2d31c33814b3c5d21bd80d02901b11124994	13
taxon_fa4ab0d50f717e0aebb619bf1d4e74df36e0be02b53b9ae1da258523bd4777f1	13
taxon_fb5223469608dba0acc2622ed7a6788cc1eed45a50215f6093d37826cc2d7827	13
taxon_fbc015c6628ca84287c36eeb7d36de95cc97a825d1b544951df428ff3a03be94	13
taxon_fbc180ef784ae202f1d3dbc7337029c1c6add6de02f0fa7c41c90014b3ddd0e5	13
taxon_fc20ae4517a36e4cb54cea285c861b1b9a27a187b21227a5f08702f6139c383d	13
taxon_fc4c9cf80d7f8dd38f0c76a0ad41516ed711d8fa086654f2487d674469d8fca8	13
taxon_fd302dff6c04f26c9d024b0d6f747c2e95a07a33cec980d9e40f59ae33d0b0df	13
taxon_fd76bf5ab09fb0e090fcf8ea221a8b5f7892d569250c76742999135d49ea645b	13
taxon_fd7ace3a377be86da69c09e492ff120305ae42267dac1cfa1f11529d52aef54b	13
taxon_fd7da9ba75bd19bc9433a46e27b9c7da3a75a3e84457560dbed4afdb2a0d9b1a	13
taxon_fd9a12d8b2c0f53fec3a6cc3aa73c007a155868d3027dc942a1f96ad9a7cc36b	13
taxon_fde6c5ee1fa7d528120334e15a214a6032db6e05d2fed02ebbdd49d45b157198	13
taxon_fe23f95e853fe9613fd87779fa7bceb6ff6ba49a11244e66f46c03579d016f2d	13
taxon_fe340044532a0895c195ba51730480b271244bf30c058f07ea7b1b31fbd6e4c3	13
taxon_fe88b131ed4aa36814d431bfb71ce3f1e6f0cf3dbeccc559ab81fa0fb4135e57	13
taxon_ff32d2691523af6188b0dc38f6d9d1f420db5a7677a93533ec1aa2f55d2c83c6	13
taxon_ff6f3e1bf165f52698ed5bb0d8641975980659535390833a52216f38abf0ef23	13
taxon_ff9687e34aa45ef8da416b97fb5dff38be53fe6ebce4432b10c4fe61053cc096	13
taxon_ffacf9be695461c275765cbcee2ba55aa700a2f4a9e38de0d26c87b22c359283	13
taxon_fff4f792dbe4cacbbd72fdfb087f143dc71d82e97a7d2b01edddf44fcca5f74e	13
taxon_000f31badfa16a03dd62d35e1fd5797379055b8c094add9abd6d50bc3fe9eb56	12
taxon_00444846bfdf77d9335476ff065aa5aa4a20c1e1766e9dc464ab19840720849b	12
taxon_009b219fee4fa802921b34dbd8e6ca3a7e0ed33cd37c98183ab420ae58d15527	12
taxon_01d4b61b8b4fb5ae7cd49b4837f6d660e74b033e27811ef66d12205cd090ad7e	12
taxon_020d1cede3dcf2f7cd9ba440df86b48ceea8f4e421d1a30153e4b7802bffeb25	12
taxon_02dc42cc004d9dd731e5a473a68e8b48e76ec5e348bd64311af8d03e2940198b	12
taxon_04415a99560f2dcc020521a0e8bb42c4933aa6ed965ff2a5c557cab700968687	12
taxon_04b7487bfc7753cd0141a1d8ca527ea46d23457f37f3652f319f2c19bf095c9e	12
taxon_050c8f40afc710a3662bcadbd21881633f6daa441a73e1c3d34f31141e580a89	12
taxon_05433f2a20b04071d01a859a92039821e7b7170291e1c39dddb027475954100e	12
taxon_061ba122b9d8f1b2998164daf4e2fe3b49080a79e811518cd05741dccd19b934	12
taxon_06bafa58bfd17acf2ef9ece917ab211e3b0798477fe7e19f51fe7a7ac980d165	12
taxon_07458a14399d61439f0e7ae4e9ddf363d3580c73bd0224547d218b1b64f0315a	12
taxon_0798b360215acf01cff710abd599d800b3108ff5fa45a11f93007a20df5986de	12
taxon_07f8fdc7eb88212226eafdf75b0bd479c38df30268832a4c057845c93c04d3f5	12
taxon_0854f23a98cbc570ee3b01044473778e340258e9876e5b432a567ab0ec0b978e	12
taxon_08eb87e1a0b11b8ee4270bea0161634ecbdbf9e5ae0634ae3c2c0f43980bb811	12
taxon_08ef030c880c6d7e45c7f25c564e041edc9de2e41b48b931a716f0f677963dd4	12
taxon_09ed1dff56c0bcb5a9b37466c6b792e8352155abd26da0efeaec0306e023a507	12
taxon_0b23033551602207ee84e87a6a909a98c1c6697874ab56f4fe0d613fa757d54d	12
taxon_0b2798ff3437d8344878e8ad703cf3bd4697ea458f7ca6785279ef769984803f	12
taxon_0c566d55c2def8e6d31c478f67f029755e61007d7ff70f0094a82b534da3367f	12
taxon_0cadb4359c18020b88e8a82bb47f748572c8c3f030aa1e1d2afd8c719eef5209	12
taxon_0d546b9d38f3919a63e4d52ac889829795c5e61c9bbb3d571facd12dc3d1e72c	12
taxon_0d8dfbc1e528a43449af492ffc16dbf0c9eca077edca8e787cea436829da8232	12
taxon_0f48ca2b27375d7d892b555812ccc91525bb59afa71593c65b34d8a27ce682ae	12
taxon_0f7b84667226ba99db37182f31b82634a9158a51d73ff30bf09e981c3888898f	12
taxon_0fa3d841ce8f7f31ad15037e8f12a41b10e27149d7232dde1de77a9c0cce3c07	12
taxon_0ffa85869927c1a73c2bdba3d7559cfe889371d5a5e5a3c1f253a9aaa090e7f5	12
taxon_100e8ac6341da7c6f2705562107d3e04d4d51d516eb72ce8b23f6327970f7c9f	12
taxon_10c71f276bdaebfc8bd8fe01ac8e0ff4c4566bd8ab875db77a238e54000baa12	12
taxon_10e03e4278388f37092162e79cba248b37d3ff71b653b7edac6bf7b54f6b3d20	12
taxon_10fb4c1ebc26a7010d81e91924304be370edf93d06882768afeb1bd019e8c1c8	12
taxon_1196a7bfb6c80d1adcd706eee99d2bde178bc1a7f26b836c6facad260c41468d	12
taxon_128a09147a92bbfd79afa71c3b0b0d1645f7b25a94368fff6ef69be196a24520	12
taxon_140daa98906b093f91aeeff5c261021cd5378707ebe83480bd7f71420114cbd0	12
taxon_147a63118f66fa1edbaa4a97084fcff904edc872d6012f5b732db020b4a3aa25	12
taxon_148c2f4cb943f9190a0d60f610d2960e77b6dd0b9fc8cad58be24f3d83a6c7de	12
taxon_1538aea4bcc1b9cfd3f29c662b69ddd41b890f0066764346b98acb2097f49c08	12
taxon_15b3dc914e3cf34d0c9b1ffd65fd02fa481e72b61332009fb0de13061e0bf8e5	12
taxon_161685b04b78d70b7017a1a6f33e21492ddd8a6f0fb2e4154110d833381c8d23	12
taxon_16fa568323834424155c8005f5a5fdeca6a43f7d1d3b51ae8ba5158c6c0c428a	12
taxon_17a8729bf280f174c53e8ba0ba00c3ed139ec7c3330319bdfbc0046deb3c3c99	12
taxon_17e1577f2ffd42914fefb824fe31422dbf2f5742b3a024e2e06ddc858b8c136b	12
taxon_17ee0ee8908f287e7ccccd6af67771182f670fdf36ef4b054e491f3a679d6a41	12
taxon_1854849ab4cb76d6ea1a93976a9bbefc60f2a4e44ae5e616e63ed2f6616903b4	12
taxon_1862891d7c78f525f515f03626973c63ed97efe97c1cda86bdaa1250077c4c0c	12
taxon_19177a1cb6fa92fc9bce34cb96f3f4564f20a89b17ebabb67e11981d57f97b2e	12
taxon_191aed1cbb1f2879033e02a4acbfd3109fd698c674b1bde4ba4ffefdb5851630	12
taxon_19f48559ea91add35fc81e6d4c49d81e4f5438b60da1da3294f73855c5416e35	12
taxon_1a44da99e724017cbe78b9071ada29b5369590ce43fac2428c7628ec11f8e029	12
taxon_1c0390d0ecf82a557aa34afc3f976f45d34b4ce6ff6bbf967ecbf516c59cf5ae	12
taxon_1c59ddbccd4a01b252f1040328c0e1883b1e3f274803f67441d6f9af46a7091d	12
taxon_1d2253b7364971d52cc0190b71169033f6e532b0339ea292a7e9e157fe586428	12
taxon_1d27872b66b2111884a56f0d78536b2626cb3135a74f6ed049a6e0c0f56357fc	12
taxon_1d8cc0ac26ef7c921c8db7fed978361d58881dc1b741ddd88197b96b4277ac2f	12
taxon_1dd512d3badc7a902bd834fb86c307298d78cd3606419356be21c1dca603619a	12
taxon_1e04091daf64ea1b9c5c7d8e5c14c0db8337d7e41ed185e57c52f72cc6790b5f	12
taxon_1ea9e12439add00939090c7a86b0143e422e2e1131d2b5a6677751336c0d694d	12
taxon_1f357c1a6979252ea23b53ba4c1079cc53a3fdad11607f64f6abd48f8d247bb1	12
taxon_1f4995df1b989ad623cf0046dbd4314e65ce6d36d6cc93bb57a435e6c210a47a	12
taxon_1f6bf21d4373574b6c71d66d0081a2ebf783be9827c6a7f1c1ed2bc09669898e	12
taxon_205024213c8b6790ca25b21517ec1587ea820e07b1a4f3d1e99a9ff8570bfc2a	12
taxon_208aca77f7f88ebb6053a94a3b9f162260ffa1ea530580ab7addee0c851e079a	12
taxon_20aa59288a95879ab89bc1ab8c929e3889080170e1f492093c4112d077284c94	12
taxon_22e15691a17649a8b277766564cdf3fde743f46830ff3e67dd6fbab6ac57ca62	12
taxon_22ebae5d629fbeca9048784abd2a8393e148e8ff7490e8509da791e6e44513de	12
taxon_2316221fa440423065c14be3e1d5a5aecb36b0724b6ea34e30d0fdc4288d304a	12
taxon_2326210899df7ff4fb97912d165dfbbb72c4cafdcfa606619c72b69c32d69c6d	12
taxon_2449277890be8cc8d78a318ef15220c4136b5ed9837d6db25469e06f07d02876	12
taxon_258da818b183f2592c7386c2e0c9a853af3f3393c936f8d4433fe20b600658ea	12
taxon_26e68c97a8612f8cf3dc006fd1eec04b1586c6310441478b2aa807decfd5c5d7	12
taxon_27927c80ae99568cd64263155a10e193fae63ad7945f4b64afae00a078bc837f	12
taxon_27daa3e309251893e9f9a263120f7b17a0d0297211cffcf6ebdf5db2c3aae50d	12
taxon_27e7cc2bebc409ed7f3f2315ae9e0436692f3e4b154e87c2f6d0b61405d733ab	12
taxon_27eb904bb5b7bd0a59baf6a83e1c6616f4ed46a7cc689d3e1216c797f26d1b3c	12
taxon_2a351fc2ef0d8f3bd53fac6c3231c50c48e5d8d730146356bb573f1920d44c7a	12
taxon_2aa3a56ca7eafa7b9539d9af5660d010da718bdea27a3656bd69c79742d23ad4	12
taxon_2b8daafa0d8ad5e03fb1041b59fe0a1ed59c98023be3e470cabad6c54444b76d	12
taxon_2c404480f733cfb813c0515b496622032ed9cad5c0be6d9511631cd39ee7996d	12
taxon_2c4ddea54ff6be3615ec88d284963c65b16abf96e67908bc519f82c5edea37a2	12
taxon_2c5503c2577429ca7946096ae114f467298e4f9761bab439e66e60fd4d11fbab	12
taxon_2d2b0e66070725dc592c1d09fa1ab436df8b2526d59f6f5c92ada127da5dfa4a	12
taxon_2d3865aa6c17adbc00f4804d936e9136495a52e58418005c11d5a6561466ea8d	12
taxon_2e4924d1e20116ed7f450ab6bcb711216c37da1bcf6e67d101849d0d3cbd2709	12
taxon_2e7ef3a5fd1a0658509d71e44fba6827f4d2fb3b2182a1d98ddc8439cff16ec4	12
taxon_2ea0c39fa897450730285876b238dc5a3efd35b6395c94c2f6b29610b51e91cc	12
taxon_307dc7568ca7ff47e7d35350682eff660ff3bd00b53ea94bfd7b86fb1312d231	12
taxon_3098b4389c50bbcc53b867799017636f59ba4bac0679e8c1c1f6abf03597e714	12
taxon_3186b6c5d13dd4aceae4cb967eb9643d0d3948464a4c7e2dd3674f0b7b6766b1	12
taxon_331f9d3f37a12679ff5219c52bce6951e788f3457defcb2cc32e554c2fd21a50	12
taxon_332c511b3642ac33718d23bb9462d04d3279b6826eeea64c6f4be0d6b91f7571	12
taxon_3346d4e76fa39af484703cb8758b4534b93e666e8fe9faae3583d124a1244a1b	12
taxon_33d4830caa31a159ca85902b5ff44af2e0a54e8c330fe90efc51197aa2851b73	12
taxon_33e8aca8f0a4fbc9012b8edc07c5d860c2c67fcd48cf4a0312438bf3d288818c	12
taxon_34630ae66ea4341a5b895afe38c99a34c55c33f9bd8665fa48327792d0e45c4a	12
taxon_3654ab20282bd4ee03bff27a16b067fb332f5d70711c9d587f751e410be98418	12
taxon_3724a79b3d595dad36305a463480a5a7fa8e1715fc4e59bcb7a4f66dd58a2186	12
taxon_37974820e22d0a460a16fb2e635cc658f2bfb07a71638ff188b298fc1c1d7991	12
taxon_37f1f66c94a8999e03dbb0616cbc57c6f1df5a9e5bb647e147cfc8bfec678b2a	12
taxon_383fb8180218fd1c7fd06ec97d86b6d7885cf82c7273c24d62185767853388ab	12
taxon_388d0d3b3e005d43afbf26059a9c0d9acc0d8c2fb04e93834a46446edcbcc6ba	12
taxon_38d9991fd71436c09b6a451476ac3209647a7263428eeb488f82e3d69e583c2b	12
taxon_3908bef78c70fe77dddba9b3feefc29ca7362d2ab4f8f245d0e21a070e67c66e	12
taxon_395ae17bcbc5ab3e9d52ad0dfc4307a59338b199f9791ebaf342a2ca7ddbb629	12
taxon_3b31bd6352ef8e12aba01a7f400547cf1675dc56a7840890bbe561c9e9a62444	12
taxon_3b441d83ac8020989fe9952c071e6aea85eac0ba4a2e784eb67512ca2656763c	12
taxon_3b8aad9aac13afbc44b02f7d2c6d50176c27857bb1ce07e7b43835bc487be617	12
taxon_3c43be92f4def32290a26457ad19f0b4bd801cccd9b724f04c6d7addd1bf18e0	12
taxon_3cc4a124165349a005a9636737c04239166e59c8e7691f9db64ddf39ef0c56cd	12
taxon_3cc9db928df3375d9e9188921c7a1e6b6561679196a9713445c6fec3e727bbb4	12
taxon_3d230d15893d8960b3cd99a5daebf6ab06e5e5bfa21c77b0b239056827435d2a	12
taxon_3d968a7ff36b7b7afaf8deadbb03cd1472c035ec251936012afa2a39f6b9286e	12
taxon_3df87c587e89e95c5d47839151b2713f6f4719bdb3071990c4ebdbf9b7d794b8	12
taxon_3e57c347ee1e187a96cf73c9a04ed8104c640dc4bc660e3034f8cc122c032f6f	12
taxon_3e6a9becfdee21d20d34d1d7c3048eefda216ff6623ad788e72d59fa3c54ef96	12
taxon_3e7211b096987e57338052383d4570bb1bd847ab2f09643499b3255271e883e3	12
taxon_3ea6e30ba7287fa91d874642f914f59ee379dc4642dc4921bddc21da83bddc03	12
taxon_3f82aafbacb595659f1a60516eb300b56fe28fd0fdda0e291ebfa8c1a4f6eff7	12
taxon_4039bd2734542a26ab31c224772592ace0bf14da97c02cc6a3136f974065b340	12
taxon_409c221b6e7f573f7623a292a4aee49a0da4cf4f5220594218306223201dfdce	12
taxon_40f90e8007e63697a04c07da398ac6c7f824e47cc64a2f71d84f5823522a60db	12
taxon_415fa170692c9a310f61186cd54115366e32660b40dcd8dff9424bc3856b40bf	12
taxon_428f287ec1a181118da493a0f8d72708db7b62098c97710acaf8a638210d7ace	12
taxon_43788056d3d459de424b6d170474c5c3c52413fe4168901b16c2ad038d4fe652	12
taxon_443e7a3ca20bc597de6dd3144d3a0c51a4ec2bc78e9a0263f91ee7254c39f842	12
taxon_449c13b1acc6a36bc6d84ed723106b39580dc091ff7f0b226b2f50fd1520be76	12
taxon_472da024d0b6d4a37268d3d659d7734fb0b11b63315fb81bbf6951624cb5dc1d	12
taxon_4775467ef87325673e6c8a31b62635986b1f4cd3ed94f6d9b00b67d335ab857f	12
taxon_4796eaa789067b347609b6d90073ad901517238106e7d977cdbf968f7b0d7893	12
taxon_4840b9d04de90fa5065005248f202c54d540f0b5f883491d8a29b516c2f5787e	12
taxon_485b21c1c38f3cbc341b11e5121e9cc427ad78e26b654a0f09a86b77b544338b	12
taxon_4a394e915dd12f492dca0545b25378591eda9fc835e2ae23d125baf506896784	12
taxon_4a9fbf10159e57b4ab6d3540557541a6695b4194097bef51ca59ccadca48bf91	12
taxon_4b402def49e65532ef3c8e25b6adf574732f537ffe3ba1306490cc1990330765	12
taxon_4b58d333fe3a29642158c644f42a02bc6f5c3dbcf431013d42de481ce9e0a17d	12
taxon_4b7d77ab1dc7994fc02b2489de60d13dab663d641be1b717c894281fb348208d	12
taxon_4bdc42df9ade7ffb6c3cd42b068f0efaae2a7f4927119028ca1963d73043f95e	12
taxon_4c64717453e402371200846ce3b4c879a57b6839ed39372fdcc2b09ff0ab55d3	12
taxon_4ca9373b87f4f4cacfcf64d53064377d11eb148cc510a8708c63f26093d739c6	12
taxon_4ccbb7ea8323c969fbe019fb63b3701d326624f952c77841ee5e1f0e66b6828b	12
taxon_4e4684c4252525aa7913819cdbe8940ee1a2028f48005496f7d854f0a3201eb3	12
taxon_4e59aae3fe466c7f213a5c1735be5338a27bb7a9a536043b7cff05576864223e	12
taxon_4e5ea7e066ee32b7d16e404a353d82e41c77b653f9b76d17b916be4515b5dd2d	12
taxon_4e65666704e9ef7001af815de6fa39837b1f5e60824390cc730cf72d2c648e18	12
taxon_4f0f056a4c31972373c1e003e0826a4127efb5fa05a5d15a84a8e8ad87abbd94	12
taxon_4f1efc4b29e473586b525a92fcfe083f8f2796f85e0e1c9b3fa96823ddc77cee	12
taxon_4f27d89f3d4105064a709ca220d6afeaec64736b14281a7160136d27ba139e99	12
taxon_4f49f25230a65a318a02eedbe9a122a47178746f08213e13ef2c974ec14a9b80	12
taxon_4fa22e31152048198a13e1ca3dbbf5993e4053b25f5b1888fbc307afd554b9d8	12
taxon_51f8608f558f7e33be734e77104db31aaa2153eaa235a099002247beac1b70f2	12
taxon_52ae3c7e3751b1ebd81b13f05b49e231d81d3b1f16095a114446730870e68d06	12
taxon_538f9cc9bc92fa8058e79c4cfa674856e9301e9121b9504adbb3a563ff1b0a56	12
taxon_53aaa5d253808ca4a6ca6ed1fd3ea81a281c564704e0a889afd86b2b8f703eaf	12
taxon_53f20963eaa577f41dd6739bb0664d017c583d090a9423f6a80d371a88aaf876	12
taxon_53fe68afef3249e91f1512d226095d9ea99788616e9fe964ba3bd0da824c92c8	12
taxon_541dac2264cc6b571ec8bc9e789d508203c04d07eb05c1fb719597d010e5bdff	12
taxon_547c1d7f4dea53c28d9098a6ab0efa4b0afa92942cbaf5b17ec42a824cd7cdfd	12
taxon_5496930f6f93e8a23571910b6a53c6c108cf30475ccfd8c9657cb84c5be5f123	12
taxon_5576595fff263690e463cb92b60b34ab907c3b9617b38c3ea7052d6d5ebac949	12
taxon_55bf5b76b2ea8bf910eff53d80db9a998b938c13191fedc9e8b90342eacc38dd	12
taxon_5860366d3eab74f05b4408e5eff2a22acf803b7d26b5d9f749e4a1056fd9f0e3	12
taxon_59f6d6bb2b4ebc855b847de0f742f2fa7e650a7aad84b47361562fcf5bcbe029	12
taxon_5a1f619894cf3320a7dab08babb3a130df83665498d10c2b2cba36afdef1dfb1	12
taxon_5aab72f2bc25a0fd87a1cf302cba0021a9892cbaf3c9f57df9a3358d1955a547	12
taxon_5afb4364cf4226bcff051190c8ff9718200922a20c1c37f0cac3318be6bfd7c3	12
taxon_5be717ea9294be6f3d3f80c33377a45262197bba1cb690058140366afda99616	12
taxon_5dd3470f8e9da76ee9558b7e7f86d822450fa144f7c4c0ce1da4aee15b09cc08	12
taxon_5e1baac8ec95cb9b8e72a983d34ea6f47fd58845501bf1dc2c3b787fe36f6a33	12
taxon_606f0dc49d2ae4ed84f9a3058e25ff0836eaccf4af604a7a7fbcd80423af55aa	12
taxon_608241cf9db76e4f2014bcd3b32de341b66b8c77813b3598e576efe5675183e5	12
taxon_616fe5903fec9b8a2b12c3be80b1137a91c2e8373486bd5a9dbf6352c9de4a4e	12
taxon_638e497d3a1607b37568aa63351105eb61f68672a98c08a4e2b14293ddcfd62d	12
taxon_63a99de0f5c20154aa88a74d73e745059027319652bdafa00a07024aa99d3a18	12
taxon_63d1494dac9f824d5a4acc7128eeae2c4c08b1b8da50bc7a941c07b06f80c0f1	12
taxon_63faae5a16da24b2d675ce3fd0eb6273b5f98d5fdd64af1e4c9f8bec0001da52	12
taxon_650fc36ed4c10efca95651c45aaeb20c696b1dc1402d8aa67860de72a82c6d0e	12
taxon_651a03aba870f10aa8c350f5139de82d6691d2af2bce916396ab74c4818974c9	12
taxon_665ca50f60a88fa09e538b65ce543f38247161f013728d200c9528a765a68432	12
taxon_66654f33c16c665101f14f68babc9747caa3d60c7235ac14e80c96a4f6465844	12
taxon_66d4bb3e3840f7a54f5668aa397660a99b4843d885c0cc106ef24dbbb8cea7a8	12
taxon_66f85f01e1f8bd6ef9e86a2398bdcea4d0426a4413e5118270d44f3910d2eb0b	12
taxon_67abf2c0c5ff9aaf371cf527217c5bfb481e0be0ea75722e6b049ee01618e201	12
taxon_67dddf4210a493b3c069b209d4e1b9ed7c995b68552b0fdeb4d10f5183551b30	12
taxon_680038e0fc5566f76ec4ceccf7972f216c6414fab5609b039815fa635c7ac6bd	12
taxon_681e8e8d25f9b04ab9b2c1b41d3179cfb34ee9e673bf10f13dbfe9bc423e8943	12
taxon_6b8d6a4cdb0e2563217b8ada40bb63839db5042e6c2267ba3f8dbf062f6a8bac	12
taxon_6c0063eb18380cc68f080aa2bd43cd2881e3e3a5e559b1d85fabb19317002301	12
taxon_6c0ec244fedebce60a1db834c23a3c14a9066fe8fdc25f79d0e219c31753c579	12
taxon_6d21916e661a932bb2a67c26ea8c14a5215c14dc48a7e1d78eb090cece033c05	12
taxon_6d69fc04b76d8360ea430113accbf7c219247283f40ee767ccec4b6445cfccf7	12
taxon_6d811de12368a91f29f2cd077ebd67395e2a7b27078f76e39598d322ccbfd8ef	12
taxon_6e406b366960176bb3a8fd8960571b80c365e58e748082b6fe14a8dc96921c4c	12
taxon_6eb155b23096b38baebc4639019f97c9a6e16207d9d20794dfdf7c196deffe21	12
taxon_6fdde8d757377eb7949223b63cd589c52c6e8dfd6e4583968e2fa653336d7efc	12
taxon_710f67bc389b3542efaada21caab2eac2c4495d1cd27885ffb459d28736b553a	12
taxon_72081bc6dbd56b77c5d3b03e19cf6f662d31434531a3115ce895f4599516b18a	12
taxon_7297b90339b58a14435477a5d79070c2227ee5f4c20661d4b042a9d39acba60d	12
taxon_734531482c680cbefed557b9bed3def236ce3e2adb2ac36fa0e4ef1de605bc2b	12
taxon_75464c4163b920fa8f089e7b4f57e844eb122cbfc524777a7a85bba213f908c8	12
taxon_75e263b4ca8bf6b16cf8b87877b4d73c9f8114c0c867590f9ca5c425a0502e7f	12
taxon_77d5bd94527125e222fc2bb99b54107816293fb6c0c99c087b14ad56e2403667	12
taxon_781c118cc698790d5aebb0371898fb3492eccc5026c48817238283da8df906df	12
taxon_7914e9c6209716c85ef1be70c188e7f67138ab7519d7e82bcdac74411d886a7f	12
taxon_79fc94be1444ecc527d9f3016ec5a35b1eb2f9d482041eebd0c41a1bd8ea0a16	12
taxon_7a0862384447e848967c88f48bd5ec385f28b005e6565ca57ff556217d1d90fc	12
taxon_7a67f60568b6219b068aef32eccb1d7e3dd7e1e514714c4e964b6d9c341a11ec	12
taxon_7a7e6166dcf5c85e1eb87bf0a7cd106257d9e82d0cb16497f8d48e6c605f10a5	12
taxon_7acc94a035fb7ceb6ca2b4d3db6b91c2fc52b5e408e410b42a47ffc47d63e31d	12
taxon_7b4e60f969c5c98fbd2a4ea465f98627eb8d722cd294bbf33f3655012f809500	12
taxon_7cc3b8405eb3348100b20af8c433c1e0524646ce97bb3e269f1e5e55e05ac296	12
taxon_7de2c61f93d2f5f4caa3bb2807ca6a6d584d4c0701ac377e232845becf8f5212	12
taxon_7e341124442b78617e29778117e93345ad339db0ebd3a447601f6f6bc0714599	12
taxon_7ed0c6615833d678df7340d561c5c943c932db9f051c932f30d5566c6af9b486	12
taxon_801e4d9a489aba044cbdff3c98b1fc3b5ff1b1ea6444e400ae3040417913808a	12
taxon_80e0f619a5f8520a159b0d440af67c549c126b785a9fb48dac84f6f79e8ec575	12
taxon_816086d8d8233a9f187be6f6278694ee10cfa973b3ab24bf8d75dfffac1117f0	12
taxon_8201027f409748830ac3e5f47b7f3ad0bc5e4a4e25cf413af9c0f6d5a67dc445	12
taxon_84de451273cb07647899d57eb2b8e12a2a1e837b749a890109db6682291707b0	12
taxon_86d88d21e70ba9983747736455766a3199d6b2fe90149d104f7f38d961c149b3	12
taxon_86e95d13a4830ade7028fffbc04041e2041af836e566524823ef2980727eb3e6	12
taxon_87346177c24833bf7d705ec3107b814e87244c27be6c948497655528284d126b	12
taxon_8806398553c9c5ecdffec0827000e6eeb69ae49ce0c66cb067f02cb6f41e6b3e	12
taxon_889ee4dccd44f39d9cad42386e362728fec758fe7149f7abf2096faa786c268a	12
taxon_88d35f132b84f7e5e5cb63d1d02bb163878658ddda8c568a3d2196d13b801f86	12
taxon_88e8eccd33f2b5bd43c3177a31f25721d4461b2c62f4d0863a529b17886e8868	12
taxon_8a18aefbc93e5614478b3e91ec021840a1a901028f6e224bd38e64ccd785e6a1	12
taxon_8a9fba4c670d6b941911a163c41ad52baeb6faae4e22a8b8afdf9363d1acad13	12
taxon_8b84ba589440cc5b93b3dbb901497277538636934b43a4f6a1a0ccb1108e43af	12
taxon_8c1b53e66903d944f5ae7b283f0a2de44b3e0a97cde6962d63f9f838baa58c48	12
taxon_8d7c64b4f4a174c4b987930844980dfd4f0b87dd2624930528bce21684a08eb8	12
taxon_8ddcaac5ae3a497d6a6ba6cc3ff4aadcc1102a96b8cc1a6cc5aa21d06cdf96f6	12
taxon_8f679896fc655f239cd93830b222c8c04be51ded049fb41dc197924595bbfb7f	12
taxon_8f8c3c406112c2d0d777bb9e8170ee5ddcc48fe1149220839b5b19f3c6646908	12
taxon_905fc2c1c5712a38677a7e1f028f0378bf52db00b0bb490e72f16614f10e8597	12
taxon_91162dbc528baa37b587a911268c3300f4a96173831f566171104c3c1583007b	12
taxon_9180dbb0332161912cab8e7504bb35462d89fde24eb404a329723c36bf447a18	12
taxon_92326f96a37f5c12df3610d5a5ef02949c6934147c8628b1a2b8b6da1007f7e1	12
taxon_92c30f82c92f9068ebbb7eda7f38df0562512af9978327b8f41aa68e887c2b4d	12
taxon_93499ab754579ab08ca8b52f42d4e0e5ade379648017a08630caa168a889ae29	12
taxon_93612deaf70cdad8b377c0050ed7f251dea690184fcc76b4f4171f9ce09645ba	12
taxon_9408ed87a7b3772a5d5a62415ce12b4093ff3af01a1420c40363d6b82d30ed05	12
taxon_946c732a14909657c9ad34851510f485abaf21ccf4b4f93f47e2ac7f8eab7c3e	12
taxon_9512ecc9a4ff50986d7cf2f047ab518455e4620323d80c84ebbe1074e0ffc3fb	12
taxon_95bd639f677fe977654e927184cff7c525eda5656de6a2863aad9bea5fbf773a	12
taxon_9720dbf00fc601c5823ed6a73d173d4bdcc0efe3a18968d0893812958e36e5ad	12
taxon_97752d5d89f705d53cc8479d73214ef9393b603724a270d585853ec50c9554bd	12
taxon_9998bab2342b5099fe7233d0583ae8a1f1e1f58cf8efd35aa02ba1103ee220ba	12
taxon_99cf9912d1333c45e0b04c61e43c42209f64dcc154c07fc8a39842a2bd6f16a5	12
taxon_9a1b355d5bbd08caac7e15986ec69958cadfd807ffe7fadd4c328087386f5b4b	12
taxon_9a66c5e0d9cb4dfd869303f1f2eaea500fdfff0d5cddfee93989d927429257e4	12
taxon_9b99ef8af4b0227bb4d380599cd9d422260aafe040f843e04b9182c4d7d210c4	12
taxon_9d2f5b3809d62511f71f7aa56ae09fa49ff1b765b8c17fc74735593ab66fb8c9	12
taxon_9d8944c03b8c030bbca9b57d7f8fb7e385259533af048f3c47b53857e2cf3cfa	12
taxon_9dc0bc3f71faa0aeb1ea17650d0b2bfaa4fa376eb421671cb2dca8d5d9cc958b	12
taxon_9e0270db8a243154350f3f65006fc1c8d779937c853827940dbca6bce3a05c32	12
taxon_9e6ca2d0f09aeb04d9f819792e57ae5d2e7256bfe48109e326884c6263538cff	12
taxon_9f31f9a7d1ff9213d8f48220d605790471ad5ed15ab514e99dff0c494b2feffe	12
taxon_a00ae3104abc66aa48465ae2602f8f9a156a8c64934282f6b24e749580154587	12
taxon_a0d147548945d74a310f40ba74651a85aa8e8381dc9518a2d4c47e4bd76396dc	12
taxon_a1c885ee20d244e9df12f3d6ffe051c6e45ef87ea07418df7ea403137d1edcab	12
taxon_a33e8dcbcc763fc3cfffa33ae6d23004138059b44e75774c492a1e4d2f58d418	12
taxon_a40d2fb6ab83ff596486b7dd79d499ceef58cfab6d8998bfab8a73be324c06f3	12
taxon_a4e3291276248ff3a918b77c1c18ebea0155aaf4655501b50f1b7832c291c8bf	12
taxon_a4eabaa416eaa2ce65d16708fd55d5827f38839c6487f6391ea62063724847b8	12
taxon_a530148e030b1f4507c8a39b9bac8e761cc79074eaaf11b49f9539c345dc1977	12
taxon_a5d9e11ba417b5bebd9289577c947bfe9a2d5bb6ab7dc8878bfd302072244e6c	12
taxon_a6025fcde5c63bf20422fc1f397a1329c807d64463b9979157f7666b78b7c322	12
taxon_a665ac255f38762df9ac4484eefdaeb3ddcedb44330638361e4b23e14fdfa162	12
taxon_a683574d1f1ca73f2833fcb484068dc8335b52f90c4f362e8a69a7afae9c8d9c	12
taxon_a7ab310508e9b19b1756c46dd7da487feb1978bbfed2cc213b156efacd022cce	12
taxon_aa2cc288859a81322f281195636c828cb38f907dca461014baa5c6db5fd8fb50	12
taxon_aab3a17889d1e63a08a0a089636f7cf9d3178078238d9fa3199a0c94e8ed173b	12
taxon_aaf290389f4f32d8b53b801ae5987ddbb0030fb2ddacad694cfb25841e3ded0a	12
taxon_ab38637471e8b8783b516c53cb09894fe624757ecabde1f3b01745442e4386e8	12
taxon_ab3cb249f5fe0d17c69a12a6a6aa7c5b5c4f74a93f912aa22205382a2de6e46f	12
taxon_aba523954b0928fd0673063535c8c4cd9c8c02981eed6963328024ed6306e5cf	12
taxon_ad7b19eb60f797d58894fde53884f4ea7af93f6a84fb75a4d0d0977ffb4b9625	12
taxon_af02c3f37fb6a3553c1f36270a29e02bbd7606f799fe2c985baab83121dc9a07	12
taxon_af311cf1aa55356b6e52f21cb46e3c5431c3f5cb2e29a4b1ccc199304014cced	12
taxon_af5451f7df0dfeaae8254b916f276ade345a41d592faa99d4681beb0a63a33f1	12
taxon_b0aed1e4fe2dc7b63099148341fdb0dbd83d3c72bc8914b3bc59e80e50d28cb9	12
taxon_b28f57d52a3134fdb65818b4f938d69d229ec1f3414892e464c4dc284cd15385	12
taxon_b2d0182f7be391ef0643b162e6295b0601f96a14f4b4c42b9b5137260cd930e4	12
taxon_b2d9569890367709e6044db84d7637923afeb6c3f510845399083b9ed0efdeae	12
taxon_b4adcba4565db2967ba03bf51645e93626c317fc9e7dc5a4e5f3a3f090930a1f	12
taxon_b4c4d1e072f565d3413d2eeda18585e5222cb64a687b73dd386f478ab97f2135	12
taxon_b4ec1f5629c00f9cee0851ca02d74f4c156ddc9427a59d4555f319af37ffe911	12
taxon_b513ffc307459cf8d7cd040b236d831745bab08cd8820207955e03699e8a9fac	12
taxon_b66206f2094095b7deedf42c772bc1dcb45d639f857012192055da178b7b8ae6	12
taxon_b6d4afa3370eaa3683d81a40f351b77c0598e9ce53112f3f0f1c2dc42fc1ac85	12
taxon_b75aa035586ea5bef6a01afabdbf43b1108366fb8d6f9edf9d904643c4f71993	12
taxon_b7ec00c8a3fc846acfa7557e63abd950d3f3ee3fd4ce3e2e9e12e25b27bd0a58	12
taxon_b8e5f774d412266519f4c41c36ec134b62ede01e335b9aca52a58bee75d554d5	12
taxon_b93dd92ce7b96859be50d4ee0a275973c14d243c72bea517fcf601c5cceb5dc7	12
taxon_b9fe1c5c9a8852a0d19b61b6a77d874a09b70e98c91c13b6ac775939f6642ae7	12
taxon_ba11454c27171de78d2c4b1aca28c636b47a3fc5e73141fb8cca34ca7fa5b692	12
taxon_ba644fc0cc2bcf59a74d83139719935b6c73934142a3d749a2f22dba8e515305	12
taxon_bc495d8aec68a762f038e0dd9482500c165ec70026a249cd0144809bf5533789	12
taxon_bcd749fa83d11d3b86b161745d0711fdbcfc2a1420a8abd667bfccbcbb547a71	12
taxon_bd3a46fa94c6e1715c0b6df2c04e73113077bf0351ea558db7fe995daf30dcf9	12
taxon_bec1e46a2b0fbf14e85bcdb4c74f2799da1adabd7cfe8a2e3d711def0d13b962	12
taxon_bf4acb905b738690686f61a405041a77de30de1d54fb56c14b0140b7a03f601a	12
taxon_bf862625308642a9d24a5388d7655f7ce887eaf45196dadd9813ce9a6ce951cd	12
taxon_bfca7208eb7092f5434096e7ab86747fa99f236b4e34dfdccbcc7f8f39ae92e5	12
taxon_c139afc27456489a881d1c9af158ae957c89cd22a7a01a85e85c4bc66f96c5b4	12
taxon_c1ae9c3e849e1006c18358ea0534f504f194611b065aa230823c42ba7920c275	12
taxon_c232ca59b6a59f1e5e8fe9826e86fb638f3edbdeac24187c509aff0a4cac3bdb	12
taxon_c258ef20b9565689ae3415df7c902bdf26374d023cac49e0cd8285e51cbf632c	12
taxon_c291d2666fe111ab0664423cc4c67c80a3c7250c8beb984d91717def34ae2e41	12
taxon_c397e66728275bed5086829d8cf0bf71803b8a04607cb4e3883953cf46d1e51b	12
taxon_c3f4b129b97f05d47e210b60c6c77bce970b7443557d9b44cec6a9917c454b0f	12
taxon_c4e792a06fa42c85a5884ec7f1da6511b480f1ebcebca36b6f02c72c523674b1	12
taxon_c667367d2a138419a91c9e47159b14987e111eb7fd950d9742b0fa85767c12b7	12
taxon_c807d6b655f8530741265884c32b039eb695e110cbf027301ad5075a842ba285	12
taxon_c8b39f5075305e3075d62faadef184df0d2f80e559648142abc8c4379c4754f1	12
taxon_c8b83ab149714d308dc79b940711ed3ccee3520790e297a898784d96b4ddf7ce	12
taxon_c8e7a8b34a13562a96726ba91209accdad373a8ce51164cb051d4d1c33fdb671	12
taxon_ca85720728ad4756104ecec3973659c035a14327f8596c8fc813979f678d7973	12
taxon_ca9ee6882f749accfa56babfb11d6b419d7c9baf56625ea21b08a3b966d6ae44	12
taxon_cacbabbbb2b574914e87b189e34573ddf3628298b57754604c544bcc979a9a19	12
taxon_cb8ce8f55c65947d5665d0b3de27a10273f076750c1c6bb857cbf52ae6b08207	12
taxon_cbc538f77c2987f44a1cbc4b96ea9a6d18b3407a09932fb628fcaef23255c309	12
taxon_cca1b6671cdec1fb238624a4c5d9a70805c5c342ccccd87999a5e4370c0352f8	12
taxon_ccc9e0872ed5cfc9e42417123ff10a5893699013baac25f00f3aca85b7ec6af8	12
taxon_ccd4dc865ec519ea72cf7f84a3000949e1a9b56b82b6462d90c3ee6dd195fa98	12
taxon_cd1ef94337c653ff17673792c4f97c4704a3be0654310521dd1a5e92f0996e48	12
taxon_cd21921e71a829cd19c282a08ac18024cd88b8a56ef87a760c99c801913201e5	12
taxon_cd78d28e718b913b8204d0b3b3c7962adb5194cd0182ddddd7445feb4e805ac0	12
taxon_cd7c4721c5da6c8a8877390c30f66b82db0fc5ec465bfe88b7d30ccc0b1bce92	12
taxon_ced79435e008020e27090c322c2444601c3697f91ef6c278ffdc7412203be0ec	12
taxon_cf1d3d36db6ccea0647eb7f0c027a4a49bb3b615848b7e9f3d8e4bf6959ae4bc	12
taxon_cfc0b9c841fd0e59f852bf9a896a67b43f3a4e125eadaa430b58440b70f1b589	12
taxon_cfc15de79fc74e053736647bdf0da10ce74131be3a58a710ca238bf14a53a092	12
taxon_d037108b3aea7bc4ff83e00b76c2d58519a8bde36b9ec8d3a971fcada1df0768	12
taxon_d0d79c5b79dca0c80444bcc23b03ffb35b6f4408033ad6c55247511fe77fd09d	12
taxon_d1482bb47d616a2bcddd671bd9dab263f1e07176fe6f8005ee3691195309fdb4	12
taxon_d2d86e65721e525633753f830dffb482985f3a83bba5ee081f8d35a6a8943905	12
taxon_d353119f8ceabed649b4c795852d0980d7e2724b04334ac3d481435f499e8745	12
taxon_d357b21e9d652b585d688c5947510658db9657822d57d0bfc9d041b97fc8fb0e	12
taxon_d35be14e874a94e69ae5908c733eba444d173b43a85e01884a5471e1f500ee3a	12
taxon_d3bc66a47cb52c47acf7e9bf718c4b4b3be3a346c6e6042630f8cead8555425e	12
taxon_d3e25445cf48ec7347e5e90fd3d2db1d7310a39579a5690fb9cb675366d06436	12
taxon_d52a91abb66f539c6af8e209cb2906dced6afed5b2007b0e947c228b6e5221c4	12
taxon_d5ecf753ca0f5006d00b8134b59e8ff167acd1638578906f1f62150d1e2034bd	12
taxon_d62ec1d29a71ec6a7d2c09f9ca62b9e826de73cc5648f43b0042cf0a90c973b6	12
taxon_d6cf09241a97989ef75b7124aa224fa37ad4f7c5a3ef284a69493669350ac9d0	12
taxon_d72e63fa490514021c2a29bae94992ca25af695e7851397540d518bea174d2ec	12
taxon_d7742abeeb68e19d85771b6e36b3d757b1de0017e038b939be0e76b8561f5857	12
taxon_d80960264dc6219a68993741957e390a54a1619ac2dd1cd229085a9c08f08092	12
taxon_d828e543e9e00a068e0cebb468201f4d5ff29a5b3e7dd110bb2e8c808f905a54	12
taxon_d829eeea83ff613a84f813680c4ba536bd4b17dcda7de545c429367b5889896e	12
taxon_d9995e24f834e18af48d99b4d23d211c49d4f7d6aa19195b5766352462637592	12
taxon_da02c283fe28820e8f325a2c123e34e13d5963c3e6be2d045db4a2788a6eb95e	12
taxon_da039ea0a67c0fe273b2ad6617f77072ddff64afcac914118f0bbf86d495c0fd	12
taxon_db4c0070433d6866dedea2744bf7bf9c603269587d3eb8534e340e8ccf5e8c7d	12
taxon_db79e8691a8d2268188853138b9fb4a9cbc6d6d81216588905f1b48754f7a5bc	12
taxon_dc40f52531d7d476991d8e31cde5e5d894eeefb9996e206ed3f64673366f9262	12
taxon_dcda40c6f0118d26ef1ad339b8ccb988b5c04260d7b42943bfc8b9c0738eb21e	12
taxon_dd13e65caaa6a13b0bb6b8e29d1e2f783b100bd0a030b1aa2396454465ca89a0	12
taxon_dd3310316f0bab8b9836a46fcf300773861950c5d8fda4b4546e8218bac91a91	12
taxon_dd35767d7f669f09c560249a3e53ae8c3ab8713bba4a0c898a9899f7d683349a	12
taxon_ddb9a1b7da2af98eb1fda92cb9224324441f3dbe378cdb5e9a8d0ad72ff09142	12
taxon_dde6decb69cef48e1bc2d367490df10ec9afc91bca7308013010a85add99fad3	12
taxon_dee7c8049c68a9b5d43e39db02e263e4f6926313d38cdb6c358792f6619cac44	12
taxon_df02554ccaf327fd16ea86acb69f3ac9a09ff9a64e75db361e5345d0a5898072	12
taxon_df7f953193b8a04ef4c9a35260e3220e729434a7c1eab4b6d1d35bdccc1216ea	12
taxon_e0a45624ca9a4b3e1afb3a30706d32aa97a2723aab50160cd769145772f3490f	12
taxon_e12b6307d3be9f3dcd7047e1e53b3125159e56e310ac2f2536ea79918f2b05df	12
taxon_e12d9e83f35667d7836bbbf6fc40118ef421854887e660e0a5dfda4cbcce24cb	12
taxon_e13020d808042774d0508be43e14bf70ed7b227f544a78645f231e1a125279c1	12
taxon_e1683f70e3b12ec8d95c54cf88adb565b36c1f13cbdb929f9d2a91c02da121df	12
taxon_e23fbf5af304d03c8c85c72313cfbe941affb3379cf4ffa732b05f155f0f9f9f	12
taxon_e343aca051351c2525b6f9341b20431bbc1793463f92eb2062faa215e1a36860	12
taxon_e4363f34a21c524b2da134a66d3fdd176c5cea72b040fdee5993bafb39edb685	12
taxon_e4cb65b35262b80d9a89b60008cabd12b9b8ca17e56cfbe5179f88541e16220e	12
taxon_e924c05e7d9cb8d7074fbf3c968c860b5a5fcc113ca19dede765ebe34770cdc1	12
taxon_e95bf3465445b0774283536434112f48bc9848175015b19c679a46d9a57528ab	12
taxon_e997724e9afa96fc96f596767dda4602f5e6f5606bcea3338b447b71254a3d84	12
taxon_ea9600f46c7d0dc79aa293bef2fddc0c53ee169fc240809ca80f353f23ec5aa6	12
taxon_eac988421738d3f80a4525eb006ac650204110e85b6701f8e746aba5faaefc94	12
taxon_eb3491d6d58ef063263f3322249959eab7fd1da017ea6c67afd8e2ad0f3238c1	12
taxon_eb62d401c304c06a80bde49f8cf8747227d8f197dc2dac6c4bb9118939c65259	12
taxon_ec5eca7242898384d4453409e8c721a73609c43af9804289455c0b2a0972647d	12
taxon_ed151c9afbcf077d42e5b1603512c1bcd0083dde77c7f56206c0856ca0aa125c	12
taxon_ed2014adcc8ce31b399166d2b9be8076363eca3f17191e0c6ba778b0fa6facad	12
taxon_ed28213ca72ab8190bb686390e7aae97ade67a21db0ace9460cd256c3025a6ab	12
taxon_ed9549bee5abd9631ad3869fb00c57daea4ad83c14652e25f1f55eb97e77cf3e	12
taxon_edc516982b361d818fa9662deb7d7800c7b1d3314d4f6a38f7ff1a7ebfdeb06c	12
taxon_ee08b2c49ea301c26727997f5caa237e9079f9f6bd8bd7ffa672ae3ea6cca488	12
taxon_ee1feda90dc411826ad0c044d0a2d433805922bb7658552d174c84078370cd8a	12
taxon_eedf6bbc5f73d60db1357869cb071759e2100ac588a6ad4213d9e34be2957732	12
taxon_f0166534e983d2e95a170d1d487cb68ccb4fdb599c28c94dce67b09589265e5c	12
taxon_f04372f17c0d356950b5eebb061ce986e1454ed63b046fa423a972b35956f0b8	12
taxon_f0d3478e8ebd470acdc888e742bd7d8db109f56cdb9e71dfff875268b566fa39	12
taxon_f0f3c857646e9d7752f4ce7414061251fbcc36b61a270d47267172cf5b7e82c0	12
taxon_f11e7f300858d014afe34c4109217fe93ea9eb0337a75b74c734c045b1325430	12
taxon_f2d7cd6b9309b0eb2047baf1b061c45bd7ccbe7ae38f70fec6aae6fa05efe84a	12
taxon_f390f15ae6bb666d664bb3277305fa8777ca13492d619013e19af779a8d2ae4d	12
taxon_f568a11cbb8f05e08f078b605130bf0cdc722f379e603402f70fd7725523de54	12
taxon_f6963cd50561bf093ee1b641095247cf6f40cef9be1b1b73f1cf94c86032aea6	12
taxon_f6a258ab13f5240911ff0d95cf01f556c58cf22d992e9ef7cc2a5d28b7a4c604	12
taxon_f6a7209965a487ceed27cf605ba08438e9fe7b51394b61cbb104847db8eeb869	12
taxon_f6acf2055573504c71198a50146e79b244840a18d270423773cf3715ab613efc	12
taxon_f6b8e03f5703da59c7d9c6cb6323e2cc20e23fdcfb6f5c16610345a12c0c5bd2	12
taxon_f6ecd952867c1c4f135a41c0792e05fd71ce0a5c7ecfbc5be77eb2bc33fbdb06	12
taxon_f853e314d8ddd053995cbc470d15ef61b4e08f9102a7939061c4c0db4eee014f	12
taxon_f9542fbfd11d8a8edfd6b80ec00d179393fa7292ec857cd98d49a9be3af6a862	12
taxon_fa1567301d07fdbd46cae24f774c8a61a39ab8a7e1931713a55174f3d4b34799	12
taxon_fa44dfff573bbe88fa9a32fa74b872ef8ed90959d5218e561edc0715a91f6eb6	12
taxon_faa8ce9bded8c2550deb843d6664369301bbe58718478e2f96562542e0b85f9e	12
taxon_fbc79399f3b23b4f0a51e61a12ca07f1c2b1c5ba63a0a5e3a6a15dc2fdb74bb2	12
taxon_fbd8686bc3b1153ee9b8c2480f4a99eb3724f7613e0b140d30651cff658bbe12	12
taxon_fdcaf85d948ed20f3681e29f921461315da2a35db59d0e2a50f985f120388d63	12
taxon_fe4276e29703840905497b46a37bf08338b1e73c3a7fcb5b94c66c0cdc726db2	12
taxon_fec58e45023959d2c2066bc23bcecac61bf7f12d64e03fedf73c9e09349c4ffd	12
taxon_000b7cc62ca69ef7c4064c7b2595e7ec73355752b6a90a510bf0a6c314639740	11
taxon_00a857668fe838f18717fe85284b33090c01324517a2ea1cebafb89bdd85a17c	11
taxon_0160148f289a265b2fa00dcd42c932fcee5b3f149d3ed7804b4e97f87aae15a4	11
taxon_0192576138a7a03681b2a5c0484e6303d5aca53dbc290d8bd1c5e86d1f343b5d	11
taxon_0204e2a5d766bd7d0e5dd4c952aaf2f131a7d871acb751e68a9cfdbe9952e6f9	11
taxon_036618cb9531ac6157c651492c1b84a4859bb20c45441b3d335c627c4958e042	11
taxon_055fb63751c0340c324be561870b2e220df9868871434d21e3dd8f69746b46c4	11
taxon_05bfb8694f895c615ae202f3922355900613b7b2186e281b4db79f812d587774	11
taxon_0850e1984f751a1d7e11d72288ca67463a64dd329f6a6b817b59338d9ed86dbe	11
taxon_08c2b961e706e7c33f5f9064c98eaca183fc60e1a509acb622ac53413234214b	11
taxon_08e795e5309273ca006b44e479a0c9acfb4d4d02e08ccf7b4c91ea031925da53	11
taxon_091ababcc9b9336337cc9325f44dd109ba4fd026340af566c80ed0f38f3f2597	11
taxon_09adf1fc705679067af7032783e815dd49ac323c097a84b1b62b7cd6f0cf565d	11
taxon_09fc7fc66f07400120a15d923efed215ef21bb326d2597918f22d6bfa2b3d0f7	11
taxon_0af6de30bf37e27fc93513bb1ffe5773044ae9f321808a12bd8a361177b4cfd9	11
taxon_0c307f1d3c7de125d8e5801394aa4162ab69caab4911e1bf0306f1848b6f092e	11
taxon_0d09f15007dbcd526bf98b37b6b10d8486c1ffbbf2e36b88cc23f963ba21fcd2	11
taxon_0d8cb720d5dd05b2ba038c78ba668b8152ac2472c9096b02ab1d214f8ecdbf30	11
taxon_0dcca25b580133991173dfea9ea40f45413bcb58597a7f93a0d81ebca0b76ffa	11
taxon_0ef707554fffadb38f3c74bfd2884e6d5c07fcefd84cae3548fba8dc04534fbc	11
taxon_0f36111a67e1a12bdbad825250582878a40fd1db39b6ca1094a8114d992d3215	11
taxon_0f5a61d7e028599f76a1e69b6c935f5f6a97aadda3a9e0d156524c5328103768	11
taxon_10dde881f830bb712790015570450b94f8819e1a02e6f5b96e8a557123786a75	11
taxon_111c4e067ae6f380b9534a3ad3cdb4f95d3346a17739747d50ba097340d64d64	11
taxon_1130bc6cd43a655fb2b1c8f5f36721a9e038fd59ef2b3ad9a2391ad4a4a20648	11
taxon_115182a93352d5f5bfd87addb179021c386ef21af02d5fed4fa5b89f1f52857c	11
taxon_11562b7ccd5e5d544c046a664a7685db6ca701f7cd8cf079a174305c87689803	11
taxon_11bc441d2792ca1eb68fdca3af2a141292fc735f7487e33d008583c6316f6f61	11
taxon_134b7b6e52fbad95782dabc27c38d01500c9ad4a7217d5b5b9c87b021d36db81	11
taxon_141efe02e44a8189021ab92a8268821a6c388d8fa47808c7239ed993c7f577f2	11
taxon_14ede0b4b48985ae076e412352d9abc62e937771bac59208c933f9f60458c558	11
taxon_16c2caa0777f66e7637843e6ea770b6b74211ac8849fdd298d98c084849888a4	11
taxon_175e7baf3947d9ab9583aaf5956abfa2c4c93a9120cf2caa0e9851cd48c2cdc7	11
taxon_17f689ba00821bceeca2d1477297d62f215b26e52852574a3a62b1b2ca666b23	11
taxon_18c97efe3d41c16578cedf90285cbaafb651e772e9ad0efd765a118d220fa19e	11
taxon_191c9162b43bd68a837007bc34aee9f8e9bfeae9e1abf0450ab4477f3caf0672	11
taxon_1946dac398c86e658f023dfa2d63a4fe3578c2622032341633e9e23baa3a86fa	11
taxon_1a448cec83f25c0d2e345b8ec55f789ba4ada71ef8a2cb7f543b6cf82a1b84b6	11
taxon_1a6edaa06b993d337aae177ebd1cd55d3e9bf950963b3fc543b50b1d44ecb40c	11
taxon_1af20c60b7d2a008eaea8e4403139f2e346e6c63ace9763131dd612cf0b8f81f	11
taxon_1b089fdcd0882667478dbc7dd64b0904c14bcde5a5623c0522f1866e41eae6df	11
taxon_1b50d7051dcff63daecc22769eb1b83821b920585219bbfbb807126da49401a3	11
taxon_1ba42aac7812a8e6d0b78bea74d06237b2c8031bd661c9add1bbaa184fe96f8e	11
taxon_1d878965107e99519c0593c720cf8c4cdd527210a7122a5769e2303976ffd011	11
taxon_1e263a0639709604f5ac3c204b49c935affb653098f8871f927e41193941b29f	11
taxon_1f753d5ad86b13531d38764b036f6fef1f2e3f0e750101f1dabade7ba5687233	11
taxon_1fcb5bb3b608efcc754fa15ac038dbc15f45c66e46b298508a80c2d6fdc5fb13	11
taxon_1ff6f0ad76dcd93eab14499d5968e1af0477aa71033062e5ae9a68ff0948509e	11
taxon_20240129aa078522d4b71494f33f840ec279f9d56e16d54d5462b5b84a81b45f	11
taxon_206466169ccc908a8bf669a73cb7f98099c996d28fc2b56ae370f5c8b571fcdc	11
taxon_212fbfaa023009a26f9d8d3002c6b2f3cefea85492e6914ef8088df99b70a056	11
taxon_225122eb23ab12d85b360340b60c2af1747f1bc56fd0f0f1e45504499fa4f851	11
taxon_226fea92b4dbceb5856ad19aece418ce3ce870b02fa3ef63b262450333675099	11
taxon_229c14248fa3b6e156c1c60e55ef9e23f04062eb01924a42916b2d3c145d4c2d	11
taxon_22ae1286199504b58870bed234a0e3df1ff1bffbf49abe81ab64c5d1496ebf40	11
taxon_22bae24b72a4cdeb8a262b548da84f1add5aba8601a2a1dccf3804e8dd126c11	11
taxon_2516e634920bd7d7e639dd84c1ea1710c77ebcc6fa84098bca56ab92086576a7	11
taxon_2531a26b72ae1ff96b25511c14ef3831d8827568ce0d5abfd8563a9e15c4ab29	11
taxon_253d24d812c0ecfb395486ed5804c7f164f53549d83a2e4ca0c362a4754dbe6d	11
taxon_26c6df94f0d66e4c9f0f966483ac9d2ed53d86b7333f5ec3ec8312e1677a1822	11
taxon_27da43b01a8540a389eecfe1bf834a63ae92dd183ed42744191f5041e36093f3	11
taxon_280e81b2ee1d00da1a385f48dfefe263e52230171b14003fb1ba73a1bdc6fd19	11
taxon_28d7c47ec7c769272c3175f9aea1f2e28a660a10d8d86ce7caa82595f4aaefb6	11
taxon_292d6c21e7f3758ea6a8056644ddf07a107c42554ab0160e618e7d521857fbbe	11
taxon_29ecfa447017f1aaa665dd2e17653a4bb64d3495b0593109468f0aaea4dcb960	11
taxon_29efb18ca0a72f4ea9aad5e628f18517895e8b6864c526ac26f1757d51a9bec4	11
taxon_2a3453a0ecad566ed44b587fd2b2cf765bbf03150c3d9a40b61538578f47442d	11
taxon_2a47dff4424184de5b33eb02b41fe09460f4df6a8073b902a218b6e9556e8466	11
taxon_2ba595fe7151be09105975ca99900921ee7e7c38e93594b6046a85f567672869	11
taxon_2c57afa89530299e39e349b347df292eb19434150a88d4257ef394f760087311	11
taxon_2c6d57194b297d65e6ab185ef891a4ff295b49f1e24432a385c647dbf1175173	11
taxon_2c6e35de71726b53e11b876b2d5500fbf9b3823fe0befd8f35c7fcce96aa95f0	11
taxon_2e0867fa528d6d31911f78b9f4bdd15e351595f26a0b2d90a25a16ff4ae6e9c2	11
taxon_2e400f550cc3d21997ce3d3467d2c7c2df00964a2d1b28276a3cce5e7f1ea8f9	11
taxon_2e62d2d12df2cb3e78be3dc4c9c5fe9b02c42696f950f422242153be04b17897	11
taxon_2f4ab188938ce36a17f11dfda03e0f87bdde0269e59fbb879ba3c5a7e45fe3ba	11
taxon_2fa48cf919bf00846a947ed3cdb93c01651b5375623b1bdf5b75c9d79ead6dfe	11
taxon_2fbd21714e9dfd0bbd9727306a262d7617f51253995a4f9212a0d26480ec5f3d	11
taxon_2fbe442ea6aada927545ad3dda26bbdef1d99190ccec6778710d8fd5fa168bd5	11
taxon_3041f4ad4092b734b6a3c5e7c13bdbdc267ce3ab350aa44d785f720c59fda077	11
taxon_3128e218ff0f6b87cc1092f225c01596bdf8e7ce52787a61895358e411502c37	11
taxon_314917307fcd05bcb5c6ee7197be7694abca499cf8775e571ad0bff7d62931de	11
taxon_314b0769c815dab3d2030e3fecf408375003f12ead9efab53b08d97f8a8b4e3f	11
taxon_3154d245ca2777c6d1189d2a1b2de2ccf2a9c61cd844cf83415a4a24a62a29e4	11
taxon_31dd5a49748d3cbfd009b2e13b791f2eecc194fa3ce70969851dd37927bd18ab	11
taxon_32500978f50ac56ac520e097b2ebd5670114eb8d027671a14349e6ce88690a39	11
taxon_3270a956d290366009ae9bb25019f2628d249fbd9e7ac850d728352688fa191b	11
taxon_35800100ef4b4d785c31d72cde8c1d3c4c166f914b050ed2faa431c1daf90aca	11
taxon_360f92b3364c18350c6d58abdd9eb7e06cacf4371af525d2e9358e8ccdb195f9	11
taxon_3612ab6cb1485600714e5316d7410155e08dc6f53cf3349053ad44d8e0155700	11
taxon_36133f8fa1947f8de1f278dc30e8dafd276906c02de165bbccac56a8bf2cca2c	11
taxon_365218ca4101dbb2e39f811468a63cafb6c1ad17ac21428a88335e11c1024e01	11
taxon_36bf2508516a866b8c3323eac67ece318f19249f305c7c653b4bdd6e26650c73	11
taxon_395e55f3f6380d3d38b608f72a27a1f459633f072ce82dd28571f21a83dd90b9	11
taxon_3b5099ea08259c7c87a1fa0b37c2fb8b95d9dea4fbeecf543d9772917db4b3aa	11
taxon_3cc8b34152ef73c429db3bbeeadc133f7246c60ab2103b11e6c26d62b24333b0	11
taxon_3e101096f3879be234a227d386f024307708e0141a16d8b1f319104148c67fd5	11
taxon_3eeb207d3c13759d6008e6118c6f3be5fabc2c28d44b4b8446cf8e8b05921409	11
taxon_406689d538f78c6aa30b3fc5d8ec421a11fbcf9cc48dc90a8c7254d440dd9364	11
taxon_4089219c49731ee2ca57b1fecdb0f0fd009157c7f1f0735eddd613d051ecc074	11
taxon_42147e4894af6b15f73c20fe9880725ee6612c5c7af0339e3f762b356500fd44	11
taxon_42952059eb0664a945a208a1660c45d0ac8525af18776aab2172118cccc8cd48	11
taxon_43083829daa467d490446cf2b632640f90610056bf815ea295af73808ce04e11	11
taxon_43c589d5bc653531abf3c89d6064459c77e59af5750d1a1c520f80f3e84070f6	11
taxon_44bc1f1258a954f4bad1035ed209ff649fe77c53b859e639e780143dd0c07733	11
taxon_45150bafde7559ad81695c0d718b51172372abf8842d30bd7ff4364f75d17eb3	11
taxon_451ad9a3d6f3d41f39146c3c4a9d2f5716f5427c661e910d444f171b9d66d115	11
taxon_4536e2a785a2c3d08c40f30016de3b368f135d579db620a7a8e669a76d6e2d8c	11
taxon_454c945dccec480739269e65918119c0e13849e7950501ebcd89fb88553eaace	11
taxon_45875f5143010f636e7e4c8de4c8ee3c7ef1de6f400355483d7b3fed410a6a45	11
taxon_4776258bff65455ea9c171e847941879b9ecdc3094ad1114a2f2ea748f942586	11
taxon_47dd9fcbab91fc7f5ed55bdca1937081bf3297d630596c1bc62719caf8659bf6	11
taxon_47ff2cae4556f26e3ae4ce4e72be8fdc4676c7e1f0827d5c3dd04ac57425a9a6	11
taxon_4897bd6261b2b23aa04bcba780428ce254f7d2a65ee01030704d49c2a7d6b93c	11
taxon_48bd5155a1df04007bf756ecf067c96b1fa326e09828f6b027a11fad722a6ffb	11
taxon_48dd25b1d5edb23389076a00918daa04d72c416f02c5c7bf65f272b8db1cb92c	11
taxon_49448624dee56cfbe2d08c249e8330cad71378ef17cc06560d6074d1abf69c1b	11
taxon_499910655d3dc72cc9c00c3c60f2eefbcb94d9636ec23c90cbc83a345d4b14a6	11
taxon_4a19a8e1076cac0f93142fba754aab57dd7f1e9ddcb979e5fdf346775abe5c89	11
taxon_4ac6e920f8f68ad135cee6ff24e5d5a812db747489e9193ca072b369c0e36f32	11
taxon_4acfd39e42ece8ea88b886a1286c8b489ba3fb8074eaa207f97347de611dc1da	11
taxon_4c78e64e7fad697e212f07aa784751b870f8206b0400b8a4db8313f38d252324	11
taxon_4cf359b7c731d1abdb7cb414a00b039dedc9297baded14f79434d705c59ee0a1	11
taxon_4d5e632e1c5c37019ee6c0aa997dfa895dd36d1ce18c2741f7b713fb7adde038	11
taxon_4d729526e87410ec5f6092b90d1da9318667af20225b8e0fb83de796278f35c0	11
taxon_4dd6405400d4ed1a2a68310a3535c32b8afb682093425f1a70e55455081dd8ef	11
taxon_4e382f5b5a8ca2607079dc08679d0e20e6301ab3d0d25d39511305e56824567e	11
taxon_4ecdf972a48b03424212b51fe1b7862ab2066370f979f7367f4304aa6be3c3c1	11
taxon_4f6db695c7916776cb0121f5d3e2d33aa4a8be427bfa5fbd22e897dc6c3ed431	11
taxon_50a45c9b5fdbb93f223ee19daaa1e704f92286f5398a914b1cc5599bf971ccb8	11
taxon_50f00513259518eefa889a382790eb150d457c56a58945801a71807766ed3818	11
taxon_5116a9cda60f789269175b37c9e2768799b2ab93c11bed0e9af2ce6aa81d6060	11
taxon_51afd5dc64ad5e36208c84d3c19506dc843b9d6abb8ff272925aba1a186d0d42	11
taxon_52656a5b038493b65df503e162d69e7d4b0b9d318e7e7905762292740e6e9bea	11
taxon_53035aed13b6ba63323a7565d0d44ef46f47af34d35e251be198cd8423eb75ce	11
taxon_53be0e63c07b2874f8341f67319dd68c5bed4fa34960e1d67b87130412b2baff	11
taxon_53c86b1f6e45de68f73c4def6560bcc494fb5bfcfb24f4413bbb66c64449cfee	11
taxon_543ac6f57fda8714f9240b6f936832af50d5281ebad0f17ab7d3289e94361ec1	11
taxon_54e4d7be97dc403e5ab82075c8870d245f22cd48319ef5afdebeb9b622df2a16	11
taxon_553af8a9067e22aeea5c4602e76ca031be80d861699af9401ff38d44455beb76	11
taxon_56273840781d9c58f886841279e747a09fa4a244cd0074b174a7ef133f762fb9	11
taxon_562a4a782fbe1c1aa7df1e1bb0901640e3cfd8d4f3a94b3ae411c0f326021bb4	11
taxon_56862e52708eb12e6ea8492d434bc5be9b88a6283e2da3582e6ff2eb6feaa4d5	11
taxon_5706ad4c28d5180f74338f1b8ef81c4c93fcb78b4638539339461c0b6351531d	11
taxon_5722386f51953a8e5ee96fe326c86cd111284965217d6641b8723a0210f36da8	11
taxon_58c0e86eb29184871486abb326d19bd427a4e8314306962895b64aa6c40ba60e	11
taxon_5936e24f048017c9314fb12fb2f8e571eec2f88a8568cee484c1822ae7150065	11
taxon_59839487c6cd8afdfa53faeba0ff9b77b2063482f2b52ecf65e88e37c9894ae0	11
taxon_59e9a8589cec63e2771fde4b22df8136c8662b06bf440be01c4ccd3491f1a5e6	11
taxon_5a528dbbfe1aa47fdc94ae1197ea247ec009e4751de528769307f73a67a4e204	11
taxon_5ab406c23f1a2135d52f5955f23070a6353aa89a5608802be3b6a22bff84145d	11
taxon_5af59f25e18e4b025b17b674f9f1b2743203bf47f60f55ca8a32deb4ba8415c9	11
taxon_5b4033e59992ad749ad42556c0088f29d4d0ef68a398d37eda1b4d33073fd7fb	11
taxon_5be63aec57da1162364a850aa2588e0037d279adb77f7374c6fe1f4ec6ac2733	11
taxon_5e092eea0835c9d22c997ef8995e77a89de61ac2e10b4497dffcaaac7ed3d693	11
taxon_5e17054105c3089e7da0415807fd4ee0324a5c121222bdb8750729764946073d	11
taxon_5e3579c23f04d9ed53c9249a7dd6f86823d6cac4ef46a8fd5994d037877cf98f	11
taxon_5e35e87b2bd03e9265e7e1f5cd0197c7486b924976fc4555ff267b1cf87c4df5	11
taxon_5e9124a1f7372a0bf20d46eac23b09f61bec8e1f82ed08d32d317d62a2bd6e9a	11
taxon_5f53939820c845bca3eeb32343fe0cceae6461fc24dc4e65dea2a85048374e86	11
taxon_60010785a38ea2d796f69bf51e394d390628fa3832f3e656b30ad7bfcc844154	11
taxon_61625cc7689d4ca541fd127bfd7bb29e03d7187471b6e8e73d062c5ada15d926	11
taxon_61cc349bccd2f24fad1baa468961acf203a52b5da2298261f7b373296edae002	11
taxon_62125e2c4b4f7cba13384c33b902e274c3fdd98c062d2d29e772ed5970d1c0d5	11
taxon_6219101c0eff464aafcb95c41b0a983cacdd86130e22f0b104bf3eda38cbf0e0	11
taxon_62261e41e3a632726e611bf45e06f168d103a56465a78a8702e3f4ff0082ce67	11
taxon_639165586d57b4838d1d81b32fd3e5fc0fd2718cd80ef7dee8ed64bdd346cda2	11
taxon_647069cbd059564e860cd68441a2490eab8b35ed163bb384f922c3a17eff89ad	11
taxon_6491b85449625994e0b607492e87ac9de57ff053ea8b127305fa545494b762d5	11
taxon_65d8a2409e7ef40a8ddd5f28e512997c988481a401f0b9870b893c0aeb2d4637	11
taxon_671231a7ae07b80b59a5c265852df1a20f5e627dbe091a358e12072f77665b23	11
taxon_677566d33acc42a5d9e3fa91e41bfffe882dbddcd748431da01dd8654a7b039f	11
taxon_682cb790905b7614e22010594a5a255a1a3faa3b94e50ef047bf8aeb6a313643	11
taxon_687410b787b93204295fff70c77f3ecaeefde5b814a346027d19215809e1c39b	11
taxon_688b6499fe0876c46a6bdcd19176e53bc3960dbca75a36ea82301e153bfe79af	11
taxon_68cd6b0cc53c48a2bebf2fde4b47583b43f711c429107cb9390ff45f2caeb795	11
taxon_69bae5baf0ad3f86c1443e6b0efa201d27976dcb40f63c57fb5fbf5869b2975d	11
taxon_6aecee207211dbec34145c87f09afd1d54decf39286b7a7399b1534dbdfacd26	11
taxon_6b46d467e92d1a7f6bdd346e475ab5817faf4c8addc3c4f3ef9caaa78f7f98b4	11
taxon_6b50d1f3aee368937bada721a0b1b4c1b67ffc0be678c9cfd73996c922541a77	11
taxon_6b932d411892bf7bb9f6e7c26c3d41383cdfc41f266205fb11d2624b6b05c032	11
taxon_6c3a356a560b79b51843afff2f18c03a3ee37a0a4f315419e2134ab64c369623	11
taxon_6c5c8c42043e3631e35f09365cf14d87eace2344380e30d73de6b1edcda18713	11
taxon_6d305eef9569bffa4890f17950b18d707a99e2bf30710b483ccd2017c5aef2fa	11
taxon_6d3721e7f058e6799a7f448419bc38cf27dd855fee2299d430023a5efb9957c1	11
taxon_6fd67731dd0cc8a712e8fc0264e5c87bbba901e7cf787fd73fb097e319f1d1e1	11
taxon_7099abcddae6aca9bdf769b89a5117cb24bb96e06448740a9b8fc7b5d02bd76a	11
taxon_70e57ce813ada203d39f9cc2bc4835d31ddf8447aebb4dfaadfe0b466876dcb3	11
taxon_710585339d9c5920ad6db067d2a98fbe0f7c18e80cac9b1f0f61483bf94c02dd	11
taxon_71b426b4ca553b72787fa5ff99084a9ce1aa1c465f810358c3080da50a585090	11
taxon_7280b9d42d5f60d05d8f5c663ce627c144439a2a168a274c2824ff3419dc9de2	11
taxon_732a0937a911441bf683f8556bdb26c810600adda68452a760a3c12a6da9fe13	11
taxon_739ca617ac06faf586885f9a5b54e0a345648d2a1b4a3f7b74395208a8a9ce6e	11
taxon_7402b07d73871d227fd05d8c53b1f82cd88344249a7e8a50b3689764bc231cb3	11
taxon_74cd19563a2979b56aa0b1cb04424f3ceeca33d33d2b808d0e086bdbabfad9cb	11
taxon_750f15dee10c3a572ae31300eb12c14672252ea654fdcc65ccc3ec757b3f9e87	11
taxon_75473031dc4774ecd79d4d80dba55685e44a79c0c90b2aff263cd7431414ae0b	11
taxon_76504dc4bcd214bb11d911c9a42561d07cea861a95d6ea4d43beefbb1c75dbbc	11
taxon_76e11ba22538b36bfafa3bec4c277bdf14dcda4a4af9477a78db013ce85770b5	11
taxon_76f363b1bb89ba2339ecb3e11f3d27c29f01a4121031e74e1484939a831d874b	11
taxon_776badcdafde3021450a2e533de1008911015a350768616f782c41762f262818	11
taxon_77dc8bd0c99c8f1b7821ccebe2cbab7d29c7159e0de1b36c714173c5d188dcd0	11
taxon_77f452e9f4113b182d82df830d1301d1fae62b037d59725be9098bbbffc34835	11
taxon_782c8c4a7ff00c28a21f4b5654f2d5ce20683dc1adebb697a1e6d826137763f9	11
taxon_7896067fd2b3acdda0f4e73b49e5147cc4d71b18c92b40806c580122e048e982	11
taxon_792edb6557af651eab1cbb90cfc79747c2fc3098bc019a0c0da62947a04487ac	11
taxon_793dfd222550a036f75ce9bc56d13e158438faf3f60f96404be09a1f8967c09d	11
taxon_79726fabc1f4b9f5f932d0fdfd6c55b0083fef4d6ec7145615916dc9e82b0cc3	11
taxon_7994d0c25d66bb3def0bfa50f2118df8ac58e5942aa0ae9a80a6d8fbf019c29e	11
taxon_79953fe73e7e4f8d1118bbfd1bf825d8d2aceb9a6860797e24a71db61854ec43	11
taxon_79da699d4372b57e297986da7bd7cf8f657243ef6c5fd9d1014ce5bba672c87d	11
taxon_7a4230b0e1428558ee83601a2660aee640fee335652f3de01cb3ecc30dca3520	11
taxon_7ab24a15a51abdaf2f64b27d371094b8b3a54ebc908fd14499a62945534db6d5	11
taxon_7bcbeec727bdeb1d774d67e56b1a6fe6d8d6a1bcdb690ac3101df5d2766d1c4e	11
taxon_7ceb82d71f944137b460b5f8a4daea9dcda418a2e9437e285d39a67384d6dfab	11
taxon_7db418defc5681b345c9ad102023cc44a3fa96319b3d58eb146fb8d17601d9aa	11
taxon_7f002e1e052e4153ad4299f2652c9f9cef11ca24c4bca061a1f164e3ab74fc9d	11
taxon_7fd1f4a9f8db428c8e8eb91c6f2029c3d292ce2dd1993e67d58a74db52eb6661	11
taxon_8041957b05d7d673bf469cea285c388f4422295673bbeb389307cf83cc56ac08	11
taxon_80878f4cddfe554ca7c77184a1271e353e31daab0ad15c307352e251fe2eedc1	11
taxon_814beb1db2214150100bcc3b83e16b3d906dce55690a4d03c2d5f302e51a51a0	11
taxon_81c49082f4643dfcba22dfb515865e9ea34981923a9b09b404d26f7cb0b44df3	11
taxon_82bb3c5734c0503b75a5cd575541b2ff724a22508796a93aac410023107e3ba9	11
taxon_84dd8a1cd1f1cd2aeb80d9fba64e8305744eb863b69366bff7cf25a5a3f98309	11
taxon_860c94c5f312481d41c250494eaf7e480af02db7e31e173672ec868d63bf37f0	11
taxon_86b393d97abd48f5be241688a2c33ecee8877fc83a373060a492df0265974247	11
taxon_8751b16ad067680e87eec1769fd176f9cc66a02a31145122e77fd1a12495b809	11
taxon_88935a4bf2cb15f50c534dbde30df1e1c620642b56f6f29c0a8dcb7075c05d51	11
taxon_88c9d605e1b461f9231874215d76de5fdba34eb97c1cea2d36f52648174a33b7	11
taxon_88ecec85bcc11458b0d0d64d55c2e76261882d3b55203112916fc20af1d92fa0	11
taxon_8a09f703c9f31f6802f9d4d7e3d6c9cb7967c4f895e4aea951e1c6c39808f2cc	11
taxon_8af5209da8eadbece7fa10e3bc2b924e4b6d7431d47cd850e42092d1c1526b11	11
taxon_8bd7efafe100e1cdfb3203bec004f084687453c6216849422cdc80545c13cc67	11
taxon_8c17bcbeb67d90f1eee1cc67bdb1a1fa1a14318242173819b08eec31f2b9ecd4	11
taxon_8d4efc997eb5c856de2fad1fe5de10a1158dd5d0eaa755b9ea8729ddfc735300	11
taxon_8dd1330488e485be4db50455e47a135de0676f23eb8ab2fe66408caba0c34438	11
taxon_8de3f0d60c3c4aa6de8a8e2a80e44ce0ff8850f7fb5fea08b1580d053883e50c	11
taxon_8de90ade54d484979c53442c643d5bc656fbf81a2978a5590d943806b0f69621	11
taxon_8e1a7cd5c26240b8428ed0be5b48d7de5f3398c991ae5219c4fd309f603545a1	11
taxon_8e5be7d08073f68ba458a1c002901c17b19eec7e456bbf0af3759f3c4cadaa09	11
taxon_8fa50e4fa99d1ef292c8d9cf5a1a4bb945b6e1dfa3f3ae3563ad00a485cb5d27	11
taxon_904581de24284f4daa0e8eb3e900237aed4e36c0604ece2ceb3a1e211938fe64	11
taxon_913ed8f1540cf0cd83d2aa163790ae14f4fb7dbee02fee3ea044283b89ae8a33	11
taxon_916d555afbf346127a1cdf74dcd392b0d4a3d5f4f83681ee323e5191cbaf95ac	11
taxon_92d32ab73c3a0254868ba97a55a12088731b437df82cd73364e9bcd3b5b7dc01	11
taxon_96ede99e499a52e9c9694542affa2c3239a9f8c24525e9929faee9f96d82f542	11
taxon_973418a70a323e492bb0c3493a52348b138c85bc8ae4067337190cd5eba86911	11
taxon_97d81f405eab5644f8f8662ade9c9b97b5f4bbe6c296f0217368a03f9d1bec83	11
taxon_9859e527f977ce82ac9d4e8da9cda24778522e328d2669a69edf33691298a725	11
taxon_989934c0499abd5ecd77cfe384646001e66706e4b9afb4108df2c4198a523523	11
taxon_9970335a474728119d30b26578964a16220d6679afe24c09028a21f4ce89aeb7	11
taxon_99e6e86fb35222ad288a1ec7b10d8534a59fb6cc6a1e254678b8c37843248c0e	11
taxon_99e9a5e4c84fd8be47364419cf11f0aff89db80db8e3d3f47d71c1ae54bbb63c	11
taxon_9a27a84b3697f5617abe2ec2882796dfd4805eb668128b819a267be17ecf0626	11
taxon_9a426158be25f4e98a561cf2c366968c78e563f1f320ae8f81879eb0968bedc0	11
taxon_9a7cff56aec548af2e42f2bc6504208cc474e636794877f32220aa6115a57619	11
taxon_9b7b1acbaebc24af9270208e3cfce51587efe1b1259eefc2b024c10f9558dd1c	11
taxon_9bacbcc3bfd7ff1257ad60d7f71e09d24f693c348987c006f0b57baa5342bd54	11
taxon_9c777ca2b9092174a49b493916b0240193f839b062650c4f543a8b604af325c0	11
taxon_9c8e22a08860743ca27b1ce60db1b9da57574222dd795e6e38e55f8e5b623a07	11
taxon_9d31c4e91340e37f5e36bbd4bdca95fe8e9db038f4ed751d2c4639ccacbf6f9d	11
taxon_9d7e153735bec3ef730b7fc1708dfb8bb3acf865c1c1a54914449da6a8f01dae	11
taxon_9e0f32d537165dd0329c6cebdb41235c84356b64d2355f04a4a895e25b269c70	11
taxon_9e76ba3a8ca8a613cedcbea10b9c6c46be6e0f1b9a738278554a751423ecbc1c	11
taxon_9e8ae56e07386f5447f0dee06f3fca751ce496b2e7d30929d3e3b4fd8d093726	11
taxon_9fb25a8162de2fb47885e1fc05efce7180123726979cf4b900b05b887469a55d	11
taxon_a02ec60dc3298244ab4197d994a13ac5a351b9cb7e2ae55d972611f1b9eb0517	11
taxon_a0f1ff697d740dd8af764d40173da39cbedea542e1ae4a07e06245923a07d1d2	11
taxon_a34e60ba93a0c2f0fc778c07310faef6e3a71b995a94f8c4669c6ef247b503ca	11
taxon_a4a666d7ecf0f7783bcb39c87a9fe71bde670b3cc952363b80671ee46c3a6afd	11
taxon_a5339a436e545c292ded52b732a6b91ab14dd343c19dcced38d3613ed192f2f8	11
taxon_a5603760da5e5d34a386514579def351a8100c742112b03cbfd0f6e69cd94dd0	11
taxon_a5961d71833994a30d6ee15a1005af5c1f282bac6d2b6c4a173b66702a6cc36e	11
taxon_a634f235a0ed6df4d33d9c8a33ab56b97e861f81dc02bed778a8bf3b2ac95510	11
taxon_a6f049f266f22bab0d3f13a9c812ed5a23d75772d012a81015f2afbdb00656be	11
taxon_a6f28496a5e845e9becae4bf8b5315478ebd9db4dd670b54d3c5a7c7544f4138	11
taxon_a81f18f7cd681c0b011eadfc80b6e472c8fafeec33dec44c0aec8e1a9593ecc8	11
taxon_a88ec32241044872d3a249ae85ef40ee154f20ae108f67929acaf77da8949f8a	11
taxon_a95930fc6e121b4acf0862f71438ade53835d8f6b48833bf61c0031ed45c9864	11
taxon_a97195a53d9559a697d9fc0029d374dc6fa6a02b4e3547009d71a6c184a5acbf	11
taxon_aa334c33fb9390220feec734869ff17eb4fc9462518fda365e5f280804fe641c	11
taxon_aa75acd17d00008c566cfa170e4578d8988fb073bcec420325842279784d2776	11
taxon_abccc6b818f1130028a81db415e8a636cacb7473858161a0f559fd6401ffbb2c	11
taxon_abe49ecf104acc566c292e66c11e837d5df2f3e86a03b1a80ce55bfb2c298706	11
taxon_abf0589daedd1f308ea6fc1a0a7c828462ee2577dd8e7cdf7db93654b4196563	11
taxon_ac0d33ae4c12a50497ff7b65709b666dd54c293875e7e8d42eb69f45be1db68d	11
taxon_acd7fd3102062655220484398e55f4ed60415a6fc472809486ecdf24ded9950a	11
taxon_ade94b946ef7b967fb7e2fb23a9aeb305befdf69c378f7a4ef6e024cf3866679	11
taxon_ae5b9a9b5c9b8f66cd8ace52ca36930132ae60ad6a328abd04155b8bff093591	11
taxon_ae96e9d33078038da6aee6adb5438071b48de913323c968156db374d6d202ff6	11
taxon_aeaed60b9bf86c1479172a97f32be4cb246c3bf071c9b85aa4008d35d03ef58d	11
taxon_aff10b960a79dbf6a214142b760cd133159e71bfaa999319914fbe7ec9162dc6	11
taxon_b017c6789616527437a3fdb7049dd597a04ec86173e672fb6547077a49b0968c	11
taxon_b160709fa5276e459adc244390b21cd4f5d0d23fa99ad982de248d03a3fdb9f5	11
taxon_b23e986c8d4994fef4176a05922006159f9f56ebfcd1b91b60151cbbb3765409	11
taxon_b317944a94a2754a44d6eef235f213d5656630fa95bd47cb5c6f47aec5544a92	11
taxon_b34dbb4142c037367d84358a75600138de31641229b7f1ee827687e76e1cd006	11
taxon_b363bfc4dccb8684606bc1df0e395889b1c439fa5a0285725a62c3ec667bb527	11
taxon_b3a6d8b44dab29ddbb2566dc35114d1b87e9e181b205689c047458eb1ce961db	11
taxon_b3e81de28d1521d5631afbc6ffb0ab18e1955770902ff2fe2805e7a7f7dafa6d	11
taxon_b421c2a8410b71bc5954f5962265485a432567f1f8b47a5776e23c7fd4d26753	11
taxon_b508d13cc7e6752389bd34a9de5fef9351bab84236d2126d37dac720eb12e751	11
taxon_b555664d673afdbea8c610e62e1063f1f91130d78a99c53b84f034e58903d345	11
taxon_b5640ee2b115d95d8b303404d94df2d94eeb26783cdb84aadd1add58ac563ef9	11
taxon_b65b474ecf169e31b5f26922cbd78881b146553e4d1acb47b1da469b9af11640	11
taxon_b660556f1a3a49395ee4476888e16d8da93c8ed50d2a7f1779e4d8fd83674cba	11
taxon_b66fcee592b740ee8e733a2698b42ab0b56ddac7b58a6086a656b54af9767603	11
taxon_b68221d75958f5090c92a5665439966e56dfc88648aec3a3324a784d3ec3b9bc	11
taxon_b7efa9b2e74fed02601b0248a9c76c037478d0a928702ecb73202b7f82d85dfb	11
taxon_b89abc245c72d58203c5dc880abbc3a54ee4b86427c3ce391b93db05591fc887	11
taxon_b8a21811be5b42bfa1718a2940c91980f67047022b554bb9a9c86b0130a92d61	11
taxon_b90c25e7422d4db0d2515fc9938b1392efbe8c20cecbce9cc646d47d38e5c558	11
taxon_b92de66fd31052fdb665d058e4a790ff5f23672a50f2fedf4f52b1d5820865e7	11
taxon_b94a763dad0fb5e4b48160515752f1f92699606b4670867a847c9f3868db7e5e	11
taxon_b95798bb8dbdce60685ebcb4462c48dbd0890769b9aba09d57f86477c67922cc	11
taxon_b9724869bc7fe861bc9881f5cff37da29c747a83bd998a503489f4721626c268	11
taxon_ba07dbcae6b9ea5e502886ecb3b07b9194992e8840fe5636f50bc179af87d127	11
taxon_ba3a6a542c47ee22701e9169809601e47f7acd382eb0d91d62deade429b637af	11
taxon_ba496b5bd99e6a3fa56b21a29d01ad8a98dedb97af04d8decca8841ed429a0d0	11
taxon_bc3987f307bd7755ab43d1e7f6a5dcdf1412d3105e550b65176aa19acd325150	11
taxon_bc5bab9afc3410226bb4a072696f2dca0f0c9159bb7d16a1cbbecf98d6290cdd	11
taxon_bdbe2ea22735910d47ffeb8f3c33f1e425b94820b74fe901eaa7bd3247df2ddf	11
taxon_bdc51dcf412ae12b431cb55484e848d89937bb7e2b28d8aa21d44de09f19e750	11
taxon_be05c25abfea69073cef1076a6248634361672a52f40e511ca9df0ff3ff2d152	11
taxon_be49da1668e970e04430fdbb2669c35aec4f6349da8851f56212cac79a1249f2	11
taxon_be966740ab0e4417510e880077c3885875183d072bababafa425b3f19c27cfd5	11
taxon_beb70345228b1eb8d3f270a2ced55ffc92a841b391be13798f290ddb634c199a	11
taxon_bf0777e92c717a5191fdccab71ad4c6b45e252d7a452a2db12a38763def53d89	11
taxon_c018853d0352079e672c25d54160e2834229820673028180b615d14c387597b1	11
taxon_c11f6d2671d0cdcac7ccbad0225dff963f5f4b18214ff119232ce634ad549849	11
taxon_c152309ba6d909952dd4ea81317b75c668cd93af2bbade3a2ca2499d424c8fcf	11
taxon_c17ba0c6a2f3d9da3be5bf11bd598a68e487a007602cbcdd869d2d9ac97b04ee	11
taxon_c1917e7e2d6145237b98e6e3e046bcab30f9d0d31ac8f9697575358dfe228798	11
taxon_c23534c26f78a15af0ae371d33455622b5ddb93dd54a49b139998ee0df96b59d	11
taxon_c28e9d5763457cd1d41063e6d3bdfab5699558cb5936327f3de290ef5caeec20	11
taxon_c2ad5debf71d226818c33f14464c6e8c9127b7590bedb179ec471e56af1e35ba	11
taxon_c35a41b916f12c0a35a2fb684e033adf27ec7b422be808b1e6e7b2d04328c338	11
taxon_c3be6a7a8ca37750a18aa30f0f156f95df5f6c5bda2d54537602040d61d3bac3	11
taxon_c48579383ef833faf948a12393f19cebd61556d058d5129ff85c7d4f32798e2b	11
taxon_c64d7288934f56c0c9ca26ea6c08c474f80dda631d1b302dde4f28499f612434	11
taxon_c6f56daa05c61ec333a52579095c06b9426faacc9a857081d65a2dbc195dffe1	11
taxon_c77b18dca91f2f03b989fee7dd1c19b21693e8b5a8815afa2a7758d97e261271	11
taxon_c79b5512428d5e6863ea4ab79a782f1d348aec7eb2de64b830f8955241e08f28	11
taxon_c8076d4945c2a76f952f0d3d069991f9b98ba47eb7d06586f4f94bc1d7d84ba4	11
taxon_c84b693de9b68598535bbfd94ddfd3a043acad9693b74e659114f4adf83e1d50	11
taxon_c87512250b91960d15c70898c50921eda2c547affeafeb5e8c80ab2b31adc3a3	11
taxon_c87cc7df0bbddfb9c168146b721cc9196ebfda7ce60e7b454fd2c318537c75b2	11
taxon_c88bf0217f5f8517c56656e5db2d3e41374ba035db02af0113341bc2acf89d3e	11
taxon_c8910fab6592c5543e903fd7cacdcebfd151b15945db2738b61fa42e71ef9390	11
taxon_c93582c9e8a6623e9c2fb3ea2ede1b2fcc6681d0c7e3e6874bfe6b01fe18f01d	11
taxon_c98ec8349eece4d087f8587643fcdae60aacb5e5af014bf643eaac3cb8176967	11
taxon_c9b4c6b3d0f4a144ac6c97da7c63982401c4fe957a6770ad31e84207ff2c238b	11
taxon_cbdc87c5a9ea8a2dc9dc27f22331d255a6d479b9cdd7cf69436c7fdc76297da4	11
taxon_cc885d9c75018b87e898a8a524724460176c3200a88d001e89074f25ec741b6d	11
taxon_ce215798429fa841b78af469e8096f1cab819f221b8d86782ab781a8dc0b2cfd	11
taxon_ce92a236e715c34e2eb29d5187bc5f404d17d7be753634998f32113bbe6e95e0	11
taxon_d0a4c8c165c6f792655c5494fcc8f12b2f6fee8d904c4bd0224e382a706ecc74	11
taxon_d27618513298c6edae0069fc77f155e9a12aa6dccb3f81b7e3190c3117c413b9	11
taxon_d28bc79701bb2f8b263aa27b5114c3fc6b3370df4062ad1d3ea8fdef4ffde2fd	11
taxon_d319726ed6b5c38aba56dd21cd6f453efad67c71d7951278ef277a547191abac	11
taxon_d389b7119d6f65c4089ee7b943bc43e7fb79834cf17ca923462bb5156da7e361	11
taxon_d38e8c577a2bfde13b0a393a7734189a9520447ea588cf59ea9538998dbe77e9	11
taxon_d43d525742250059f0751efad253ba214b3cf129d0c8c2b2c8428d98f2c3bc40	11
taxon_d4d316e59800366d8b20995077af94259f3b12b5a5984c14fc8fd57ef61c5af8	11
taxon_d5070f12d047bcd92a754fa9adbd7bc6ed702f27fb7f6954baca83213217e671	11
taxon_d587c4767ac311b35ff4258eaee9abc377171d51afa8aa5cb2137d74338bf033	11
taxon_d5b3d29e595ca2fcfcecd9f872e2b1aaece0b9377d0eb3d225eb74a6a69942d2	11
taxon_d7ea2cdb4c67ec2ebe4447def42d5ba30fa82591b759b750e49c1d9ebab1f48c	11
taxon_d7f310d4548763c3b532e003c48466144da68014a0bc4b812d6a2f543db50f4e	11
taxon_d80fca513ad10eed14d8b9ff330115720985c3aa69a514027aff6d2d40846637	11
taxon_d80ffad1b7ba1c61578eb3e40498ee1b328c4663b2baa70c46092c970d23ebab	11
taxon_d87e4944e2196a48b8c7dd92de04a1065158919857ad01e00f8ca422e0c9a1db	11
taxon_d8e31828b58bed069dd482c42086f189417dba56c910130d69993f16cf81d51e	11
taxon_d96086d45c6bc223d0aa0c03bd77b71e133f269753697b817f0e29e5de211c48	11
taxon_da06a5721f664052778521ed9aebe20c3a4c3589aa68f9a2e9b187e6bd67b713	11
taxon_da1e42eb0998da5f75c9e0d7fd0b876fdcc4c1a2de5ee8a44588b9686b3193fb	11
taxon_db1ab6bcdce30aa6a023a28a875617a1af7a2756c5aec97b5bb92e33e1a37ffc	11
taxon_db2219018ab3b3cc268c607a23992862fa994c0a9665190cd243760aec3bf44c	11
taxon_dbbd20ab0e4311bd2a7dc9b3a8581888facb225166775130eba5a8714a296154	11
taxon_dbf76fc0f686a8d209be6e721d18e95f27b48ba3a2287ca102e735e91ab34547	11
taxon_dc5e658189b602f271bd42375c490e42e2550c6f9c8d4b9959d29c6ae8252b24	11
taxon_ddb6db7a123cfed28a33d1f24bdd608857f46992230e18f665750c1e51d22cc2	11
taxon_ddd6a37a7d1847f3ea43b34c706ca1872c7326c5947d69187166e66c7f47ebe7	11
taxon_dec8cb254dca591730b5d4f0dabdbb8f60390861b0d67462b9b1887d974b66b1	11
taxon_ded4ebe4872be3e335bc4ed4e427b4ddbc8e4b6375bb77aa66c72c7ea313c0b4	11
taxon_dee0208cbe69ce1b279887570a362288fd555fb75e7e170636d5eeeed16fa554	11
taxon_df426ad6f3b1b9059bcfe666273f291e2759feba14c62d22c772ea7838d96991	11
taxon_e01146f0b152eb1419d42a1b89fc70a79a3f3090a95d61395ad9ff432dc9b59e	11
taxon_e0595b9eef2b9cf15a1d893f3fad1a311a2f0ea6f1031c6ee48b6ae844c7b0bb	11
taxon_e0db21b9015f7a11a46f985ba6ebd78ece1a738f6be03bb97f6deabbc414a069	11
taxon_e1056d64b75b71d57373f96baf1691409f293770afd35450998edb30016addfe	11
taxon_e16c6222b244d8b084e5cd8ea29026a6cf0b16fafd83c09e37aac2c6631e1203	11
taxon_e1fd4f824d4a50d7f92a691cfbc07c68ccba90b51a0e16ed822693ef54608c7e	11
taxon_e28cff598ff989a6cb87983e478b849b615606ff9276b0ff7acfd4b62d722c81	11
taxon_e2e57bb67e6d4f033ca5de509db163d331b8e0c8bd4e2e1ce0fdc21e2bd34544	11
taxon_e2ec9957778cc468beb0a1ec71343242e446a00276403f6393743595aec98bac	11
taxon_e3cadd214a3db9369a34cebae475d6aa8f9bda1f986ef4bd418b188e1dff4906	11
taxon_e408e828fad94b84de6703f0e9ba1d03bd9aa8bfbc425324ee5a93f28f6e1b35	11
taxon_e437d648c3dc7425a422951f2124695ddcc7a6a1328b2de569f9545d412367c9	11
taxon_e62edd0892d0ac7dc94078d4f9e5f705ea12dc5f74cab228d200d7bcd6451d53	11
taxon_e7c8fcead4755158cee66f9a4c33febf22508772e16a8be3ab3f951b560ba995	11
taxon_e7f1d02fb85f7447d25d58719de596a353d33a439432b5b572281e93a4d0db73	11
taxon_e9e6a868a185bc1ec6144c45251cb0989c4888930796bf8598ea1bc3d6502b51	11
taxon_ea5173bac6da85fa3741fde77ec84bedce2668ba6e077a3078bfeefb11398eae	11
taxon_ea6cb450b2b972e45f23c5f69d48900488cf3c050e56104fbd2011334b5816e3	11
taxon_eb3ea1d179060cdc86a8248574e4a15877fa932d3b7de2a25c543e97a6cd45fe	11
taxon_ecc3c183f23ef6cc62070251733c9a28610fedb793111d0c431d1b76b15336b6	11
taxon_ed46c15304dedcbaccd9c512c48daf8bb8e2a795ca5be85a6d7f4d24a17b78ff	11
taxon_ede0fe851db3888f0ff73c4052be4da9ad0e59a9913fc459ddefd55e48ac94e3	11
taxon_eef006ce0c7e255adeafbbd76a56fba1c36deb699f83ea8cbed634039f37b670	11
taxon_ef7cc30a3080fab65ac51423225923db4572122f5c847cd4a8c26ae2c217cecc	11
taxon_eff7e9db34c973101d90e0968eb8df9e4908d7b95372b8672b138c781a96f1eb	11
taxon_f00386b4cd07d3f3972fab6023fe64dcb9ae11fa72d19159de8b82fdc60f2214	11
taxon_f012b0e5495769d2b95a95bd301e2e2eac8295a9973dfededf15bd7b396e145a	11
taxon_f01cf2fb2a283c89f9060f32de55a6f28fbe3e84c5f0a5b51ee74cea2a9b101d	11
taxon_f2de2a11d6487ffd90024028b8225ee22cb9f78959cfe2bc219da20ab7727652	11
taxon_f318d14f64e382b9fbef03349d1cb4c2628132cfe6970b49eade2baa70df6100	11
taxon_f3a46980a41ca2789bd5c430d1bfe078dd9d32adc5c87025d686f8a0e4112efe	11
taxon_f3cdacdf50c261e8e1f7637935f0cc13b7a3c429990e8d72044167e2af613b8c	11
taxon_f48d1a0036617b0f84da8ca44058db6ae5e91c77a769be847504845da9b091cf	11
taxon_f57126aac108ec0258a5684725d84a05e9a4ef1cbeea0d2ae385f230e03e8a94	11
taxon_f65e4c95f46686bddcfc94f7abdd49b78e72da6e46562aceafe19b69bb2b8fb4	11
taxon_f7945c83b8e977c173791e7f72cfec9406f0b44e5345dfdca1c44560dbdc0c1f	11
taxon_f7e4ef76f170122bb20c99b0d2a363dcddfa74744250335bef4f221392d19b3e	11
taxon_f850735cba7bef4e07284a12b8636306088f8856975af85f049033ff7cff58a1	11
taxon_f86f6ffe5dea0b2a3d94b262914bcc237e2d2ac882f07c90e607b2e784de2445	11
taxon_f8f9159f4d8b47517f2355f2e1107cee6c649ebe70bf5406fbff691d1561bebd	11
taxon_f9559fb64252e31a99e6484e46fb598840afb963ef4679bff2722da769297885	11
taxon_f95cda6d4258c4c0a35a36243f2b12e08111d2b7f519db9cb24645663c11da75	11
taxon_f9b069ed2082307d560f19c90425f4d57820bf1bf5ce51c56e9ea37c049a67ed	11
taxon_f9c5d6e558e0dfe9a66883a7992577e35d009293ced478f9c4ea861ab6d88590	11
taxon_fa3fea54e066aa7d1cb451865dbc99d11b7294d1766b5d150374e64a95fcc993	11
taxon_fab70732a4a504c2a857ee869b2dfcc5006f2d28db0a4928135a7f5cfcb60630	11
taxon_fba7aae7c3fb6d5cfa47aa6d71bfe6538b3632556692ccba6cf9df12f1020d14	11
taxon_fc7789aefd2dce8f7233d0b19f9e8cbe38d9040c33a89413618897c24141ec12	11
taxon_fcc59ac170fd924ab1e4dff0d6d1c2d11430bafd05be3e14f50d7c7fb3f30b43	11
taxon_fd27f2b451839073af75d845b2f1458500f64045db9c72341535a4270292d327	11
taxon_fd3c904318a8825ef60be3df127b7f404e7de54e01c082ee43782ab774260eea	11
taxon_fde4f8f5b8ecda0fb631e404105cbc386b0c6476206fe4b8eee46504953b7a09	11
taxon_fe5f26dd902efeac87301527fd9e0f0b2378a9b22b9857f73ddceca0ab4bdd85	11
taxon_fed631d44e3b4697ce15f9a34789bab38fcd261e512527d382a3f59144e9590a	11
taxon_fff4576906bd1ab6931a0069b7b9f542f081b63a66e72a92d59c29b27efe6e25	11
taxon_005f42a1adbf2aff686de9ce20aa5d670f9f4012bb4d2e2cf93fc1051a0e447a	10
taxon_005f77a3e7aa3797692ee4e68c95a8f0a860b4b2a235c230bed13d030c937d9f	10
taxon_00a21e583be5a2512bfe03f78f2fa36c2a7d85c4895aa9d745b8e1431fb13d95	10
taxon_01153b99357f734d93b6c30f08b534f53d8881a224661f7f9294083062503197	10
taxon_011bde6681e8b9a0a3a3c228cc56916c09d9b98bd7fc7e54b43dd7eba834100e	10
taxon_0151f90bcfb74450d424ee8256c56cf00dba472fb8a6eab49a02ca42d93072a0	10
taxon_021bd48f36eddc89373e4c0ffc6e8ee01fb27fbe2faef954b564817620c7001e	10
taxon_023582f5aefe81a0afacb27fe3e64d6215f80dfd1c2468bf170db7dba1e3c94f	10
taxon_02c8c6c15abc6f14d9805d08b3a7e19044760bd160a4dc7a78a0f6c204346b63	10
taxon_031bd2bf68201c0d5f784c78b2f4ad1d396e9bb4bc3ad7e119c7d2ef4bce2635	10
taxon_036600b9d29f46a1de45264382660781f978a4acd0431d43015c8f238f826264	10
taxon_036da9ec5621742cddf21b8c6b219cbbea09b3faf02d2d706d551a52e01a022b	10
taxon_04e4164b1568e097e5751a04bc909cbb0c1b8c50c118a92ba26764fc7686a3b9	10
taxon_05ebcebf0cc1221c09ceab652e5cb441ef7f2685b01f7d29036e5746fd4a4328	10
taxon_06bd5689484d1c9071406da472a350b063b6a98ea74caf5bd59b6499baf5d2ff	10
taxon_06def0444e386a55cfd90923ae04c62d7ae14278100d79429d12591beeb88d67	10
taxon_0837a6373c8319813765cc6e8199bbcc384e0222487602a4fed5518610df13a7	10
taxon_08b14bf1763749e3010e1dee0216d1eea940e6a797f364a0dac27485bca4ea0c	10
taxon_08e6dbf7a1dffdf49e8baa428167cf8ab54e6a3c340c93d6d047451902010ef0	10
taxon_0a6d72053939aa0c05f2b31aeeb0ef99512eeca47e9b1f53b27ba1dbee6828a8	10
taxon_0b28b30b709e6b975669a7546eece967636d101c5e9c53e33afa9cf0ab97ecce	10
taxon_0b3263d9561457fee96eb0a3e535deee48007bc6d09841dea6849ec2fd88e8b1	10
taxon_0b3f2fb7085ea8800de9a3b82569d9a046c75786756f12917e00c4e31bb58091	10
taxon_0c9581102f7ddfb8dc52728998ef37da3eba5b0207d5d93263782c2ac5f8aca3	10
taxon_0cb81dc23ec4e905156abf9ea48d57bb38ea34914a732e37412c831ae22b5f34	10
taxon_0d2af8f1e80b907ad29d370961a1c56c270c20997ffec81c0f4ba01e2f900ed4	10
taxon_0db1296bab49ff9264e164b96bbe623a41a7d4d7d3b54fbfbc21562afecedea2	10
taxon_0e009779830856f7425e07fa4c0a635b0b3bae1bf6c6b11fc30e472346fe5bff	10
taxon_0ed743db368b0ed45f0b2a9944e584bbe075f4e95568a568d53105a9426f05bf	10
taxon_0f7dd41ba19356f1821926868c78a326986f3b337eac28bf2a00e472de8901cd	10
taxon_1123a4fceb2a96a88b7d79c97045de8e9ffad4c4120879bfe2a50d03597f27e6	10
taxon_11553f4bf93275c638dbc84961db59db0a512362a17ee1850bd7e0dc53660b71	10
taxon_116755bae3ca9c69d0d5bdcb79be7fcee5ebc62cb73c69a64650be6612d96110	10
taxon_1224d242778fc6e1f302b9c74e7590629674a0a4257c97f466bb2633d6cb2a05	10
taxon_129a2fde5abbf88988513df5d5fac70e7554355e19a505d8489c89e0e7c501aa	10
taxon_13111557e17ed01a860a0956656cae701299252e2c853c82242c70d0bf05305f	10
taxon_13bc8e9f730e36ca40d4011ed62c228c15d80a48a42dcb21f2f72ddbbd1ec5e3	10
taxon_13d42b6501e96d8b33955a80ef407a8a60c3b68d086f494d82d496896beca024	10
taxon_149943d5c23b6b22ff269d67081a540c71f0f4d2c026a38cfc2af0e21d863e90	10
taxon_14e3d5c9bf978a55a58e51aa59db996b8d1c590fb749f36525542d60c453d522	10
taxon_150774b767c22979574145ec657c7ea55e8e9d4c3afba64fc7c8506e1391a30e	10
taxon_151a718cade3a9a1f1877a40a62131e8e746e815ad081446bd38b220ddf8882e	10
taxon_156820965219131e849d65ed033ab435c7982f4d67daf2f1208f2377ca13a79d	10
taxon_156db5649480f848880d75ed0bd3afe481a9ea0d72695e292705d0029cc210c2	10
taxon_15ca74fcf5703f51aef748fed2314e1dbbe06eac9c9b236a62b124e4b3d073d0	10
taxon_1683d286ac9b6ff55638bb379e0f66994c16a8579db3e67b88e5d4fa68d512f9	10
taxon_16d0c938bfa164af4f9d39326b9b6bf4cdf4df9b15aa83eba9daa3b38c5a3d80	10
taxon_171acafebac77fbacd4b7924f29b4d5fe682d06f1e7c4ba439acff2bf3cceb65	10
taxon_176848ec3eb1ffe595e4bd324aa9d80ebc8912b46fad88268ff013639d0ef48a	10
taxon_17a5c3a7a158d550f762f440f72ad6890abf560269f55821e2ef8a62c8ed6c6e	10
taxon_17bffc71ab2cd92bfb8e79d0afef3832cd7188efacb74d0dc03087a991a60413	10
taxon_180e53ec8c9184a6bbb3cbba3917c8febab09e47a2eaf903af455bdfefb2b7d7	10
taxon_18a701e6d49b11072f9ae3866cf5b1998fb83dd5302ffa105f02ee1318fd0f57	10
taxon_19f13ef401537d82f0a04c6cd191e687b6d52e89ad6b82276a5718b97c760f65	10
taxon_1c3bfd5eae15c9f7f72517967cf3f333d41d07b0cf179318409f8f7b716b5ba9	10
taxon_1cb6bc9e5c6e134d1d852a280b36f8718aac0aaefe6d72c2303b80c4c4da584d	10
taxon_1d03e61e3116cf78645997ff95de243cf4ae1c611e4c8550c8410c7c8aeac270	10
taxon_1d759d82aad3f71d4db243ef9142067e6ffacd587b09c2abd7d89539900670d8	10
taxon_208cc0da48c901ca767de1a6370677f1e6c26e6a55df61f4b09fd06899c42fe3	10
taxon_20a23af5271dab0c98d03598937b70c1ad057c2647a9a8a6f4933890202d6bd7	10
taxon_2100c7740e4c188946df65cceb9b38d1d88339d31b4bd2bc91638a7d83e90fbe	10
taxon_2163040a4833959898ea4b8c300d732a2030679e361f441940a249b7f8108380	10
taxon_21eba77662cd04d716c41687ffc98f0a4314ff2618f9c6938d50360cf08fdac0	10
taxon_226bb2191e7421a335af36dd406ab6b04f417c6a54daabfcefeb260c718bb54e	10
taxon_229f6f8cf1aa3e686854d4c1957341176f98c4f5e6ccfb10328880ca45c3d2c0	10
taxon_23055c50f1d1ea451eaa68bfa965986a45eadb0cefccbb03d38378a12829717f	10
taxon_238e1d8a5616559ba832ee0bf2c2ad12ac3ca03f6fae07b064712f3ac05958e2	10
taxon_23a29b4e9fcb4c45a0c23432616db30b162f4d77a41fc22979e63d211e083438	10
taxon_24e0f6a0c4bdf71a3bd693b14029fb5835cde0a0a24a9f06a407969e1d8fc022	10
taxon_251f31a57aebb74816367bb9c0a3af90c1a87c5994915f2052c2a62a558ee79f	10
taxon_260cb288ced190d8c96ffe0810394efd0e55a4be51ca46936c073d119dc3e8ce	10
taxon_2675b35a49eb18478dd9add4a34ab47d80a3427cd3c704049e84c12ff51df1f7	10
taxon_274502e9848cd957239299005dfa6668ec6f30d1153ad8d98c32e5a32ca2af61	10
taxon_277df95b8579d563427ec715be15ecae0689b6630dcf0e200cecc395fe837e3e	10
taxon_28252e9e346b74435378bf0b049de6171c90daa0d1ca546129419feaec0d54a8	10
taxon_28475dc1db939396aa48957b916cbd4b8eec391af1a511360811518b76067756	10
taxon_29ac65ac8722dea2914195afd6a648ff65e6bc1b8c34f9b089ac1f2a9f6a243c	10
taxon_2a260e5c29e7c921dee43b9ad33dd496dfd84193f80f878e77fc26a612fcafe7	10
taxon_2a5a2bd3e41b31d45d3944bb3d879266e310f69332341956ab03418edf51be4a	10
taxon_2a8d82283c5b2f91ba50f0719d3fd9967de66d2062000b315c394dba3eaea533	10
taxon_2ab15a3c236a8ade71fdc2515594086ef8f576b0734ac368f922bd0305a347d3	10
taxon_2b81ba8f5c9c7cb5733e9a5ca3835a115c2e1821c6b4e8f4de5b7f7fdf5002aa	10
taxon_2c3fd303e6bb6238bed8e0aed785666c121a2909343c5bf020c9e5123b91414f	10
taxon_2ce049aed0543b272485ea2df8ac2d7849719da5d604d8a1d89e80758c113dad	10
taxon_2d0276b71d9da7b0369165d7f4d94deab6515a0965887b3a23c94097cf38c095	10
taxon_2d3bb7d499766258047faec723d74d179ecf05968f8708237ef03877aa6f62f5	10
taxon_2d5829519beda7b58a880175f979cab2f9634347b7c7c2bd3331ca4885fc852c	10
taxon_2d8365e09fb2af3b17a05f2263529b76302b771d45a63f00a973b4001085ed42	10
taxon_2de557e513ef31fb2eb094b70d9f75392d83cc4057a1c5f4aabbb163589e62ed	10
taxon_2e4c1b4bb1afa54e42e1c58ba4f050e2f95eb3f8d9e952df791d180a4f208b5e	10
taxon_2f73e6c909c65ec5c1da740d6df576f3e6d043c331880eaa8dc7dd9d1321720c	10
taxon_2f9481a89a8084314bdae821716a83532460a022f1d9ea7c53d7a75bafa43e9b	10
taxon_2faf0e29af09b618c83400002e1fa326b0f4fb9db5e1bba79079020e8184e806	10
taxon_2fcd69f3f875fe7348095d6496a40878c37d09a8d471a7ec6254dec59c91f930	10
taxon_305ee29798392864d934e76d5c25aa04ee5e859ec5005f062f157dcaa38460e9	10
taxon_3078cd6a876bef7e8c83def6482ad8144d8f38f874cbe8ee3af0f4e00db61172	10
taxon_314947f2e88ba9bcdd5b32b5d2c623073e2fb556057455923a5fcf1761c648a8	10
taxon_3153095615ca3c604d3d47829cfee083effa9e324dab18582f9ae0e762a209d8	10
taxon_317c78b2df57f477ddde5e95072048d675a0a7832dcb1ee0df3e30e3f554c75e	10
taxon_321fae013f466fab9d1a7f4681337e279ba5b59ae086f756b6d121dd1688add9	10
taxon_32518655744da9976a7d6eb3f9b325effe55b8ad63c62a40ab2dbdf6ac862bd5	10
taxon_33851f7590603b2e1febc02d8ef477bf9ade7bce283f843ed68ea1d90c2262fe	10
taxon_33a3f5fed22ea62ba35de5dd83c2967e16125b94ea3f3087b75ffb4a77d585ee	10
taxon_33da16c048128e515f7d3d93e162291fe6bb15ccdb3547a961eed5c79dec683d	10
taxon_347b096ef91cfe9db1e1196adff650ef274e02643bb96fb92ecc021731dd28d6	10
taxon_352f1c1a3f0fc0cb651de126a98c563f4f6cea723ab280e91229b09c8fc1d2f6	10
taxon_359c363ee2da86bb5d025a47c0a3f0321494b2ebe9d1228fa2d0935f7210baa8	10
taxon_35b0bae14107eb535b8bcd2eea9e154906976e6cfcc0cf4c489946039c9ec12e	10
taxon_35c54154c18fdaf427a7fe081b02adfeb23869dd11156834eba4f0b14dc8c59c	10
taxon_361e9053bdbca252b8c4f680f6aa71e5f2bc35931985b4a5b351c1d0f78c0f43	10
taxon_3662505432af126143d5847bec64a148147b6928411fc3c090becde43b8e793d	10
taxon_36879cc7e02a529be7403d7005976373af9f474b8548d0f11ffd7c7da5c31539	10
taxon_36a4d4fb3d7f444867be2c2caa6a31ed9fc3cf2e232f35d04983e31a665c876b	10
taxon_36a4efd06594b5a96f2965739398efea6694fa23b907710ffe4de46f48561ba1	10
taxon_36e350e1efa5222fc56d966d743fbc13c28a874566b4a9b0a65e149e59444562	10
taxon_37c3dd5fdb4d09810337796212ae03b50838ca6704f2957f4602889a616e746a	10
taxon_37d0b3dd2198bf7289bfbf87f3570559a17efb02736dfe22d41771b994d03547	10
taxon_3870aa6d2eebe34aacb1cff85f6aa3a699230bdac2ecb16e79352f6324131ab0	10
taxon_39c0d5fb6d9f77e1ae8284063d6613c97a403e5ea3a30301536c56acdb603f5e	10
taxon_3a8070bd7c4f0208610a9e2ec0c9166ffe3cbcfba6d761a7bee797696a387ea8	10
taxon_3aa1982f33cdde767888f099ca51af12767417067317dab800ffba5cb2873017	10
taxon_3b34bdea5399caf1c10fe5b46067b1e0af7c595eb41cf1237abe1b0f750793cc	10
taxon_3b5187e088b13a550fa317f5b2d79c698fac5dfb023f42c3b9c0d2471f0a9a35	10
taxon_3ba2c88fb4d02206fbd6df301b28ba1e9fb1513e8cb92e1eb50d28697dbe480d	10
taxon_3ba4e16c4c6293022000aad36c8dc40d1b74fcc9839d9f894dd25438d665ebfa	10
taxon_3bd01c64f3a66ea7b7876156006fc14188d0a537f12380c67ca38df57c1a520b	10
taxon_3c07620135eb72fe1eea85911978394b4a22efd245c8205037424278fe1bef8c	10
taxon_3d984d8a5c44d8e972c3350439e9698d78dda71bf7bd3aa86d143f1e25352eb8	10
taxon_3eaf4daa1f9d9ebfa2ad85e7600f77dafecb1dc7a233f4bfdf99d2b3d839ad95	10
taxon_3f23be463ede0bc5ae6eb8d96776c60881849ab6ab9c7d1b63e2beb6693ea17c	10
taxon_3f89e5320e1030083ab437e4d98262f5a1aadc3162bfd97e2b8a978ec7c9ce23	10
taxon_3f986a45632242e1f012cf45062bb12949296214ba08eb59278a34720b766042	10
taxon_3faca7cedeb3d35878b759138b2081cf161ee04c8a5a9d293dfc68ca60dc6913	10
taxon_403381a7e32e4dd22d8dbef4650b39e33bcf677149692d828a600696d1b98622	10
taxon_409aa242d2f8d9578296def8f2090b9cd09e077b678578769e79848433ec294b	10
taxon_422745904409f209160035be4d85b29e4fd9ac03e97f6f90c379ad25353523e1	10
taxon_43191b5f2bb0334a683ac0a9e9914f0d21dfac3254e774d956d373d3b49f1de0	10
taxon_438d475ebac57c7a09ac8468a0e568dd4ea6a5e9d20d009fc7d9a1969613f1f4	10
taxon_4459498bfa313eae0a25d53684fcaf0e40557d1feb8db8a45e111fe7e1f439d1	10
taxon_4464ac6397e11480398279974f12455e563abc80d805086c2c2dfd35caed80b3	10
taxon_446b4888d43f9c1518d1cef1c6843614e311bdd01cd465384bba557d04a24a9f	10
taxon_44eed736782ab8225575efe887d4543377e4871b44bb53622aecab5a885673d5	10
taxon_4524ddb77ff05bc964b16086e5c06b09fe6121dd82f483b8b0f43661b17aa012	10
taxon_45f4f5381195e74825419d19f7bd51d85b58080c7d875db85528ca97ffed3371	10
taxon_4693829ace67407203a66d60cf29d00322f99ca3c729e0444b4bf54bdb3a65da	10
taxon_46d2001844ed4845c57428e48dcf82ca1bf86a6b88082f09d161344d115a302d	10
taxon_46f0fe6c3608ba2bc4904f3ee7cb87cc0cb57fd08791348775fd794bf18031ce	10
taxon_477dd425c9d048171ed644ab8c5c8d5843965d0083126bc72d2a21cba234cfac	10
taxon_47b353d2c59ebbc71bb7e769a008786cde769993dc9b96f99d81d6bda8fbc98f	10
taxon_4860fee4534c00d0b38539a784c1fde40990d269f664943950380ba7bc91ab4d	10
taxon_48e77ca88814a8b038947f74683b77cf0bf56bb8650d3be9da79248dadba3786	10
taxon_492b2e6313222e922358336f33d6b2c0eef12781c82e805733c20e4c1880fbaf	10
taxon_495065948ebe4fabbb2c8969e0d3dd6a375f43bf9d469f8510074574199d275e	10
taxon_497ba416313bbd52a1e30c00d24fa073f03b998fe7dfee5abfa2484592080223	10
taxon_4aa2bc5db368e647dab0c17e0c6303c49fa24d8b5cba2bac882f45bbb22cf2f8	10
taxon_4ad134d5c2af62fc9ff984e39efac44af49a0931cb13d9f66d6ef41a9c001a62	10
taxon_4b41c2c3d62910cecac9c98d8979dd0f5a457a7030ddeb4efc0683300188c1fa	10
taxon_4b469a440d826c2be05d3fe983b49f4a15053892b21e20ca42f7d759157ab577	10
taxon_4ba427091a611c3b7bb6dace85611a3f1e331a32fdc240ef404ab585bfd5b35c	10
taxon_4c8fdac9ab0e3a0c221e987f744f11d891e0f08bb63df601ab4c0a01af62b943	10
taxon_4d7296b63875e1947726af9efd7ace48517d8761cf97e330d5cd9624f74277ea	10
taxon_4dc1391ec5e7383d01c9fc189ae90cb81220fea3aac12d07bdc2b2d45a46e83a	10
taxon_4de61e65a6d0e6840174916a53b48db493573e60b9b105521a2bd461a5b59e96	10
taxon_4e20da7d8ab77d22ecdb567c5aaa06f2dd72e7a8d0eaff763ebd1d5d7af2237c	10
taxon_4e6e1b28905677796326f179b480b5a6e3eafd69a54186c97f468c5e4e27b2f7	10
taxon_4e71282594ed603cfa2c6bfb0dadf828c010856a5c3584b01316949c0bdfae7a	10
taxon_4ea5dccdf77a7cbb370e51600176a5b4da355895b99b94c1df0f959c363d3245	10
taxon_4f42a3fb37129e3d539c624fa17dc3fd631580b16ed7cb814d85dff3b0bee27d	10
taxon_50a7a8b89db84543f1d4beccf2d202c02cd923f70690ad3c30f5a595c2dcd8d8	10
taxon_51484727261ea4528f16bf11959528d0b29352f59e709b4e2f32feddeb2cd887	10
taxon_51750bfcdb2859bd5aa1d151ba94351fac00942e7935ee555e9c565a12f0ac1b	10
taxon_5176fc6d4298983b2c745402d666b7fa87104fcff4f288aa03e4770f9bb51954	10
taxon_525e6f1b989b949d1d55684c24d091bcf3a3009b434b2e80040ce59035de9aad	10
taxon_52e38bf73d8e7f50c492a0487508826ef482a7562c82ddb52d1928d82cae1d88	10
taxon_52f27b47ae3d031074b56a1bc607861ba3eadabadef6f279c7494fcf01574cad	10
taxon_533cbad1b8bcc7688ccec570b9c917819895f77db138a32493ee6a2e384ed2f3	10
taxon_53d6dd27db35361948f6f28793e3197984b452793443714de75066c1314cbb01	10
taxon_54cb9b08082371fd4d0aeb0382f67cc5672d8b68bc2e9b497b2cd9cfaa891c1c	10
taxon_54da4618d6c5ca9ddb5987f7f631ab6faeb7ccfe41c1995be4cff14edf81e624	10
taxon_54fc303b34f27bcaccb80364f3a42506d13b62d5e659945de87d8e0f4ea0c77b	10
taxon_5573359c451139affdeaaac5ff3b00ca219f793df30fe9499330802fc048c07c	10
taxon_55795ca15f63abd2ea8ec412b825d268531b37f926692d721ffa9427898612a1	10
taxon_57154b8aae9a501d363e1b8d6dbeb9f4881883b01f702a398811f3c8d240db27	10
taxon_574356d247d7b69ad5f7a13401899252ef796a06e5f9a5df1f166ed779a38070	10
taxon_57b53bd0f19b453644e829f08772e040ee77a86a2d90d64501b31fec660dfc4b	10
taxon_5911b8637038625f4a3c441e354c941280e04f223503f593d630f49ae7190be9	10
taxon_5920adcdb0da52ab9cbc7d7255b4ed43577d06da31015ff4e56b09629ef512f0	10
taxon_5a2b3ad4f0d16cad70a916cae40f180b60ad97120ec1a33e2c5e600642c27cf7	10
taxon_5a983d894235e08a843d3a7e43b09a9a96b1b7a0d38e8ad141e9436a673fcc42	10
taxon_5a9b12053227582ab169d907219d2f27d4e6821ed6c2ba640a2fbd47f9828d40	10
taxon_5ad4a37335ce5d907e29620df98f610070af10b4c062908298e51dc15774aef3	10
taxon_5b33f7965be775cdd0db436ba6f9aaa49fb168988a67fbd04039a4a5ec6ba2b0	10
taxon_5b8a1d227813d32bfa31b64bdc23889c3008159da27c37bd3f565bb800c6c270	10
taxon_5c062ed9b50f6269b1b20dedb1ffe847006b5091cd17f2b3797da11bfc7d0df5	10
taxon_5c7332e78310c8d2844be309e519d5c2e36169324228f25d7a425a67819d765d	10
taxon_5ca6cbee4b923d0a498af67e8bc79d0fc0608848bfda7f73ddfeaa6da1ad740a	10
taxon_5cc9417c887fa408b57d03b3beeb224cd0afe82271085fb479003b1161d5dc28	10
taxon_5cdd6d0786e0f944322d0373ac821fdf8b9c64cc5c55c6a88c52031de6a3be4a	10
taxon_5d0e16fbd4b7e4376c94bebed79f69b6a6e198ac54ab200ea36587d2fc75caa6	10
taxon_5d694946b93f34532ca88bc7f0cf6af1334cde8ecd77fb823c6128914ab0e28b	10
taxon_5dd285e6ca84506bdd0e23d33b99f2f19db056be2d5517def1d17102cd98b7ca	10
taxon_5dd63159ac5b9b7759313f27aef5d0d670ed9101df38815b7fa33571c3a97363	10
taxon_5e5143c3f107476beafc9cabcbaa3fc824c9b3792bd6d255dd47fd455120b291	10
taxon_5e5b1b07bd24d332d01fb9f6c94867d842f5d86c0a02b34d3dc1e635ff270371	10
taxon_5e78f05471cfea0c101a23d5f3c1176c5db69e2d7e32e2ee13e1d0aa8bad5a02	10
taxon_5ec11f486be4aff32053757948d45aa8a1482d2834770a5a59169600a0354357	10
taxon_5f7464c36ee078409b8534257c4d3d3d4e8937e3d841479f8daad2427d551b65	10
taxon_5fc087be3f2b2e8677f2278977a2b5ab2452b3c83eb4d1eada41eff86eaa0d0c	10
taxon_60b5c51485da68489c963b891e754394e463bd6b32fdef397b6290ff97c0c4fa	10
taxon_61437ca7d1420d9025c92a273310fdbe75b8c4074b013baf547f5af7ef45a02a	10
taxon_614ea815c04039a5ae20eb211b59b488d5bc69a546840b6c113e4b7627e60e7f	10
taxon_6152057d7036dd3ff57fd5be7b794af3d348df21ab917f0828e1c6f6929db8f1	10
taxon_62163f40b56bf32cbf3d4a2fd452cec023e0fb81d360e1ec97df3edf7a2467a2	10
taxon_621789e7bd32114ff4e5a28acfbadd22859c2493c002cf6c7a04099bcc286f1d	10
taxon_626028569d83626083dc6d36f1957ec1cf9a577d5a5b4c5540830fe7440b7127	10
taxon_627825c944621bc26c96788c0899ec20a24a9a6eb2e443b0688b398ba87bb8a1	10
taxon_62b91b0db149eb4b16807480739fa4e87d75e6af17eca15b6e0e4a3a2c4e5db4	10
taxon_62e88832dabed2678b3e45595ffdcc34a78ad5ec0f55962788a323ad17c9943c	10
taxon_640be414546401f6a26a22b9ac212cec6641690af0c7200fed1d01ea0decac65	10
taxon_6455660ec7e2468ed7c6d052a85eeb9cdd6045ab03b109c1d7085dce5465091b	10
taxon_647badfd2bbd05dc92da51a5c4609c1b1edf0fca24ed4680816dfaecf3ea404a	10
taxon_64c59cb8404fa90d675fd0fe7cebfaedf6482b049356f4346c5d730dc2762167	10
taxon_64ee6ef09755df5819c858f17572a1fe558c0773943282b804c5deff85b2f6f5	10
taxon_669d4698becb32359f920a968c0ec8e8b17af51c11f7f63d51921212fc93fb58	10
taxon_67c319bcb9d70289efcb3242a96aa88ed974faf01a0a847ddd39fb3b30337ae3	10
taxon_67d697fbed16a3e3e747e15f46c4ec820f688158a9e8f52b4924e315f8e83ce0	10
taxon_69739703cb62327b1a7acbe03226707d7c96b21617275ba13fb2abe2dd89be4f	10
taxon_698d18e95231abba78438dfcf96e258ae545bc94950acc6b595d8ef8512bd81d	10
taxon_6aa4e2092faf1281def68598fff1584b9683cafef5f2b0af897d977ecd7d0b3c	10
taxon_6b0244d1fcce87da7e4879cfdb7a5df56ef4c179d5b79b35920f11918216386e	10
taxon_6b23aa1136cc1c4f4af4a16e13d155d61ee615217c452fa99bb8a08735129b41	10
taxon_6cbe7577f1bc1bec8c6749d26d68f7fd9995bf01ba66821a2636e2e3c19a4099	10
taxon_6cd782e4e13b31d71dbce176ee16b7a6f128404a870b37e09d44742fe002c47b	10
taxon_6cf2e2b9d4ec48462678cf734ed5aa91271a19d5a23a2aa513c7d6f09accd178	10
taxon_6d8ec857e2cbd3777429e4726e9d5ea4e8c5627e870009bef4f0fe1259815a86	10
taxon_6da38a47fa20cc967aed0a150b6d0d8323d6cc6d67b51d03364ee5e9de976f0b	10
taxon_6dc6448677196d0d28d62b76422e485900592f7c3dcdb9e3c718228e12eb1ebc	10
taxon_6e6aac763537c25aca39cb9997d0b956fab31f30f23424e347cfb1a48f7ffa07	10
taxon_6ebd14ca1e8b01d76c6806bfb6f96e78630adca228074cadbc83095587454f47	10
taxon_6ec74132709bd4501e523873e431e43a8ebd715a0f5a3487d20e5cc78550b38b	10
taxon_6f2e86b6a781c241c0104ddf17574296419db27bedf0562f966e58f2ea7f46f9	10
taxon_6ff55b579ac9d05be611656a15648594374f8691463afba8adafa57982a7171d	10
taxon_701991f995a5670e6d3d9e67ae95b6d3a9b89c03a8c6410ed99533adcc3ff2ea	10
taxon_70341345b352503d6639c05365f37d78fb1ff8668ff3d897a77ebc5e0b585384	10
taxon_707eea06195bb9fa48b13452be3d6f2bd8f3bb847f098308ab986142033ba04e	10
taxon_70b8b794806cbd4af15cc6f4ee8c16876d1209a182f66e4aba355a48da48a69b	10
taxon_710699f6e16c5e1a148681bf539d334d3f19a000c3ff71a29dfbbcba58ffda95	10
taxon_710fcd4c0d8d11683de639bc7d7eb53c8f3285c68c72d84f7fdfde68408ef088	10
taxon_71736758d787c1c55d0f38fc62b7d1c67c44203ecd67dd87cb51516ac4bb8dd5	10
taxon_71d334155419474bc1d9a66c263a89906e72b8a2f585bdb3efb3a61859475845	10
taxon_72aa3ecd08382007a91d7f1bb705161b19c04edca615889f15c7ccec26bfe5ba	10
taxon_72e95c89510f3a2a9e30810b71b649e20b198489dc2e90497e23e6cab96dea0c	10
taxon_734e888245d8649257a171a992d1b38b542cb5ddd112705841b95f9de0df87cf	10
taxon_73ea64a113baf80ce2b8c3e1f063aa9803acbd48d7114591d2668328d38d0131	10
taxon_73f897d37bf7b5c3594f0848636f64bd43d46f5ac75ff001a88044516c4a1698	10
taxon_742cfc26efa5f2b074d56ad137c6f7df72a7be55ec55ccdc65744d7c226887cd	10
taxon_746bd73892d81c6026580fdbd6907e087da47f9b35db5038dbb79ce0db37dccf	10
taxon_768154a32906c0702e34e1bfacb6c40d1f03494450dcd228521818f7a33db34b	10
taxon_772a66dbd08ddb19e9966689d348de84db066239ab51e0a5a911db28f28b6aed	10
taxon_774c6294f63ef053d7be3304dd836b32baf35a237cd696b42584780854d34563	10
taxon_778fcf6c6f3818f43e54b2b65c759cb81aa353e46d2f12a5a0b278c1366dca3e	10
taxon_779d77337370b4a186f3bdc26c1bf4decddff30ae9650a377d83561b31a9b26b	10
taxon_77b5f56a3115f1477aed6d82a7119a9aba789ebafb36126f48d7bafd759107c9	10
taxon_780086f78e7f507b77eba3e4363b5e7940019e2ac3a440720fb29b51936fa999	10
taxon_7866ddbcaedf55676509ccde0f3fe9bedcfe8c2d04c3c2d15dc3dec8cd695ca1	10
taxon_791d8525ee30d921d5f26df7561613440045832ea4592769de80b449e44d3f36	10
taxon_7932793ed8bf091555f760cf167d01d3df99476050a2ff6c76cce5a1b5f0bb89	10
taxon_795d8c8427ddb059214ee4d9efae64be16449267011a2e11c6f8788f2ed9ecfe	10
taxon_7a7afb2282d918400d6eec34e26f74dba672eb405009f28e2691a25e8cdbf096	10
taxon_7afb96582ba317257058d17ed245614a78819a1eb3a9a54d8b2e5fad3e425f8a	10
taxon_7b3213c6419d418956975c918d79bf0fa6b5ad72a59c992da6243eb78e3f584a	10
taxon_7b7cecb2967b760a5f8328cd06839821c74913fb30480c76ba97abd34222eac0	10
taxon_7cd7c690cb4553caa95e1cdec2604c424d208bbef93aec442927f4ea308c50ba	10
taxon_7ce47971fedf4a80e8b156d830670a085451ca6335b315c8672df3c5de255b9d	10
taxon_7cfd7d8563bc517ccb870016d0a58aa2e0f5f028532bfce7a13e15f29aef7487	10
taxon_7d31f48107b0c48d5751ac97632d9033d36c8b2bd18219ff3b81f2f0a90a35b7	10
taxon_7e8bf34b330724ba051c29cf4ae320d543950c0dd2c27248e3611a855fbd5a90	10
taxon_7f719f78718d1b4b867ec4553cd3e5817c7aaa626ba5d52dec5933f3458699d5	10
taxon_7fd7fa7fadf1982677099cb97a4bcd74401ce0b1a3a5263c8a2e34dbdd8e9568	10
taxon_803975447c9f6b10f638db68cf57004f62949681e1084d7ef2fcbe8be5acd6e0	10
taxon_80a8cd68a7d504b64b83224165d0fce9042eb329000e884895ba177ad08f4c20	10
taxon_810aaab2de0ed0b086bcf715f5c3f1c2e51790409aeb582b728b35aeefdb5b8e	10
taxon_823d97cd12cd60d8c6e9213dbd0c149f7ce03ae8183a9cef54620a713219ce40	10
taxon_82833f2590f670c7376eae4e53be867bd809aeb2a3824d877d1b6820fe6ad479	10
taxon_82eb2f0fdb356fd69c7c9de4559ebd8c58e8a484c4f5848b54abb64b6db90487	10
taxon_83187465d25d0facf1ecf15807ee673975a93f419fe8410f3d2f8d7d9268c3ac	10
taxon_83f36d588199a92c0bb6929b3808265feb8fb5b7a9ff94f793dc4a233dc645f8	10
taxon_847747e29727208f3b5da1f02d8ea63aff4c78b806429875d406821de92edf61	10
taxon_84bb18e71c466e82be8d637ad1f8745bc01f7308d0a73bd29f720cb5397eb415	10
taxon_84bd433aff622b791b33d9b75170397b7aae57ca4c6ef6d7423861cb1d84259d	10
taxon_84c7058e581f4b85ff00d94f149edb9629857423a53d522cde144003ef72fbec	10
taxon_85320bb2df14a89aa763a9ec3c129ec32433764a6dc6084b3d5b51bb528db19e	10
taxon_853d670c22402cb711d5be56feeb2657a0cb0e5e22b9772280f61b589afe9e2d	10
taxon_85751e7baa3a4d5b1fa3797b5be4246a6dcbbe17cbfe5e96e1a57d8984d68d60	10
taxon_85f84dece0608938a495c1108080865b307e5bc7b444d424794744a0e8e43f14	10
taxon_865cc327213d8a80102cf2d15eb3395824d04c0c9c812e308a34073d790201de	10
taxon_8689d01f0cf486ce89c9e1bbd6338b9c7fe28215e5b3c3a8c1bdc44115bfbdfe	10
taxon_8745cc7f8542b1fa7685465de33496510a6695f170e25620225e2fe8efdf1a50	10
taxon_879a130a6b61ff3909b118fae39030293abcabd183c0d09b0dc8d24453057fef	10
taxon_879cbf9e89b77cc05255916e235d56a63a271cb25de6e4768e206b67597f3b92	10
taxon_87a85dc68c912f75fdaee80590e4766a9dcb267e93ff5f8eff331dbbd94d789b	10
taxon_88049f868a54f63f1e60b1c0a2a23fecdfde0c918111e444837cd149c4e8d57c	10
taxon_88ca2787813833e78ed3cae234a55431970798b14fa9bcc8849f6069d9649771	10
taxon_88f630a5df440d5aabb6c0ec5885251185e8aced0c60fb943e44d6c21c320284	10
taxon_894686f2b3cb2b0eeb204d56027dc4f2f071a6eadbfd72f80d7088f2bf3f3fee	10
taxon_896b1c1c8eac198f78d0bc14fe202df101260a165b21429ac8769f1fec1e3663	10
taxon_8ad29a3695860bb3b59a2cb633d9c9d131d475f68a79ab028a8e00b3ff930dcd	10
taxon_8c572ceaec891b37b5438545eadee110fe374bf6f8667911e985c4b2cf35e840	10
taxon_8c6f672f59933ad3341e3e89fda084fef5ef9936c579f1064f420bb0dfde7218	10
taxon_8d259703707e7d770f481dcae93dc5bd63ce0f76e9c34e5aed9236ff596995f9	10
taxon_8d6164d026fdfcd9aba1d0bc94d36ff5116e8e3676092d9039c9092b9f8ae331	10
taxon_8deae946c612da46b931e56eb81f479199ac39f9b5f74576f6e272ae1ecdc95b	10
taxon_8e01d5ce230679dce5a4ae8b2c919ed9e28c1e080a38784e6390674eeff8951e	10
taxon_8ef9be8babe9c65d4b8955557a4093543066614b9e3aa56a0c0ecdf1ab808a24	10
taxon_917e76b4b86660c19c6d9f62d3b5174b42189bf58c8cd989c2c385e423ecf4ac	10
taxon_918423e74eda603f2fbcbd3fb83ec89a4c7342f392bd9162de725af70585b879	10
taxon_93b440930ed032b12d73c21c9d2039ff1985bcade41819ed237a838fe22fbbb4	10
taxon_94eb6b52df39ce7afd31b325aa9bec22a4ca77db68ddf3346f522f20213833c7	10
taxon_95ebb243a565406cb9f0eae8efd71c47b3a2e6272c91e73010c71532da5fe73f	10
taxon_96034bf19805c44a2086b9e5e9a7ac5a366938f191e5f4338d5fc4f01afe5ff4	10
taxon_96bd2092895ac58b977ded89b7e95a49bd88d2e27823d34bbd07813a7d9708bb	10
taxon_97552523864481a7b37cdec5484c9720b1448ee58a5c84669d17cf83ea56102d	10
taxon_97e94b1f804715cfc4b7242d32e0790c4a0423e5a422587fb976344983f95f22	10
taxon_99bfee1fba2fd6d00a82a1447abf375d5e25d48da98c173310eeeb2c3de64e3c	10
taxon_99d0a815fa9b0f8d56df5bc55ef3e6c0de385ea8f79e2e9954822798a9d0318a	10
taxon_9a24bacc86ff95b91a619fe3cfa9c869c65be40f0c5717a5af3191d65308617d	10
taxon_9a5ce1a9b1334dbbdcebc043b8832ab7ec9afe4949f70e192d2590838c4cc3bc	10
taxon_9a6ecb64830e229aa00d2856f55ea014751a73e976d645db06b97be9d82b4b78	10
taxon_9b2ea01808f349bb77f9eb982073cefd336a314827a76c02086f9d33bc36db38	10
taxon_9c1cec71c909d0ed7a0bfd6ab75e21eb3c1fa9d4382720925e12aa14109ebbd5	10
taxon_9da1c7c27d90fdfe2f35213fd2ec39a23d008ab6ec99e84509ba490eb68852e9	10
taxon_9da509dd077387ca2083b6eeee2e27363dd34abd41d6a7d7cef665135e03f33d	10
taxon_9dda78704ce485f12010e6233e69e8169082774e5af725b4ef23f4e374ab4b0e	10
taxon_9dfd5aba6cea015bf736e28b96ee3d63a460cf0ba7349e25b44ddabb61fd241d	10
taxon_9e2e825a6e2187a9196e11245b3cfc1847bb1af4f56c32e35568aa2db8e5376b	10
taxon_9f3b3b0e3370e962bc2807c501aca6f3a2574db181b5c3486444807d4704f9b4	10
taxon_9f9ba4ca4729b2da51208cf1d97632f4e34af6937e0f2f39dc8d9711550c49aa	10
taxon_9fb13f8ac30a90452745822d695be6920ed3fc3992dfabd1607e1e4bb3f0edb0	10
taxon_a0394568bbe0df7b0e41f2776dc0228990ac71b4d3c48e14274bb6667b131090	10
taxon_a0fa5f93b35e4e8d5c933d5bac218a9cc4d57e552d44b06a4d6b1b37c024b6d2	10
taxon_a118baae4681be8e78b5436bed255e0d7b7be27560e9bac3a3dfa340545ce9c1	10
taxon_a17ad6b99c4c44be2c472f4f66a9d7c4a596cf856599287651f971c823730914	10
taxon_a193d6d47c917f0b60596766ded72c769c2ac27829d877b52ae8ce63cf771193	10
taxon_a1ff6f06842136feb432b3528a9f7b9c85ab78b0073638820c3ddfdb093a0e2f	10
taxon_a2c84f26b8df95824fe53f50a9ea738530f355619daefdcaf75079d192c28ed4	10
taxon_a303ea6803cb63376010b2f710bde8c97ff36e98f83f2956e1db69a1d1c59a43	10
taxon_a30fab2a25e690fe9865326eb00222288fc62df3d22113ef85633478b4a93d6e	10
taxon_a38b7e46b6e3bf09e5ccbe170e711382ca405c9c2c53cade161c16aa1208b9bf	10
taxon_a3a5239e409adcd5ad909ba5bffeddf76a1e86c34a1bdcd477d55e9e0e870b31	10
taxon_a4faa603009701587d36a33bb89455b3cf40762f4d31cf41da29994a709cb213	10
taxon_a4fad55037ba2f9d54758ef25f71d2a97c0416a1f2f506d0031307c5788bb913	10
taxon_a51a6319bce380342ed8aa4f3e220f61a889d504d452685ee3abcc50a6adb3cc	10
taxon_a57cd5971449fd0033fc7f5700935fef9ed1eac54969a2794eca8ffdccb4d65c	10
taxon_a59ccdf3f5e3055dee32e66433552633b0463d90dac9fb02d2bb781278e6cb87	10
taxon_a614571e85f6e68cb8648219300fd7b9493e14ed7bc8993726ac56dc5238d011	10
taxon_a633642aa99c1fe730345eff8ef3d6287aeed73f08c25dd53c77dcbbcd169224	10
taxon_a64ad7f8940a7fea0eb1aefa8aaa291ff660618bdfebbf259107ab8886229528	10
taxon_a691fc0d3bb1f44f7afcba547b82fe57775c1254dd90031e5d9e115b03bd6207	10
taxon_a7717d4b1a2aa37c4d4d7a79bed8f8b513c14a183f34b8d58d3d7627a2c4038b	10
taxon_a7c45d082d545bacd0ca3e2e2fd69ce76ca8749e41c009a48d6ff651f76a3b52	10
taxon_a8210ce492bc5e9719526a8d9f1fe9c41cd2a7dff66c2d65e953d114044750c5	10
taxon_a8351f82a6fae3c99e00fcf45a074f5a6a6c8a6f4a32c51807535c446325dab9	10
taxon_a8a6c90282bb0c401d380ec8cffe26ba680e42704faeae8aa92f2622906ee3cc	10
taxon_a9b37c2b97b44f733728e793c5c0450fbf991d2ae753cc6264f314f3b5fb34f3	10
taxon_aab1752db9a3c86a226ef57656e846934c631e1849bfd368006589d1ff0e5b43	10
taxon_aad55d522e268b8a9b7f278d432a895d4b80cdf751e7ef619d0ae018d300b892	10
taxon_ad81a78fd3a1db7b00aaecc3527cb67f6ec74e1e784bdb61030416c71e4010b5	10
taxon_ae055b5f01fe5553f2c59798cef151efd5ab93c35b6c7ff274ba710b9d861015	10
taxon_ae41c670cd0f6cd1bc3addedeb160b4269b14e8950fd5cd3e04ed0f2309014ce	10
taxon_afa5bf7ad510cf7ef6f6ca56c815b969ea2ec46616249189befab36a90fc522c	10
taxon_b0112809bdea2820c7731428e162d1ccbfefdabf27da37edcefb21cf8ee35f0a	10
taxon_b035a999b3ebd345a1cd248bf96e59dce9814232f6d620786afa721d9baee189	10
taxon_b0ef72154f0da80dfbcc985953cdd9295eb5baddbaa65c3bd942807a8409d30e	10
taxon_b11a8bf7f4572393ca115b569ac7183b09236c78ebcb4dd6966a89c71ab03922	10
taxon_b1345b8ef5f4c371823d78f56905215be97be1d91083009a51827e6c937c478c	10
taxon_b1600d67538c741270d16562420261f44aa71267d513c2c26d853bda60a2495a	10
taxon_b1ad5c1c333e243f7a6a028a789f87201ec61eafe78a8927426d13762c6368c2	10
taxon_b21b85256f552ab8adddbb3b257a81b9310d3954145894ad704a0b879a628f42	10
taxon_b2cf87a5601d70bc1040f986497accb745e775ef619804b4917d41dffa5af3ad	10
taxon_b444af139fded6bb714c1ae9be1e847ad2c6dc1a7b64aa3f357749956baf6fa5	10
taxon_b4ae75822307e1ad74b763402d87cdf1e5d6920bbc9ffb0a242ce5d950a02c83	10
taxon_b578262e57a22ad2af2d129e15dfb67e6620dbf6113121fdeb7e6c3a3664a25c	10
taxon_b586ae7dd170f1ed7da0fdd0602c9f4cb196d8702087663091349f37f544c081	10
taxon_b5fb39242fa14f3d7dd35b1ed7a9273a70eaaf3b274c1f3b6f4f21642577af77	10
taxon_b5fdb1577817a7a982a4eabe6d50f8f7e45b7654d7b23f921e4ac09d1c6f228d	10
taxon_b79d73db27024b27160449c547e6a0a741d98f32bd956eed38a7462c2fd684d6	10
taxon_b856d298cc409368db1401f834f6ed6bd767f6bd8eef3b9987ca50282a757f24	10
taxon_b85deea5a877b2f7ad9fbca8062f4cc60806032ce625998a7acf9b29e16f03fa	10
taxon_b86c007cb6f23c5e87a87750bc44c6acb23a05c2d5150c237ec3a1e468abc2b5	10
taxon_ba21bd6f0de051240dcb028d049474f18c3610b17d408b60c6521992c3207d0f	10
taxon_ba83a5089dd775362000dbac296e6462803e199de9ccdf0fde5717d3fa532457	10
taxon_ba9ee125e8fc712082c62eae1700280b6b163dfd75b19ca3c5e872bec149f575	10
taxon_bb569f19dbbaa61f059bde9e33f30533ac77e733f9ead978d0ca258113707c42	10
taxon_bc1207f2c783a9585f60b79865bd00cea8d7e56d9258faa5e637b502b44ff051	10
taxon_bc57f9c86d6ac322be32a6cd73a0939e4e1b6da82a85c728a2d1e6d77581a08d	10
taxon_bcd907521b8c411a97c59cfc5abe784b5ecbf48340e26b5a2d42a9df459bd333	10
taxon_bf30c71fac743d3dc0712ef1f255a97c1f27a0a4f912b836ec48d66f938afdc3	10
taxon_bffa351472a56e443efc09ceb9c6c9868e5ded66c0b7ece729a2941c3a8a413e	10
taxon_c03a70c50c5919a59c8f76824847704052ea9bb43c30cfe6da73ea1aee9634a1	10
taxon_c0766dd36dead4843e3a907175e83415314d66cad692aed2869e29fd509d5609	10
taxon_c0fccb15256e5d3a66e5a02a9cfed684b8f4614cd524e493e2f5a123492ef82d	10
taxon_c1ca40537ee047f252670fe373fa7322cf2f735c7872f68016df1395f93e0483	10
taxon_c2074f4a90e240d338143fa910888aed4b61aef9249d1b39a2c2805b5c8ea209	10
taxon_c3ea507525a06c9dabc5029a9f18b0c6f298b58e6aa9e6c159a4e799308ccdd7	10
taxon_c407ee63454c9292157e641fe6bf4c886f4fcd758b08e49f7a628f9c7a57de71	10
taxon_c4e4a468a9dd2c9f13651c834128ca12a11e77f72a2bfb426935485cd5e9ffbe	10
taxon_c4fc61cf45c1934f5b024ef625eb5029a269adc7508d5f1dbdd274323bf29ca7	10
taxon_c53d7dee7db1e7ca3aa5d6b15ec7b00a83c6b8f6c9b1802fa929cf6bae3b7a31	10
taxon_c7529338af972c73977d43388dc85fdfb06e554b9ace4004fb526518bf121deb	10
taxon_c76f2f909f6a49971642c10409d2dffeb3ccbc196340b358338f6076938a6112	10
taxon_c798b79b2c1ef6c1dd3deddfcb2dac66dbbcbea16bb1306133538f89dec52e4c	10
taxon_c848c6841e6c828859bc806d474c0b6db85d965bdcc711f42b223682e31aa40b	10
taxon_c8f07e4416cccba6d1552b7399cd1089f94973fbf8481b5a66d9c1f5b01b4a0a	10
taxon_c9ab5d33244ddc98ec59c77f0828249af60a911262458e5a5f1e1212f8b6fd32	10
taxon_c9e24f86a610b0171abe3b8987018dbadf116976d0555587616fcf9a59ac2472	10
taxon_ca28f79e291da306afc4b38c2461ae7e2ab2514e752c45fd28393269c820182a	10
taxon_ca97c8f1b0e426dbc49f127d81c04763ee0cdd1f61d734bd518160029d96ff37	10
taxon_ccb92929a0d1848799d21c0e0f63778de16855ec08b3267c9a760eeaa8772c18	10
taxon_cdb9a3f8f4e81cda1bb98cdd692bcbaa1e0e83a627cb171009ea248cb8d08456	10
taxon_ce011783752b0f063209b1095b9bebfd6db6807c89d7c330ca71b6f138b78dfd	10
taxon_ceeac39124f6a783cf1b4ca96a68d050b4b70a97a1d9bbabeffe1072373b7a9b	10
taxon_cf42a72d0a1eb1f40074d7ee8c063636cf7d80a701df6bbba68c96b48244e7c4	10
taxon_cf44a35ac4bb7a31d7c186ba2b61114a1947f4ae253acdf7ac8d361f8459d58b	10
taxon_cfbaa0e783f94051ee74b2ae8e35397e4b403adb0d2cab6e1811b1a4218326a9	10
taxon_d037b59b9353fd66202c8be68bb40e0cbdb60201d471179a4079ed7535aa11d4	10
taxon_d0aff458fa44f022961419f8f29c16da4cea320e3a18e3694193cac163f24d52	10
taxon_d1dd5e3598811bdb9c495431d40ea90e6f335365a282f653590016d84352667f	10
taxon_d239413b57af1fda4dedb61c80272f3af16c8859c84e30da1dea741a42f72628	10
taxon_d24315b90b00651e30daee77af4a1d641c352fa2e536cd7eff7e17a4a7105888	10
taxon_d26aa0b66f0241991167a59a1280a8dd2d14a7d8a635ee0af27554e6ec931b22	10
taxon_d285729fd10934e60a0ac6e0a7bad896a5285735638dee26e5818827f33dffba	10
taxon_d331fc640421bb9f9ea8adf5916c52994d71008d45be10eb47e0169420353b96	10
taxon_d347c26c8ec60e90fa6fe09877c1ad83efca97225139f889dc905428100d15b1	10
taxon_d38e1d3d10c0f4b6702f2652af214b7b78961494a693cb72b3a105a723a3613f	10
taxon_d392d0133ba50714461e41fc799f325cbf0ef43c8d910b16d8d887bdcb522794	10
taxon_d494204d647f873604ab80008a2cff604ec679498a2465de9279e24d0bafd56e	10
taxon_d4b9dc3d2bd73c246dd3073a8d0b7bbe7826b44a61dc15b93664fbbed165f525	10
taxon_d51575ffcdfdccb2c38d21ae5da1820fe0a19858ceb54dbff75c588925b8632d	10
taxon_d5efb95e69167dd5071f3848ef38b364e26b1ad4b149fc449805cc9a06093408	10
taxon_d637fbf8dc297bc32239cd91c93278ba18be7ac48098958c9f21250001c7400f	10
taxon_d6b2b23a8ba4b4cf19db71892ae62cb39bf3a35581b752553932f551ab32b668	10
taxon_d92ea17179c4774925780744098650cfc26584c9fafcd5d3383c3d16e849a43b	10
taxon_da72316da3bc257f0a2bbfcc2ab04975efb64939d881ddc6b9259a65892dd5fb	10
taxon_dc7a40da8ec086cca5646069b1177e7d98fc6763f7f58d719cae6da8724d1778	10
taxon_dd1525aa5c1747e3b623456a0909182d9be264de3c72559b2671354562efad73	10
taxon_de4c077f925536243259e2bfb8a69b89ab23eb499287c4ca104d355a69034ee2	10
taxon_dfb81dc10b0b6c205057d43fad3a92e4bdf8947dac11e6e6ceb73f2843641fec	10
taxon_e130f3c9abee249320a37ca98a56ea76c3ff82b853ef95388282b19013d09689	10
taxon_e1a5986589ca7ebf996c95275077bf837882877500c344bd0c4d613b47b979f9	10
taxon_e20af391700cb682dd1e31cb251eaa1e959106dab970b1276b6cfaa53fd854ef	10
taxon_e2136dd2dae5d67e5544fe672731ed17d05a8c1e0a43d29d357a92d745cb5ba2	10
taxon_e2fdffb3355d89f08e714ee163391f0505d2963ac2fc18d9202cb887ccead238	10
taxon_e42a97ed94a844df7131fccf09370313620426a66684f4e01bc39b0358fa5fda	10
taxon_e49273b74bf0ffbeb8e4878af25a8a3549c635568560b376083a13b2334689c3	10
taxon_e4930fe0bf8dc0bc61807729e0867020336b42d0b670999892b49ab0cb3e433d	10
taxon_e49469fa4ac59920885f00706ba715236034573819792c9894e9982676815d02	10
taxon_e5117252ed81cb0c200ea0b0f394a4234141af15f9fe003d7bff9bfde976c157	10
taxon_e54dc4be77c6259fb79162d41128c083577df40cb19eb05bef4ee35b59ff0f7a	10
taxon_e5973a75d5f7ea64cdd2bb2e8dacf4e279a8fbf76ee2e7380e9353f380e2582e	10
taxon_e606210f936807ac1a8e84e7f6a0a3443780e0ca85d39805f998b960b20b8c75	10
taxon_e64530939604fb3e80f2f21ffeb4296a74028ff280cc6c1b0bd9d34a9ee369f1	10
taxon_e68201fcf21b6ce6681453446d80a6877811f55dab187e8cc9c6b9acc39f3ea3	10
taxon_e75863136232e37033c310e83f80387197aa9527d39d3161cf654926c1c318d9	10
taxon_e7a03824bc2ecb866809e3c4f01cd81b2fd9cea011c90f6b79924c962a85951a	10
taxon_e7d2288f23183327b9ae30b1602b9fdb937a7756a5a575c2898978d324102a18	10
taxon_e7ecdc1db1fa729f76ca998d14ea4b2c90af1535387b5fd0bb5addae0fc2f087	10
taxon_e81d7fb025deb164d3279ab086be43447eb74f346a4dfdb3789b64ff01b6f791	10
taxon_e92ce49912b2d803c6ff5ecf50831c08dba017f745c685471c51a96dbce584f2	10
taxon_e93f6e696e22c2f189366474c4370c2f0564364e8eecc0cf6f8fe6f66199c751	10
taxon_e96e62b31ca1f5958acb1dd9d9c32eb30196aba2317a98cc6f817c64859ac667	10
taxon_e9b3a7e664a3107f135a5633be0ea468b709ab0de4d3ef0d48a8c3e35d59fb1f	10
taxon_eaa35a2c5b45cc51822d9e5863580e998a328ea2ebffc4019b1470a59c7eb84a	10
taxon_eb7abf26080ceb95e4ea7e6be0b3e866985875bced5d2c0c831c6ede8a0ee22e	10
taxon_ebd9abbf6d9bcb88b21fe3b062428468a3f10e77ad2561ee35bd88ef74f3730c	10
taxon_ec08f3970ac50b19f2c6f41799a577d076735be27d0ee595468e93af4f81f972	10
taxon_ec3e9e5d10a2bb272500a9389034f0c8626408a4da4952c9e37c23e89bc0ac29	10
taxon_ec4917d495f1d05c10fb61c97804d7bfe42d45cbb7a4c0767302991f8faf4bd3	10
taxon_ec77764ee64489276ea3e690edbd6929d2ef03996db31c5f92b454c897c286f3	10
taxon_ecaff8e0c4c8905146886fedc855c036d6e225450bce9cc746c5d254d0d3e477	10
taxon_ed27da2c9b8fe21282d3a426fb1149b375dad6331ba1b2756d141ad1f88355c1	10
taxon_ee586729b5f4e15dfe8a35a2f5efbfb604932b8d8c5a16c26a31554e3d9c86f7	10
taxon_ee7b316c0d069fc18f8be96372b206a0dd92334fae18697db6645dfd2a39a43b	10
taxon_eea667083a9bdae2532a3a927c729401e7e838863ea5186ae6e2fe7658e8490b	10
taxon_eeac0ade3d49669b7dd3dce8df93c65c30e7a2f085fd869d7eaa9c621c5181ad	10
taxon_ef3d4a26416fa4696e159defe15da19a496bc893c1b42f345c60d5e38a7e59fa	10
taxon_effc73132ffad7d84c3b170f2ada26ceb484396f016b098ffcbd11ed60449f4f	10
taxon_f01a9fdcbb931dbfc3a42de76439ac928722c89c7ac3957ecc4373d69a51e8c7	10
taxon_f0bfef5bd9145c0b0e0712034438942863cf380df0558f39a71112e6e147eca7	10
taxon_f0c0bcabc04f4ba192d794f1c0093be08803f9165c14288945ed72ca5c158080	10
taxon_f0cfa1cd1281a6084ce7731bb54d6de0ef7ea28dbca72b5297895b63b09e2f94	10
taxon_f0fa1d20e0ba98a74be4ece92911b8e6001210aaf50ef5d58bf86cec42e1bc52	10
taxon_f19c369823938fda6c6e77071625293a1ffefb86156f88fa32b6bdeba205474c	10
taxon_f1d41be94a47cb761bee7212e099df122411a46e6237c9ea74a593bc23f5c88f	10
taxon_f297829ef7c67877a005468dfa9b33818a8c48ee40b98d3868d7279c0600d84c	10
taxon_f38b098d76423a5337e1bc8cabdcdeab5a3cef268ffa41ba32eaca98a25aba74	10
taxon_f4155bf62da57d5f0a8fe9868b023a2efbe60ca92158fcfa9c2e96b995b279f2	10
taxon_f55d3ce4d46551b367047e7e805a44e6b6f8d488c2b36fde9d1fc9cb0c66d325	10
taxon_f5c9330ee3e74ba836f820276a92ef531783664ad52ef05a752768b400eb47df	10
taxon_f5c9d37c16edd94aef397cfcab3d0741e9de623e0daef77552dee58e30813847	10
taxon_f5d0a63fd55bb5c66e39ece078c0db4bbe0605e74b1310f17f0bc6e22db9ced5	10
taxon_f6291e9eef83b3c27fd926d93d7513e5e09f261d440c4375fda1f7f55b316eab	10
taxon_f68d0fc4d2c20e13805aee964b696113faec70d600475a421936a1aeb846b276	10
taxon_f734ad9fe7cf69407f4a527b78d77c13a285a630761d08c44dd2666371af4201	10
taxon_f73ddc1fb60439228a8880e1f54dee668bc05860e80750e513603c2aa08ea02d	10
taxon_f7cd29fa0da85747047d26a86298ee14cc020e74d73d56c655ce52ba346ba982	10
taxon_f88f6e3141842623b69206531aeb154a3d272639aefe9816cc60ca85b6d7ef47	10
taxon_f8e63907f0b9dadff34a29d2628dc8590efa76c407cc64a2d4ace022f7ba0b12	10
taxon_f9237fcc076882411a16c3974cc1e63f8d447f6b103e10d5837bc25b8882034f	10
taxon_f9faef95b40ff7fdfb365c8b5d03a3e500402d7afebf975757344246d423bf48	10
taxon_fa3bfea24037f2fe8f0ff2530e292dc2a52bbb79f6a8333dc9f446408cfed264	10
taxon_fa7e692cff3262247cd3a2a8ef87e733f6de9a08f83186be5d4be45960ad7fbb	10
taxon_fab4e5eefd1a388765ddb5266d8303f30bba1b6a71d3e07c15198bbf251aeaeb	10
taxon_faf9650af45cae544240ab5f144aa9749ab454286b95f739f958b491e4566520	10
taxon_fafeb9cbd0068bffccfb073937ff24c8c657094cd21bbdc1ebeea415384f9cef	10
taxon_fbb3c2859b1c162e163ef7acb73fe4fbf4d11f598ddf1f7ff55f69c102808206	10
taxon_fc20b804f87c73cd31cbe4ede5302a796986bfccc3c3915bc95fe0eba6083b28	10
taxon_fc75229481efa4e6bf1a45bdcbb8d9688c642bcedf286b39792ed4a85e0a00fe	10
taxon_fc9616a84555c27135329728c07460ed8a7b13c303ec07501cdef8c765ee1ae7	10
taxon_fd1c65be72d27cbd2bd619780f749d9fde7f01baa917025a9676d8436fd49835	10
taxon_fd311fdf86e71ba63af97fcec0f9be43d2e72bec9ea8443ce2f2d3f2cd103559	10
taxon_fd3664e72b57cb409aa631f8f09b0491fd426f4ee88973dba4ef39c336c54053	10
taxon_fd659e6d55b1eec3995f569bea53cb45d9baabefff1ec2ea62db3aa4ee4613b6	10
taxon_fd8403619a4a9aae97ccf66aa66bf7d6412066295389d076b4ce3c3a90cfefd9	10
taxon_fdde342c4622789e4c9461fe689bcb36ff59577944b64712af0df76f6e5b8baa	10
taxon_fdf4ec697e297919cc6498dda2727090e032c0937f90c55a5e95996bcbbbd1a3	10
taxon_fdf7ebcf4e632e7248cf0f16a89fe2df3a655b081f6d755fcc849df65594977c	10
taxon_ff394721658cca034ad2dd1675e84dd90d71d053587b9cd7f2933a6cd0f80bf4	10
